-- MySQL dump 10.10
--
-- Host: localhost    Database: biorails2_development
-- ------------------------------------------------------
-- Server version	5.0.22-Debian_0ubuntu6.06.3-log

/*!40101 SET @OLD_CHARACTER_SET_CLIENT=@@CHARACTER_SET_CLIENT */;
/*!40101 SET @OLD_CHARACTER_SET_RESULTS=@@CHARACTER_SET_RESULTS */;
/*!40101 SET @OLD_COLLATION_CONNECTION=@@COLLATION_CONNECTION */;
/*!40101 SET NAMES utf8 */;
/*!40103 SET @OLD_TIME_ZONE=@@TIME_ZONE */;
/*!40103 SET TIME_ZONE='+00:00' */;
/*!40014 SET @OLD_UNIQUE_CHECKS=@@UNIQUE_CHECKS, UNIQUE_CHECKS=0 */;
/*!40014 SET @OLD_FOREIGN_KEY_CHECKS=@@FOREIGN_KEY_CHECKS, FOREIGN_KEY_CHECKS=0 */;
/*!40101 SET @OLD_SQL_MODE=@@SQL_MODE, SQL_MODE='NO_AUTO_VALUE_ON_ZERO' */;
/*!40111 SET @OLD_SQL_NOTES=@@SQL_NOTES, SQL_NOTES=0 */;

--
-- Table structure for table `analysis_methods`
--

DROP TABLE IF EXISTS `analysis_methods`;
CREATE TABLE `analysis_methods` (
  `id` int(11) NOT NULL auto_increment,
  `name` varchar(128) NOT NULL default '',
  `description` text,
  `class_name` varchar(255) NOT NULL,
  `protocol_version_id` int(11) default NULL,
  `lock_version` int(11) NOT NULL default '0',
  `created_at` datetime NOT NULL,
  `updated_at` datetime NOT NULL,
  `updated_by_user_id` int(11) NOT NULL default '1',
  `created_by_user_id` int(11) NOT NULL default '1',
  PRIMARY KEY  (`id`)
) ENGINE=InnoDB DEFAULT CHARSET=latin1;

--
-- Dumping data for table `analysis_methods`
--


/*!40000 ALTER TABLE `analysis_methods` DISABLE KEYS */;
/*!40000 ALTER TABLE `analysis_methods` ENABLE KEYS */;

--
-- Table structure for table `analysis_settings`
--

DROP TABLE IF EXISTS `analysis_settings`;
CREATE TABLE `analysis_settings` (
  `id` int(11) NOT NULL auto_increment,
  `analysis_method_id` int(11) default NULL,
  `name` varchar(62) default NULL,
  `script_body` text,
  `options` text,
  `parameter_id` int(11) default NULL,
  `data_type_id` int(11) default NULL,
  `level_no` int(11) default NULL,
  `column_no` int(11) default NULL,
  `mode` int(11) default NULL,
  `mandatory` varchar(255) default 'N',
  `default_value` varchar(255) default NULL,
  `created_at` datetime NOT NULL,
  `updated_at` datetime NOT NULL,
  `updated_by_user_id` int(11) NOT NULL default '1',
  `created_by_user_id` int(11) NOT NULL default '1',
  PRIMARY KEY  (`id`)
) ENGINE=InnoDB DEFAULT CHARSET=latin1;

--
-- Dumping data for table `analysis_settings`
--


/*!40000 ALTER TABLE `analysis_settings` DISABLE KEYS */;
/*!40000 ALTER TABLE `analysis_settings` ENABLE KEYS */;

--
-- Table structure for table `audits`
--

DROP TABLE IF EXISTS `audits`;
CREATE TABLE `audits` (
  `id` int(11) NOT NULL auto_increment,
  `auditable_id` int(11) default NULL,
  `auditable_type` varchar(255) default NULL,
  `user_id` int(11) default NULL,
  `user_type` varchar(255) default NULL,
  `session` varchar(255) default NULL,
  `action` varchar(255) default NULL,
  `changes` text,
  `created_at` datetime default NULL,
  PRIMARY KEY  (`id`),
  KEY `auditable_index` (`auditable_id`,`auditable_type`),
  KEY `user_index` (`user_id`,`user_type`),
  KEY `audits_created_at_index` (`created_at`)
) ENGINE=InnoDB DEFAULT CHARSET=latin1;

--
-- Dumping data for table `audits`
--


/*!40000 ALTER TABLE `audits` DISABLE KEYS */;
INSERT INTO `audits` VALUES (1,1,'DataElement',3,NULL,NULL,'create','--- \nname: \n- \"\"\n- DataFormat\nupdated_at: \n- \n- &id001 2007-06-06 14:31:27.230904 Z\ntype: \n- \n- ModelElement\ndata_system_id: \n- \n- 1\nupdated_by_user_id: \n- 1\n- 3\nid: \n- \n- 1\ndescription: \n- \n- Data Format List for the system\ndata_concept_id: \n- \n- 29\ncontent: \n- \"\"\n- DataFormat\ncreated_by_user_id: \n- 1\n- 3\nstyle: \n- \"\"\n- model\ncreated_at: \n- \n- *id001\n','2007-06-06 14:31:27'),(2,1,'DataElement',3,NULL,NULL,'update','--- \nupdated_at: \n- 2007-06-06 14:31:27.230904 Z\n- 2007-06-06 14:31:27.276704 Z\nlock_version: \n- 0\n- 1\n','2007-06-06 14:31:27'),(3,2,'DataElement',3,NULL,NULL,'create','--- \nname: \n- \"\"\n- DataType\nupdated_at: \n- \n- &id001 2007-06-06 14:37:38.499748 Z\ntype: \n- \n- ModelElement\ndata_system_id: \n- \n- 1\nupdated_by_user_id: \n- 1\n- 3\nid: \n- \n- 2\ndescription: \n- \n- Data Type implemented in the biorails site\ndata_concept_id: \n- \n- 28\ncontent: \n- \"\"\n- DataType\ncreated_by_user_id: \n- 1\n- 3\nstyle: \n- \"\"\n- model\ncreated_at: \n- \n- *id001\n','2007-06-06 14:37:38'),(4,2,'DataElement',3,NULL,NULL,'update','--- \nupdated_at: \n- 2007-06-06 14:37:38.499748 Z\n- 2007-06-06 14:37:38.539284 Z\nlock_version: \n- 0\n- 1\n','2007-06-06 14:37:38'),(5,3,'DataElement',3,NULL,NULL,'create','--- \nname: \n- \"\"\n- Groups\nupdated_at: \n- \n- &id001 2007-06-06 14:38:15.049587 Z\ntype: \n- \n- ModelElement\ndata_system_id: \n- \n- 1\nupdated_by_user_id: \n- 1\n- 3\nid: \n- \n- 3\ndescription: \n- \n- User Groups registered on the current system\ndata_concept_id: \n- \n- 33\ncontent: \n- \"\"\n- Group\ncreated_by_user_id: \n- 1\n- 3\nstyle: \n- \"\"\n- model\ncreated_at: \n- \n- *id001\n','2007-06-06 14:38:15'),(6,3,'DataElement',3,NULL,NULL,'update','--- \nupdated_at: \n- 2007-06-06 14:38:15.049587 Z\n- 2007-06-06 14:38:15.235477 Z\nlock_version: \n- 0\n- 1\n','2007-06-06 14:38:15'),(7,4,'DataElement',3,NULL,NULL,'create','--- \nname: \n- \"\"\n- ParameterRole\nupdated_at: \n- \n- &id001 2007-06-06 14:41:08.872858 Z\ntype: \n- \n- ModelElement\ndata_system_id: \n- \n- 1\nupdated_by_user_id: \n- 1\n- 3\nid: \n- \n- 4\ndescription: \n- \n- Parameter Roles lookup to allow separation of data into a number of bin for fruther use.\ndata_concept_id: \n- \n- 31\ncontent: \n- \"\"\n- ParameterRole\ncreated_by_user_id: \n- 1\n- 3\nstyle: \n- \"\"\n- model\ncreated_at: \n- \n- *id001\n','2007-06-06 14:41:08'),(8,4,'DataElement',3,NULL,NULL,'update','--- \nupdated_at: \n- 2007-06-06 14:41:08.872858 Z\n- 2007-06-06 14:41:09.074458 Z\nlock_version: \n- 0\n- 1\n','2007-06-06 14:41:09'),(9,5,'DataElement',3,NULL,NULL,'create','--- \nname: \n- \"\"\n- ParameterType\nupdated_at: \n- \n- &id001 2007-06-06 14:42:41.550280 Z\ntype: \n- \n- ModelElement\ndata_system_id: \n- \n- 1\nupdated_by_user_id: \n- 1\n- 3\nid: \n- \n- 5\ndescription: \n- \n- Parameter Types , A little recursive as parameter types are defined with data elements\ndata_concept_id: \n- \n- 30\ncontent: \n- \"\"\n- ParameterType\ncreated_by_user_id: \n- 1\n- 3\nstyle: \n- \"\"\n- model\ncreated_at: \n- \n- *id001\n','2007-06-06 14:42:41'),(10,5,'DataElement',3,NULL,NULL,'update','--- \nupdated_at: \n- 2007-06-06 14:42:41.550280 Z\n- 2007-06-06 14:42:41.594133 Z\nlock_version: \n- 0\n- 1\n','2007-06-06 14:42:41'),(11,6,'DataElement',3,NULL,NULL,'create','--- \nname: \n- \"\"\n- Roles\nupdated_at: \n- \n- &id001 2007-06-06 14:43:10.404640 Z\ntype: \n- \n- ModelElement\ndata_system_id: \n- \n- 1\nupdated_by_user_id: \n- 1\n- 3\nid: \n- \n- 6\ndescription: \n- \n- Roles a user can take in the system\ndata_concept_id: \n- \n- 39\ncontent: \n- \"\"\n- Role\ncreated_by_user_id: \n- 1\n- 3\nstyle: \n- \"\"\n- model\ncreated_at: \n- \n- *id001\n','2007-06-06 14:43:10'),(12,6,'DataElement',3,NULL,NULL,'update','--- \nupdated_at: \n- 2007-06-06 14:43:10.404640 Z\n- 2007-06-06 14:43:10.443639 Z\nlock_version: \n- 0\n- 1\n','2007-06-06 14:43:10'),(13,7,'DataElement',3,NULL,NULL,'create','--- \nname: \n- \"\"\n- Molar\nupdated_at: \n- \n- &id001 2007-06-06 14:45:45.335009 Z\ntype: \n- \n- ListElement\ndata_system_id: \n- \n- 1\nupdated_by_user_id: \n- 1\n- 3\nid: \n- \n- 7\ndescription: \n- \n- Molar Units\ndata_concept_id: \n- \n- 26\ncontent: \n- \"\"\n- M,mM,uM,pM,nM\ncreated_by_user_id: \n- 1\n- 3\nstyle: \n- \"\"\n- list\ncreated_at: \n- \n- *id001\n','2007-06-06 14:45:45'),(14,8,'DataElement',3,NULL,NULL,'create','--- \nname: \n- \"\"\n- M\nupdated_at: \n- \n- &id001 2007-06-06 14:45:45.539023 Z\ndata_system_id: \n- \n- 1\nupdated_by_user_id: \n- 1\n- 3\nid: \n- \n- 8\ndescription: \n- \n- M\ndata_concept_id: \n- \n- 26\ncreated_by_user_id: \n- 1\n- 3\nparent_id: \n- \n- 7\nstyle: \n- \"\"\n- child\ncreated_at: \n- \n- *id001\n','2007-06-06 14:45:45'),(15,8,'DataElement',3,NULL,NULL,'update','--- \nupdated_at: \n- 2007-06-06 14:45:45.539023 Z\n- 2007-06-06 14:45:45.565452 Z\nlock_version: \n- 0\n- 1\n','2007-06-06 14:45:45'),(16,9,'DataElement',3,NULL,NULL,'create','--- \nname: \n- \"\"\n- mM\nupdated_at: \n- \n- &id001 2007-06-06 14:45:45.591958 Z\ndata_system_id: \n- \n- 1\nupdated_by_user_id: \n- 1\n- 3\nid: \n- \n- 9\ndescription: \n- \n- mM\ndata_concept_id: \n- \n- 26\ncreated_by_user_id: \n- 1\n- 3\nparent_id: \n- \n- 7\nstyle: \n- \"\"\n- child\ncreated_at: \n- \n- *id001\n','2007-06-06 14:45:45'),(17,9,'DataElement',3,NULL,NULL,'update','--- \nupdated_at: \n- 2007-06-06 14:45:45.591958 Z\n- 2007-06-06 14:45:45.622956 Z\nlock_version: \n- 0\n- 1\n','2007-06-06 14:45:45'),(18,10,'DataElement',3,NULL,NULL,'create','--- \nname: \n- \"\"\n- uM\nupdated_at: \n- \n- &id001 2007-06-06 14:45:45.641285 Z\ndata_system_id: \n- \n- 1\nupdated_by_user_id: \n- 1\n- 3\nid: \n- \n- 10\ndescription: \n- \n- uM\ndata_concept_id: \n- \n- 26\ncreated_by_user_id: \n- 1\n- 3\nparent_id: \n- \n- 7\nstyle: \n- \"\"\n- child\ncreated_at: \n- \n- *id001\n','2007-06-06 14:45:45'),(19,10,'DataElement',3,NULL,NULL,'update','--- \nupdated_at: \n- 2007-06-06 14:45:45.641285 Z\n- 2007-06-06 14:45:45.818872 Z\nlock_version: \n- 0\n- 1\n','2007-06-06 14:45:45'),(20,11,'DataElement',3,NULL,NULL,'create','--- \nname: \n- \"\"\n- pM\nupdated_at: \n- \n- &id001 2007-06-06 14:45:45.839030 Z\ndata_system_id: \n- \n- 1\nupdated_by_user_id: \n- 1\n- 3\nid: \n- \n- 11\ndescription: \n- \n- pM\ndata_concept_id: \n- \n- 26\ncreated_by_user_id: \n- 1\n- 3\nparent_id: \n- \n- 7\nstyle: \n- \"\"\n- child\ncreated_at: \n- \n- *id001\n','2007-06-06 14:45:45'),(21,11,'DataElement',3,NULL,NULL,'update','--- \nupdated_at: \n- 2007-06-06 14:45:45.839030 Z\n- 2007-06-06 14:45:45.865048 Z\nlock_version: \n- 0\n- 1\n','2007-06-06 14:45:45'),(22,12,'DataElement',3,NULL,NULL,'create','--- \nname: \n- \"\"\n- nM\nupdated_at: \n- \n- &id001 2007-06-06 14:45:45.884224 Z\ndata_system_id: \n- \n- 1\nupdated_by_user_id: \n- 1\n- 3\nid: \n- \n- 12\ndescription: \n- \n- nM\ndata_concept_id: \n- \n- 26\ncreated_by_user_id: \n- 1\n- 3\nparent_id: \n- \n- 7\nstyle: \n- \"\"\n- child\ncreated_at: \n- \n- *id001\n','2007-06-06 14:45:45'),(23,12,'DataElement',3,NULL,NULL,'update','--- \nupdated_at: \n- 2007-06-06 14:45:45.884224 Z\n- 2007-06-06 14:45:45.909826 Z\nlock_version: \n- 0\n- 1\n','2007-06-06 14:45:45'),(24,7,'DataElement',3,NULL,NULL,'update','--- \nupdated_at: \n- 2007-06-06 14:45:45.335009 Z\n- 2007-06-06 14:45:45.930233 Z\nlock_version: \n- 0\n- 1\nestimated_count: \n- \n- 5\n','2007-06-06 14:45:45'),(25,13,'DataElement',3,NULL,NULL,'create','--- \nname: \n- \"\"\n- Length\nupdated_at: \n- \n- &id001 2007-06-06 14:46:42.073591 Z\ntype: \n- \n- ListElement\ndata_system_id: \n- \n- 1\nupdated_by_user_id: \n- 1\n- 3\nid: \n- \n- 13\ndescription: \n- \n- Length Units\ndata_concept_id: \n- \n- 26\ncontent: \n- \"\"\n- m,km,cm,mm,um,nm,pm\ncreated_by_user_id: \n- 1\n- 3\nstyle: \n- \"\"\n- list\ncreated_at: \n- \n- *id001\n','2007-06-06 14:46:42'),(26,14,'DataElement',3,NULL,NULL,'create','--- \nname: \n- \"\"\n- m\nupdated_at: \n- \n- &id001 2007-06-06 14:46:42.168028 Z\ndata_system_id: \n- \n- 1\nupdated_by_user_id: \n- 1\n- 3\nid: \n- \n- 14\ndescription: \n- \n- m\ndata_concept_id: \n- \n- 26\ncreated_by_user_id: \n- 1\n- 3\nparent_id: \n- \n- 13\nstyle: \n- \"\"\n- child\ncreated_at: \n- \n- *id001\n','2007-06-06 14:46:42'),(27,14,'DataElement',3,NULL,NULL,'update','--- \nupdated_at: \n- 2007-06-06 14:46:42.168028 Z\n- 2007-06-06 14:46:42.364018 Z\nlock_version: \n- 0\n- 1\n','2007-06-06 14:46:42'),(28,15,'DataElement',3,NULL,NULL,'create','--- \nname: \n- \"\"\n- km\nupdated_at: \n- \n- &id001 2007-06-06 14:46:42.383236 Z\ndata_system_id: \n- \n- 1\nupdated_by_user_id: \n- 1\n- 3\nid: \n- \n- 15\ndescription: \n- \n- km\ndata_concept_id: \n- \n- 26\ncreated_by_user_id: \n- 1\n- 3\nparent_id: \n- \n- 13\nstyle: \n- \"\"\n- child\ncreated_at: \n- \n- *id001\n','2007-06-06 14:46:42'),(29,15,'DataElement',3,NULL,NULL,'update','--- \nupdated_at: \n- 2007-06-06 14:46:42.383236 Z\n- 2007-06-06 14:46:42.409339 Z\nlock_version: \n- 0\n- 1\n','2007-06-06 14:46:42'),(30,16,'DataElement',3,NULL,NULL,'create','--- \nname: \n- \"\"\n- cm\nupdated_at: \n- \n- &id001 2007-06-06 14:46:42.428207 Z\ndata_system_id: \n- \n- 1\nupdated_by_user_id: \n- 1\n- 3\nid: \n- \n- 16\ndescription: \n- \n- cm\ndata_concept_id: \n- \n- 26\ncreated_by_user_id: \n- 1\n- 3\nparent_id: \n- \n- 13\nstyle: \n- \"\"\n- child\ncreated_at: \n- \n- *id001\n','2007-06-06 14:46:42'),(31,16,'DataElement',3,NULL,NULL,'update','--- \nupdated_at: \n- 2007-06-06 14:46:42.428207 Z\n- 2007-06-06 14:46:42.453904 Z\nlock_version: \n- 0\n- 1\n','2007-06-06 14:46:42'),(32,17,'DataElement',3,NULL,NULL,'create','--- \nname: \n- \"\"\n- mm\nupdated_at: \n- \n- &id001 2007-06-06 14:46:42.621226 Z\ndata_system_id: \n- \n- 1\nupdated_by_user_id: \n- 1\n- 3\nid: \n- \n- 17\ndescription: \n- \n- mm\ndata_concept_id: \n- \n- 26\ncreated_by_user_id: \n- 1\n- 3\nparent_id: \n- \n- 13\nstyle: \n- \"\"\n- child\ncreated_at: \n- \n- *id001\n','2007-06-06 14:46:42'),(33,17,'DataElement',3,NULL,NULL,'update','--- \nupdated_at: \n- 2007-06-06 14:46:42.621226 Z\n- 2007-06-06 14:46:42.647714 Z\nlock_version: \n- 0\n- 1\n','2007-06-06 14:46:42'),(34,18,'DataElement',3,NULL,NULL,'create','--- \nname: \n- \"\"\n- um\nupdated_at: \n- \n- &id001 2007-06-06 14:46:42.666851 Z\ndata_system_id: \n- \n- 1\nupdated_by_user_id: \n- 1\n- 3\nid: \n- \n- 18\ndescription: \n- \n- um\ndata_concept_id: \n- \n- 26\ncreated_by_user_id: \n- 1\n- 3\nparent_id: \n- \n- 13\nstyle: \n- \"\"\n- child\ncreated_at: \n- \n- *id001\n','2007-06-06 14:46:42'),(35,18,'DataElement',3,NULL,NULL,'update','--- \nupdated_at: \n- 2007-06-06 14:46:42.666851 Z\n- 2007-06-06 14:46:42.692778 Z\nlock_version: \n- 0\n- 1\n','2007-06-06 14:46:42'),(36,19,'DataElement',3,NULL,NULL,'create','--- \nname: \n- \"\"\n- nm\nupdated_at: \n- \n- &id001 2007-06-06 14:46:42.711831 Z\ndata_system_id: \n- \n- 1\nupdated_by_user_id: \n- 1\n- 3\nid: \n- \n- 19\ndescription: \n- \n- nm\ndata_concept_id: \n- \n- 26\ncreated_by_user_id: \n- 1\n- 3\nparent_id: \n- \n- 13\nstyle: \n- \"\"\n- child\ncreated_at: \n- \n- *id001\n','2007-06-06 14:46:42'),(37,19,'DataElement',3,NULL,NULL,'update','--- \nupdated_at: \n- 2007-06-06 14:46:42.711831 Z\n- 2007-06-06 14:46:42.888279 Z\nlock_version: \n- 0\n- 1\n','2007-06-06 14:46:42'),(38,20,'DataElement',3,NULL,NULL,'create','--- \nname: \n- \"\"\n- pm\nupdated_at: \n- \n- &id001 2007-06-06 14:46:42.907929 Z\ndata_system_id: \n- \n- 1\nupdated_by_user_id: \n- 1\n- 3\nid: \n- \n- 20\ndescription: \n- \n- pm\ndata_concept_id: \n- \n- 26\ncreated_by_user_id: \n- 1\n- 3\nparent_id: \n- \n- 13\nstyle: \n- \"\"\n- child\ncreated_at: \n- \n- *id001\n','2007-06-06 14:46:42'),(39,20,'DataElement',3,NULL,NULL,'update','--- \nupdated_at: \n- 2007-06-06 14:46:42.907929 Z\n- 2007-06-06 14:46:42.934418 Z\nlock_version: \n- 0\n- 1\n','2007-06-06 14:46:42'),(40,13,'DataElement',3,NULL,NULL,'update','--- \nupdated_at: \n- 2007-06-06 14:46:42.073591 Z\n- 2007-06-06 14:46:42.955832 Z\nlock_version: \n- 0\n- 1\nestimated_count: \n- \n- 7\n','2007-06-06 14:46:42'),(41,21,'DataElement',3,NULL,NULL,'create','--- \nname: \n- \"\"\n- weight\nupdated_at: \n- \n- &id001 2007-06-06 14:47:17.723201 Z\ntype: \n- \n- ListElement\ndata_system_id: \n- \n- 1\nupdated_by_user_id: \n- 1\n- 3\nid: \n- \n- 21\ndescription: \n- \n- Weight\ndata_concept_id: \n- \n- 26\ncontent: \n- \"\"\n- g,kg,mg,ug,ng,pg\ncreated_by_user_id: \n- 1\n- 3\nstyle: \n- \"\"\n- list\ncreated_at: \n- \n- *id001\n','2007-06-06 14:47:17'),(42,22,'DataElement',3,NULL,NULL,'create','--- \nname: \n- \"\"\n- g\nupdated_at: \n- \n- &id001 2007-06-06 14:47:17.777447 Z\ndata_system_id: \n- \n- 1\nupdated_by_user_id: \n- 1\n- 3\nid: \n- \n- 22\ndescription: \n- \n- g\ndata_concept_id: \n- \n- 26\ncreated_by_user_id: \n- 1\n- 3\nparent_id: \n- \n- 21\nstyle: \n- \"\"\n- child\ncreated_at: \n- \n- *id001\n','2007-06-06 14:47:17'),(43,22,'DataElement',3,NULL,NULL,'update','--- \nupdated_at: \n- 2007-06-06 14:47:17.777447 Z\n- 2007-06-06 14:47:17.803191 Z\nlock_version: \n- 0\n- 1\n','2007-06-06 14:47:17'),(44,23,'DataElement',3,NULL,NULL,'create','--- \nname: \n- \"\"\n- kg\nupdated_at: \n- \n- &id001 2007-06-06 14:47:17.821780 Z\ndata_system_id: \n- \n- 1\nupdated_by_user_id: \n- 1\n- 3\nid: \n- \n- 23\ndescription: \n- \n- kg\ndata_concept_id: \n- \n- 26\ncreated_by_user_id: \n- 1\n- 3\nparent_id: \n- \n- 21\nstyle: \n- \"\"\n- child\ncreated_at: \n- \n- *id001\n','2007-06-06 14:47:17'),(45,23,'DataElement',3,NULL,NULL,'update','--- \nupdated_at: \n- 2007-06-06 14:47:17.821780 Z\n- 2007-06-06 14:47:17.995779 Z\nlock_version: \n- 0\n- 1\n','2007-06-06 14:47:18'),(46,24,'DataElement',3,NULL,NULL,'create','--- \nname: \n- \"\"\n- mg\nupdated_at: \n- \n- &id001 2007-06-06 14:47:18.014800 Z\ndata_system_id: \n- \n- 1\nupdated_by_user_id: \n- 1\n- 3\nid: \n- \n- 24\ndescription: \n- \n- mg\ndata_concept_id: \n- \n- 26\ncreated_by_user_id: \n- 1\n- 3\nparent_id: \n- \n- 21\nstyle: \n- \"\"\n- child\ncreated_at: \n- \n- *id001\n','2007-06-06 14:47:18'),(47,24,'DataElement',3,NULL,NULL,'update','--- \nupdated_at: \n- 2007-06-06 14:47:18.014800 Z\n- 2007-06-06 14:47:18.041375 Z\nlock_version: \n- 0\n- 1\n','2007-06-06 14:47:18'),(48,25,'DataElement',3,NULL,NULL,'create','--- \nname: \n- \"\"\n- ug\nupdated_at: \n- \n- &id001 2007-06-06 14:47:18.060152 Z\ndata_system_id: \n- \n- 1\nupdated_by_user_id: \n- 1\n- 3\nid: \n- \n- 25\ndescription: \n- \n- ug\ndata_concept_id: \n- \n- 26\ncreated_by_user_id: \n- 1\n- 3\nparent_id: \n- \n- 21\nstyle: \n- \"\"\n- child\ncreated_at: \n- \n- *id001\n','2007-06-06 14:47:18'),(49,25,'DataElement',3,NULL,NULL,'update','--- \nupdated_at: \n- 2007-06-06 14:47:18.060152 Z\n- 2007-06-06 14:47:18.085956 Z\nlock_version: \n- 0\n- 1\n','2007-06-06 14:47:18'),(50,26,'DataElement',3,NULL,NULL,'create','--- \nname: \n- \"\"\n- ng\nupdated_at: \n- \n- &id001 2007-06-06 14:47:18.105437 Z\ndata_system_id: \n- \n- 1\nupdated_by_user_id: \n- 1\n- 3\nid: \n- \n- 26\ndescription: \n- \n- ng\ndata_concept_id: \n- \n- 26\ncreated_by_user_id: \n- 1\n- 3\nparent_id: \n- \n- 21\nstyle: \n- \"\"\n- child\ncreated_at: \n- \n- *id001\n','2007-06-06 14:47:18'),(51,26,'DataElement',3,NULL,NULL,'update','--- \nupdated_at: \n- 2007-06-06 14:47:18.105437 Z\n- 2007-06-06 14:47:18.283569 Z\nlock_version: \n- 0\n- 1\n','2007-06-06 14:47:18'),(52,27,'DataElement',3,NULL,NULL,'create','--- \nname: \n- \"\"\n- pg\nupdated_at: \n- \n- &id001 2007-06-06 14:47:18.302911 Z\ndata_system_id: \n- \n- 1\nupdated_by_user_id: \n- 1\n- 3\nid: \n- \n- 27\ndescription: \n- \n- pg\ndata_concept_id: \n- \n- 26\ncreated_by_user_id: \n- 1\n- 3\nparent_id: \n- \n- 21\nstyle: \n- \"\"\n- child\ncreated_at: \n- \n- *id001\n','2007-06-06 14:47:18'),(53,27,'DataElement',3,NULL,NULL,'update','--- \nupdated_at: \n- 2007-06-06 14:47:18.302911 Z\n- 2007-06-06 14:47:18.330365 Z\nlock_version: \n- 0\n- 1\n','2007-06-06 14:47:18'),(54,21,'DataElement',3,NULL,NULL,'update','--- \nupdated_at: \n- 2007-06-06 14:47:17.723201 Z\n- 2007-06-06 14:47:18.350660 Z\nlock_version: \n- 0\n- 1\nestimated_count: \n- \n- 6\n','2007-06-06 14:47:18'),(55,28,'DataElement',3,NULL,NULL,'create','--- \nname: \n- \"\"\n- Users\nupdated_at: \n- \n- &id001 2007-06-06 14:49:09.096823 Z\ntype: \n- \n- ModelElement\ndata_system_id: \n- \n- 1\nupdated_by_user_id: \n- 1\n- 3\nid: \n- \n- 28\ndescription: \n- \n- User\ndata_concept_id: \n- \n- 48\ncontent: \n- \"\"\n- User\ncreated_by_user_id: \n- 1\n- 3\nstyle: \n- \"\"\n- model\ncreated_at: \n- \n- *id001\n','2007-06-06 14:49:09'),(56,28,'DataElement',3,NULL,NULL,'update','--- \nupdated_at: \n- 2007-06-06 14:49:09.096823 Z\n- 2007-06-06 14:49:09.316465 Z\nlock_version: \n- 0\n- 1\n','2007-06-06 14:49:09'),(57,29,'DataElement',3,NULL,NULL,'create','--- \nname: \n- \"\"\n- Administrators\nupdated_at: \n- \n- &id001 2007-06-06 14:51:30.206918 Z\ntype: \n- \n- SqlElement\ndata_system_id: \n- \n- 1\nupdated_by_user_id: \n- 1\n- 3\nid: \n- \n- 29\ndescription: \n- \n- Users with full Administration role\ndata_concept_id: \n- \n- 48\ncontent: \n- \"\"\n- select * from users where role_id=3\ncreated_by_user_id: \n- 1\n- 3\nstyle: \n- \"\"\n- sql\ncreated_at: \n- \n- *id001\n','2007-06-06 14:51:30'),(58,29,'DataElement',3,NULL,NULL,'update','--- \nupdated_at: \n- 2007-06-06 14:51:30.206918 Z\n- 2007-06-06 14:51:30.388386 Z\nlock_version: \n- 0\n- 1\n','2007-06-06 14:51:30'),(59,30,'DataElement',3,NULL,NULL,'create','--- \nname: \n- \"\"\n- Experiment\nupdated_at: \n- \n- &id001 2007-06-06 14:52:43.997921 Z\ntype: \n- \n- ModelElement\ndata_system_id: \n- \n- 1\nupdated_by_user_id: \n- 1\n- 3\nid: \n- \n- 30\ndescription: \n- \n- Experiments\ndata_concept_id: \n- \n- 24\ncontent: \n- \"\"\n- Experiment\ncreated_by_user_id: \n- 1\n- 3\nstyle: \n- \"\"\n- model\ncreated_at: \n- \n- *id001\n','2007-06-06 14:52:44'),(60,30,'DataElement',3,NULL,NULL,'update','--- \nupdated_at: \n- 2007-06-06 14:52:43.997921 Z\n- 2007-06-06 14:52:44.071195 Z\nlock_version: \n- 0\n- 1\n','2007-06-06 14:52:44'),(61,31,'DataElement',3,NULL,NULL,'create','--- \nname: \n- \"\"\n- Folder\nupdated_at: \n- \n- &id001 2007-06-06 14:53:42.674191 Z\ntype: \n- \n- ModelElement\ndata_system_id: \n- \n- 1\nupdated_by_user_id: \n- 1\n- 3\nid: \n- \n- 31\ndescription: \n- \n- Project Folder\ndata_concept_id: \n- \n- 51\ncontent: \n- \"\"\n- ProjectFolder\ncreated_by_user_id: \n- 1\n- 3\nstyle: \n- \"\"\n- model\ncreated_at: \n- \n- *id001\n','2007-06-06 14:53:42'),(62,31,'DataElement',3,NULL,NULL,'update','--- \nupdated_at: \n- 2007-06-06 14:53:42.674191 Z\n- 2007-06-06 14:53:42.716121 Z\nlock_version: \n- 0\n- 1\n','2007-06-06 14:53:42'),(63,32,'DataElement',3,NULL,NULL,'create','--- \nname: \n- \"\"\n- Project\nupdated_at: \n- \n- &id001 2007-06-06 14:55:25.076051 Z\ntype: \n- \n- ModelElement\ndata_system_id: \n- \n- 1\nupdated_by_user_id: \n- 1\n- 3\nid: \n- \n- 32\ndescription: \n- \n- \"List of all projects on the systems \"\ndata_concept_id: \n- \n- 49\ncontent: \n- \"\"\n- Project\ncreated_by_user_id: \n- 1\n- 3\nstyle: \n- \"\"\n- model\ncreated_at: \n- \n- *id001\n','2007-06-06 14:55:25'),(64,32,'DataElement',3,NULL,NULL,'update','--- \nupdated_at: \n- 2007-06-06 14:55:25.076051 Z\n- 2007-06-06 14:55:25.292532 Z\nlock_version: \n- 0\n- 1\n','2007-06-06 14:55:25'),(65,33,'DataElement',3,NULL,NULL,'create','--- \nname: \n- \"\"\n- Task\nupdated_at: \n- \n- &id001 2007-06-06 14:55:53.581614 Z\ntype: \n- \n- ModelElement\ndata_system_id: \n- \n- 1\nupdated_by_user_id: \n- 1\n- 3\nid: \n- \n- 33\ndescription: \n- \n- Task in the system\ndata_concept_id: \n- \n- 27\ncontent: \n- \"\"\n- Task\ncreated_by_user_id: \n- 1\n- 3\nstyle: \n- \"\"\n- model\ncreated_at: \n- \n- *id001\n','2007-06-06 14:55:53'),(66,33,'DataElement',3,NULL,NULL,'update','--- \nupdated_at: \n- 2007-06-06 14:55:53.581614 Z\n- 2007-06-06 14:55:53.626249 Z\nlock_version: \n- 0\n- 1\n','2007-06-06 14:55:53'),(67,34,'DataElement',3,NULL,NULL,'create','--- \nname: \n- \"\"\n- Batches\nupdated_at: \n- \n- &id001 2007-06-06 14:56:31.622249 Z\ntype: \n- \n- ModelElement\ndata_system_id: \n- \n- 1\nupdated_by_user_id: \n- 1\n- 3\nid: \n- \n- 34\ndescription: \n- \n- \"Batches of a compound \"\ndata_concept_id: \n- \n- 7\ncontent: \n- \"\"\n- Batch\ncreated_by_user_id: \n- 1\n- 3\nstyle: \n- \"\"\n- model\ncreated_at: \n- \n- *id001\n','2007-06-06 14:56:31'),(68,34,'DataElement',3,NULL,NULL,'update','--- \nupdated_at: \n- 2007-06-06 14:56:31.622249 Z\n- 2007-06-06 14:56:31.668244 Z\nlock_version: \n- 0\n- 1\n','2007-06-06 14:56:31'),(69,35,'DataElement',3,NULL,NULL,'create','--- \nname: \n- \"\"\n- Compounds\nupdated_at: \n- \n- &id001 2007-06-06 14:56:50.009825 Z\ntype: \n- \n- ModelElement\ndata_system_id: \n- \n- 1\nupdated_by_user_id: \n- 1\n- 3\nid: \n- \n- 35\ndescription: \n- \n- Compounds\ndata_concept_id: \n- \n- 6\ncontent: \n- \"\"\n- Compound\ncreated_by_user_id: \n- 1\n- 3\nstyle: \n- \"\"\n- model\ncreated_at: \n- \n- *id001\n','2007-06-06 14:56:50'),(70,35,'DataElement',3,NULL,NULL,'update','--- \nupdated_at: \n- 2007-06-06 14:56:50.009825 Z\n- 2007-06-06 14:56:50.052766 Z\nlock_version: \n- 0\n- 1\n','2007-06-06 14:56:50'),(71,36,'DataElement',3,NULL,NULL,'create','--- \nname: \n- \"\"\n- Request\nupdated_at: \n- \n- &id001 2007-06-06 14:58:11.717143 Z\ntype: \n- \n- ModelElement\ndata_system_id: \n- \n- 1\nupdated_by_user_id: \n- 1\n- 3\nid: \n- \n- 36\ndescription: \n- \n- List of subjects associated with a request\ndata_concept_id: \n- \n- 11\ncontent: \n- \"\"\n- RequestList\ncreated_by_user_id: \n- 1\n- 3\nstyle: \n- \"\"\n- model\ncreated_at: \n- \n- *id001\n','2007-06-06 14:58:11'),(72,36,'DataElement',3,NULL,NULL,'update','--- \nupdated_at: \n- 2007-06-06 14:58:11.717143 Z\n- 2007-06-06 14:58:11.756005 Z\nlock_version: \n- 0\n- 1\n','2007-06-06 14:58:11'),(73,37,'DataElement',3,NULL,NULL,'create','--- \nname: \n- \"\"\n- Plate\nupdated_at: \n- \n- &id001 2007-06-06 14:59:01.686803 Z\ntype: \n- \n- ModelElement\ndata_system_id: \n- \n- 1\nupdated_by_user_id: \n- 1\n- 3\nid: \n- \n- 37\ndescription: \n- \n- Plate containers\ndata_concept_id: \n- \n- 8\ncontent: \n- \"\"\n- Container\ncreated_by_user_id: \n- 1\n- 3\nstyle: \n- \"\"\n- model\ncreated_at: \n- \n- *id001\n','2007-06-06 14:59:01'),(74,37,'DataElement',3,NULL,NULL,'update','--- \nupdated_at: \n- 2007-06-06 14:59:01.686803 Z\n- 2007-06-06 14:59:01.724178 Z\nlock_version: \n- 0\n- 1\n','2007-06-06 14:59:01'),(75,1,'ParameterType',3,NULL,NULL,'create','--- \nname: \n- \"\"\n- Dose\nstorage_unit: \n- \n- \"\"\nupdated_at: \n- \n- &id001 2007-06-06 16:56:20.874074 Z\ndata_type_id: \n- \n- 2\nupdated_by_user_id: \n- 1\n- 3\nid: \n- \n- 1\ndescription: \n- \"\"\n- \"Dosage \"\ncreated_by_user_id: \n- 1\n- 3\ncreated_at: \n- \n- *id001\n','2007-06-06 16:56:20'),(76,2,'ParameterType',3,NULL,NULL,'create','--- \nname: \n- \"\"\n- Count\nstorage_unit: \n- \n- counting\nupdated_at: \n- \n- &id001 2007-06-06 16:59:17.134108 Z\ndata_type_id: \n- \n- 2\nupdated_by_user_id: \n- 1\n- 3\nid: \n- \n- 2\ndescription: \n- \"\"\n- Count\ncreated_by_user_id: \n- 1\n- 3\ncreated_at: \n- \n- *id001\n','2007-06-06 16:59:17'),(77,3,'ParameterType',3,NULL,NULL,'create','--- \nname: \n- \"\"\n- Inhibition\nstorage_unit: \n- \n- concentration\nupdated_at: \n- \n- &id001 2007-06-06 17:01:06.108176 Z\ndata_type_id: \n- \n- 2\nupdated_by_user_id: \n- 1\n- 3\nid: \n- \n- 3\ndescription: \n- \"\"\n- |-\n  A good example of usage would be the competitive inhibition, the inhibitor binds to the same active site as the normal enzyme substrate, without undergoing a reaction. The substrate molecule cannot enter the active site while the inhibitor is there, and the inhibitor cannot enter the site when the substrate is there. In this case, the maximum speed of the reaction is unchanged, while the apparent affinity of the substrate to the binding site is decreased (it means: the Kd dissociation constant is apparently increased). \r\n  The change in Km (Michaelis-Menten constant) is parallel to the alteration in Kd. Any given competitive inhibitor concentration can be overcome by increasing the substrate concentration in which case the substrate will outcompete the inhibitor in binding to the enzyme.\ncreated_by_user_id: \n- 1\n- 3\ncreated_at: \n- \n- *id001\n','2007-06-06 17:01:06'),(78,2,'ParameterType',3,NULL,NULL,'update','--- \nupdated_at: \n- 2007-06-06 16:59:17 Z\n- 2007-06-06 17:02:49.240110 Z\nlock_version: \n- 0\n- 1\ndescription: \n- Count\n- This is generic parameter type for animal counts and other such totals\n','2007-06-06 17:02:49'),(79,4,'ParameterType',3,NULL,NULL,'create','--- \nname: \n- \"\"\n- Identifier\nstorage_unit: \n- \n- \"\"\nupdated_at: \n- \n- &id001 2007-06-06 17:04:24.759261 Z\ndata_type_id: \n- \n- 1\nupdated_by_user_id: \n- 1\n- 3\nid: \n- \n- 4\ndescription: \n- \"\"\n- In the case of non managed inventories this provide a reference text or barcode used for identification\ncreated_by_user_id: \n- 1\n- 3\ncreated_at: \n- \n- *id001\n','2007-06-06 17:04:24'),(80,5,'ParameterType',3,NULL,NULL,'create','--- \nname: \n- \"\"\n- Compound\nstorage_unit: \n- \n- \"\"\nupdated_at: \n- \n- &id001 2007-06-06 17:05:07.444616 Z\ndata_type_id: \n- \n- 5\nupdated_by_user_id: \n- 1\n- 3\nid: \n- \n- 5\ndescription: \n- \"\"\n- Lookup of a compound reference, dictionary driven\ncreated_by_user_id: \n- 1\n- 3\ncreated_at: \n- \n- *id001\n','2007-06-06 17:05:07'),(81,6,'ParameterType',3,NULL,NULL,'create','--- \nname: \n- \"\"\n- Plate\nstorage_unit: \n- \n- \"\"\nupdated_at: \n- \n- &id001 2007-06-06 17:05:46.893830 Z\ndata_type_id: \n- \n- 5\nupdated_by_user_id: \n- 1\n- 3\nid: \n- \n- 6\ndescription: \n- \"\"\n- \"Plate reference, lookup based Plate Id \"\ncreated_by_user_id: \n- 1\n- 3\ncreated_at: \n- \n- *id001\n','2007-06-06 17:05:46'),(82,7,'ParameterType',3,NULL,NULL,'create','--- \nname: \n- \"\"\n- Subject\nstorage_unit: \n- \n- \"\"\nupdated_at: \n- \n- &id001 2007-06-06 17:07:05.092854 Z\ndata_type_id: \n- \n- 5\nupdated_by_user_id: \n- 1\n- 3\nid: \n- \n- 7\ndescription: \n- \"\"\n- Generic lookup for the subject of a experiment may be a compound, tissue , treadment group in use depending on the study.\ncreated_by_user_id: \n- 1\n- 3\ncreated_at: \n- \n- *id001\n','2007-06-06 17:07:05'),(83,8,'ParameterType',3,NULL,NULL,'create','--- \nname: \n- \"\"\n- Rate\nstorage_unit: \n- \n- rate\nupdated_at: \n- \n- &id001 2007-06-06 17:08:52.732432 Z\ndata_type_id: \n- \n- 2\nupdated_by_user_id: \n- 1\n- 3\nid: \n- \n- 8\ndescription: \n- \"\"\n- Rate for radisotope used and other places with are managing counts per min etc.\ncreated_by_user_id: \n- 1\n- 3\ncreated_at: \n- \n- *id001\n','2007-06-06 17:08:52'),(84,9,'ParameterType',3,NULL,NULL,'create','--- \nname: \n- \"\"\n- Duration\nstorage_unit: \n- \n- time\nupdated_at: \n- \n- &id001 2007-06-06 17:09:57.092711 Z\ndata_type_id: \n- \n- 2\nupdated_by_user_id: \n- 1\n- 3\nid: \n- \n- 9\ndescription: \n- \"\"\n- Duration for managemenrt of delta times and other time points as numeric values.\ncreated_by_user_id: \n- 1\n- 3\ncreated_at: \n- \n- *id001\n','2007-06-06 17:09:57'),(85,10,'ParameterType',3,NULL,NULL,'create','--- \nname: \n- \"\"\n- Length\nstorage_unit: \n- \n- length\nupdated_at: \n- \n- &id001 2007-06-06 17:12:28.181902 Z\ndata_type_id: \n- \n- 2\nupdated_by_user_id: \n- 1\n- 3\nid: \n- \n- 10\ndescription: \n- \"\"\n- \"Length \"\ncreated_by_user_id: \n- 1\n- 3\ncreated_at: \n- \n- *id001\n','2007-06-06 17:12:28'),(86,11,'ParameterType',3,NULL,NULL,'create','--- \nname: \n- \"\"\n- url\nstorage_unit: \n- \n- \"\"\nupdated_at: \n- \n- &id001 2007-06-06 17:13:05.422252 Z\ndata_type_id: \n- \n- 6\nupdated_by_user_id: \n- 1\n- 3\nid: \n- \n- 11\ndescription: \n- \"\"\n- Reference url\ncreated_by_user_id: \n- 1\n- 3\ncreated_at: \n- \n- *id001\n','2007-06-06 17:13:05'),(87,11,'ParameterType',3,NULL,NULL,'update','--- \nname: \n- url\n- URL\nupdated_at: \n- 2007-06-06 17:13:05 Z\n- 2007-06-06 17:13:42.604716 Z\nlock_version: \n- 0\n- 1\ndescription: \n- Reference url\n- Reference url for futher information in external context\n','2007-06-06 17:13:42'),(88,9,'User',3,NULL,NULL,'create','--- \nname: \n- \"\"\n- demo1\nupdated_at: \n- \n- &id001 2007-06-06 18:16:18.605761 Z\nrole_id: \n- \n- 2\nfullname: \n- \n- Demo1 user a simple member\nupdated_by_user_id: \n- 1\n- 3\nid: \n- \n- 9\ncreated_by_user_id: \n- 1\n- 3\nlogin: \n- \n- demo1\nemail: \n- \n- demo1@localhost\ncreated_at: \n- \n- *id001\n','2007-06-06 18:16:18'),(89,31,'Membership',3,NULL,NULL,'create','--- \nproject_id: \n- 0\n- 1\nupdated_at: \n- \n- &id001 2007-06-06 18:16:18.786388 Z\nrole_id: \n- 0\n- 2\nupdated_by_user_id: \n- 1\n- 3\nid: \n- \n- 31\nuser_id: \n- 0\n- 9\ncreated_by_user_id: \n- 1\n- 3\ncreated_at: \n- \n- *id001\n','2007-06-06 18:16:18'),(90,1,'ProjectElement',3,NULL,NULL,'create','--- \nname: \n- \"\"\n- global\nproject_id: \n- \n- 1\nupdated_at: \n- \n- &id001 2007-06-06 18:16:48.182517 Z\ntype: \n- ProjectElement\n- ProjectFolder\nupdated_by_user_id: \n- 1\n- 3\nid: \n- \n- 1\ncreated_by_user_id: \n- 1\n- 3\ncreated_at: \n- \n- *id001\n','2007-06-06 18:16:48'),(91,2,'ProjectElement',3,NULL,NULL,'create','--- \nname: \n- \"\"\n- Clipart\nproject_id: \n- \n- 1\nupdated_at: \n- \n- &id001 2007-06-06 18:17:22.228849 Z\ntype: \n- ProjectElement\n- ProjectFolder\nupdated_by_user_id: \n- 1\n- 3\nid: \n- \n- 2\ncreated_by_user_id: \n- 1\n- 3\nposition: \n- 1\n- 0\nparent_id: \n- \n- 1\ncreated_at: \n- \n- *id001\n','2007-06-06 18:17:22'),(92,2,'ProjectElement',3,NULL,NULL,'update','--- \nupdated_at: \n- 2007-06-06 18:17:22.228849 Z\n- 2007-06-06 18:17:22.283609 Z\nlock_version: \n- 0\n- 1\n','2007-06-06 18:17:22'),(93,2,'ProjectElement',3,NULL,NULL,'update','--- \nupdated_at: \n- 2007-06-06 18:17:22.283609 Z\n- 2007-06-06 18:17:22.312355 Z\nlock_version: \n- 1\n- 2\n','2007-06-06 18:17:22'),(94,3,'ProjectElement',3,NULL,NULL,'create','--- \nname: \n- \"\"\n- Templates\nproject_id: \n- \n- 1\nupdated_at: \n- \n- &id001 2007-06-06 18:17:49.166694 Z\ntype: \n- ProjectElement\n- ProjectFolder\nupdated_by_user_id: \n- 1\n- 3\nid: \n- \n- 3\ncreated_by_user_id: \n- 1\n- 3\nparent_id: \n- \n- 1\ncreated_at: \n- \n- *id001\n','2007-06-06 18:17:49'),(95,3,'ProjectElement',3,NULL,NULL,'update','--- \nupdated_at: \n- 2007-06-06 18:17:49.166694 Z\n- 2007-06-06 18:17:49.206709 Z\nlock_version: \n- 0\n- 1\n','2007-06-06 18:17:49'),(96,3,'ProjectElement',3,NULL,NULL,'update','--- \nupdated_at: \n- 2007-06-06 18:17:49.206709 Z\n- 2007-06-06 18:17:49.236181 Z\nlock_version: \n- 1\n- 2\n','2007-06-06 18:17:49'),(97,1,'Study',3,NULL,NULL,'create','--- \nname: \n- \"\"\n- Demo-Study\npurpose: \n- \n- demo\nproject_id: \n- \n- 1\nupdated_at: \n- \n- &id001 2007-06-06 18:18:49.440716 Z\nexpected_at: \n- \n- 2007-06-30 00:00:00 Z\nupdated_by_user_id: \n- 1\n- 3\nid: \n- \n- 1\ndescription: \n- \n- Demo Study\ncreated_by_user_id: \n- 1\n- 3\nresearch_area: \n- \n- demo\nstarted_at: \n- \n- 2007-06-06 00:00:00 Z\ncreated_at: \n- \n- *id001\n','2007-06-06 18:18:49'),(98,4,'ProjectElement',3,NULL,NULL,'create','--- \nname: \n- \"\"\n- Demo-Study\nproject_id: \n- \n- 1\nupdated_at: \n- \n- &id001 2007-06-06 18:18:49.839334 Z\ntype: \n- ProjectElement\n- ProjectFolder\nupdated_by_user_id: \n- 1\n- 3\nid: \n- \n- 4\nreference_type: \n- \n- Study\nreference_id: \n- \n- 1\ncreated_by_user_id: \n- 1\n- 3\nposition: \n- 1\n- 2\nparent_id: \n- \n- 1\ncreated_at: \n- \n- *id001\n','2007-06-06 18:18:49'),(99,4,'ProjectElement',3,NULL,NULL,'update','--- \nupdated_at: \n- 2007-06-06 18:18:49.839334 Z\n- 2007-06-06 18:18:49.876628 Z\nlock_version: \n- 0\n- 1\n','2007-06-06 18:18:49'),(100,1,'Study',3,NULL,NULL,'update','--- \nupdated_at: \n- 2007-06-06 18:18:49.440716 Z\n- 2007-06-06 18:18:49.520019 Z\nlock_version: \n- 0\n- 1\n','2007-06-06 18:18:49'),(101,1,'StudyParameter',3,NULL,NULL,'create','--- \nname: \n- \n- Delta\ndefault_value: \n- \n- \"0\"\ndisplay_unit: \n- \n- min\nparameter_role_id: \n- \n- 6\nparameter_type_id: \n- \n- 9\ndata_format_id: \n- \n- 4\ndata_type_id: \n- \n- 2\nupdated_by_user_id: \n- 1\n- 3\nid: \n- \n- 1\ndescription: \n- \"\"\n- Delta from start of run\ncreated_by_user_id: \n- 1\n- 3\n','2007-06-06 18:20:07'),(102,2,'StudyParameter',3,NULL,NULL,'create','--- \nname: \n- \n- Count\ndefault_value: \n- \n- \"1\"\ndisplay_unit: \n- \n- count\nparameter_role_id: \n- \n- 1\nparameter_type_id: \n- \n- 2\ndata_format_id: \n- \n- 8\ndata_type_id: \n- \n- 2\nupdated_by_user_id: \n- 1\n- 3\nid: \n- \n- 2\ndescription: \n- \"\"\n- Number of Wells\ncreated_by_user_id: \n- 1\n- 3\n','2007-06-06 18:20:57'),(103,3,'StudyParameter',3,NULL,NULL,'create','--- \nname: \n- \n- CPM\ndefault_value: \n- \n- \"\"\ndisplay_unit: \n- \n- cpm\nparameter_role_id: \n- \n- 4\nparameter_type_id: \n- \n- 8\ndata_format_id: \n- \n- 11\ndata_type_id: \n- \n- 2\nupdated_by_user_id: \n- 1\n- 3\nid: \n- \n- 3\ndescription: \n- \"\"\n- Count per minute\ncreated_by_user_id: \n- 1\n- 3\n','2007-06-06 18:22:16'),(104,4,'StudyParameter',3,NULL,NULL,'create','--- \nname: \n- \n- Inhibition\ndefault_value: \n- \n- \"\"\ndisplay_unit: \n- \n- uM\nparameter_role_id: \n- \n- 6\nparameter_type_id: \n- \n- 3\ndata_format_id: \n- \n- 4\ndata_type_id: \n- \n- 2\nupdated_by_user_id: \n- 1\n- 3\nid: \n- \n- 4\ndescription: \n- \"\"\n- Inhibition\ncreated_by_user_id: \n- 1\n- 3\n','2007-06-06 18:23:23'),(105,5,'StudyParameter',3,NULL,NULL,'create','--- \nname: \n- \n- URL\ndefault_value: \n- \n- \"\"\ndisplay_unit: \n- \n- \"\"\nparameter_role_id: \n- \n- 3\nparameter_type_id: \n- \n- 11\ndata_format_id: \n- \n- 24\ndata_type_id: \n- \n- 6\nupdated_by_user_id: \n- 1\n- 3\nid: \n- \n- 5\ndescription: \n- \"\"\n- Url\ncreated_by_user_id: \n- 1\n- 3\n','2007-06-06 20:08:36'),(106,6,'StudyParameter',3,NULL,NULL,'create','--- \nname: \n- \n- Compound\ndefault_value: \n- \n- \"\"\ndisplay_unit: \n- \n- \"\"\nparameter_role_id: \n- \n- 6\nparameter_type_id: \n- \n- 5\ndata_type_id: \n- \n- 5\nupdated_by_user_id: \n- 1\n- 3\nid: \n- \n- 6\ndescription: \n- \"\"\n- Compound lookup\ndata_element_id: \n- \n- 35\ncreated_by_user_id: \n- 1\n- 3\n','2007-06-06 20:09:15'),(107,7,'StudyParameter',3,NULL,NULL,'create','--- \nname: \n- \n- Label\ndefault_value: \n- \n- \"\"\ndisplay_unit: \n- \n- \"\"\nparameter_role_id: \n- \n- 6\nparameter_type_id: \n- \n- 4\ndata_format_id: \n- \n- 1\ndata_type_id: \n- \n- 1\nupdated_by_user_id: \n- 1\n- 3\nid: \n- \n- 7\ndescription: \n- \"\"\n- Sample Label\ncreated_by_user_id: \n- 1\n- 3\n','2007-06-06 20:09:51'),(108,8,'StudyParameter',3,NULL,NULL,'create','--- \nname: \n- \n- FromTask\ndefault_value: \n- \n- \"\"\ndisplay_unit: \n- \n- \"\"\nparameter_role_id: \n- \n- 6\nparameter_type_id: \n- \n- 7\ndata_type_id: \n- \n- 5\nupdated_by_user_id: \n- 1\n- 3\nid: \n- \n- 8\ndescription: \n- \"\"\n- Source Task for this subject\ndata_element_id: \n- \n- 33\ncreated_by_user_id: \n- 1\n- 3\n','2007-06-06 20:11:13'),(109,12,'DataFormat',3,NULL,NULL,'update','--- \nupdated_at: \n- 2007-05-26 12:22:03 Z\n- 2007-06-06 20:13:07.015641 Z\nlock_version: \n- 1\n- 2\ndescription: \n- |-\n  Description:  	validates to 5 digits and 2 decimal places but not allowing zero\r\n  Matches: 	12345.12|||0.5\r\n  Non-Matches: 	123456.12|||1.234|||.1\n- \"Description:  \\tvalidates to 5 digits and 2 decimal places but not allowing zero\"\n','2007-06-06 20:13:07'),(110,26,'DataFormat',3,NULL,NULL,'create','--- \nname: \n- \"\"\n- Quantiy\ndefault_value: \n- \n- \"\"\nupdated_at: \n- \n- &id001 2007-06-06 20:15:15.309668 Z\ndata_type_id: \n- \n- 2\nupdated_by_user_id: \n- 1\n- 3\nid: \n- \n- 26\ndescription: \n- \n- Basic numeric value followed by a unit\nformat_sprintf: \n- \n- \"%d %s\"\ncreated_by_user_id: \n- 1\n- 3\nformat_regex: \n- \n- ^[-+]?[0-9]*\\.?[0-9]+[ ,A-z,/,%]*$\ncreated_at: \n- \n- *id001\n','2007-06-06 20:15:15'),(111,27,'DataFormat',3,NULL,NULL,'create','--- \nname: \n- \"\"\n- Concentration\ndefault_value: \n- \n- \"\"\nupdated_at: \n- \n- &id001 2007-06-06 20:20:26.381453 Z\ndata_type_id: \n- \n- 2\nupdated_by_user_id: \n- 1\n- 3\nid: \n- \n- 27\ndescription: \n- \n- Concentration in molar units\nformat_sprintf: \n- \n- \"%d %s\"\ncreated_by_user_id: \n- 1\n- 3\nformat_regex: \n- \n- ^[-+]?[0-9]*\\.?[0-9]* ?[m,u,u,p]?M$\ncreated_at: \n- \n- *id001\n','2007-06-06 20:20:26'),(112,28,'DataFormat',3,NULL,NULL,'create','--- \nname: \n- \"\"\n- Amount\ndefault_value: \n- \n- \"\"\nupdated_at: \n- \n- &id001 2007-06-06 20:22:12.079552 Z\ndata_type_id: \n- \n- 2\nupdated_by_user_id: \n- 1\n- 3\nid: \n- \n- 28\ndescription: \n- \n- \"Mols of stuff \"\nformat_sprintf: \n- \n- \"%d %s\"\ncreated_by_user_id: \n- 1\n- 3\nformat_regex: \n- \n- ^[-+]?[0-9]*\\.?[0-9] ?[(m,u,n,p)]mol$\ncreated_at: \n- \n- *id001\n','2007-06-06 20:22:12'),(113,13,'DataFormat',3,NULL,NULL,'update','--- \ndefault_value: \n- \n- \"\"\nupdated_at: \n- \n- 2007-06-06 20:26:16.111771 Z\nupdated_by_user_id: \n- 1\n- 3\nlock_version: \n- 0\n- 1\ndescription: \n- |-\n  Description:  	Percentage (From 0 to 100)\r\n  Matches: 	100%|||100|||52.65%\r\n  Non-Matches: 	-1|||-1%|||100.1%\n- |\n  Description:  	Percentage (From 0 to 100)\r\n\nformat_sprintf: \n- \n- \"%d\"\nformat_regex: \n- .\n- \"[-+]?[0-9]*\\\\.?[0-9]\"\n','2007-06-06 20:26:16'),(114,1,'StudyQueue',3,NULL,NULL,'create','--- \nname: \n- \"\"\n- Todo\nstudy_stage_id: \n- \n- 5\nupdated_at: \n- \n- &id001 2007-06-06 20:31:48.804778 Z\nupdated_by_user_id: \n- 1\n- 3\nid: \n- \n- 1\nassigned_to_user_id: \n- 1\n- 3\ndescription: \n- \n- Compounds to process\nstudy_id: \n- \n- 1\nstudy_parameter_id: \n- \n- 6\ncreated_by_user_id: \n- 1\n- 3\ncreated_at: \n- \n- *id001\n','2007-06-06 20:31:48'),(115,1,'StudyQueue',3,NULL,NULL,'update','--- \nupdated_at: \n- 2007-06-06 20:31:48.804778 Z\n- 2007-06-06 20:31:48.847745 Z\nlock_version: \n- 0\n- 1\n','2007-06-06 20:31:48'),(116,52,'DataConcept',3,NULL,NULL,'create','--- \nname: \n- \"\"\n- Catagory\nupdated_at: \n- \n- &id001 2007-06-06 20:36:51.660336 Z\nupdated_by_user_id: \n- 1\n- 3\nid: \n- \n- 52\ndescription: \n- \n- Protocol Catagory\ncreated_by_user_id: \n- 1\n- 3\nparent_id: \n- \n- 3\ncreated_at: \n- \n- *id001\n','2007-06-06 20:36:51'),(117,52,'DataConcept',3,NULL,NULL,'update','--- \nupdated_at: \n- 2007-06-06 20:36:51.660336 Z\n- 2007-06-06 20:36:51.697465 Z\nlock_version: \n- 0\n- 1\n','2007-06-06 20:36:51'),(118,53,'DataConcept',3,NULL,NULL,'create','--- \nname: \n- \"\"\n- Status\nupdated_at: \n- \n- &id001 2007-06-06 20:37:19.196037 Z\nupdated_by_user_id: \n- 1\n- 3\nid: \n- \n- 53\ndescription: \n- \n- Protocol Status\ncreated_by_user_id: \n- 1\n- 3\nparent_id: \n- \n- 3\ncreated_at: \n- \n- *id001\n','2007-06-06 20:37:19'),(119,53,'DataConcept',3,NULL,NULL,'update','--- \nupdated_at: \n- 2007-06-06 20:37:19.196037 Z\n- 2007-06-06 20:37:19.234927 Z\nlock_version: \n- 0\n- 1\n','2007-06-06 20:37:19'),(120,54,'DataConcept',3,NULL,NULL,'create','--- \nname: \n- \"\"\n- Area\nupdated_at: \n- \n- &id001 2007-06-06 20:37:46.330685 Z\nupdated_by_user_id: \n- 1\n- 3\nid: \n- \n- 54\ndescription: \n- \n- Research Area\ncreated_by_user_id: \n- 1\n- 3\nparent_id: \n- \n- 3\ncreated_at: \n- \n- *id001\n','2007-06-06 20:37:46'),(121,54,'DataConcept',3,NULL,NULL,'update','--- \nupdated_at: \n- 2007-06-06 20:37:46.330685 Z\n- 2007-06-06 20:37:46.367496 Z\nlock_version: \n- 0\n- 1\n','2007-06-06 20:37:46'),(122,38,'DataElement',3,NULL,NULL,'create','--- \nname: \n- \"\"\n- Area\nupdated_at: \n- \n- &id001 2007-06-06 20:42:42.250818 Z\ntype: \n- \n- ListElement\ndata_system_id: \n- \n- 1\nupdated_by_user_id: \n- 1\n- 3\nid: \n- \n- 38\ndescription: \n- \n- Research Areas\ndata_concept_id: \n- \n- 54\ncontent: \n- \"\"\n- A,B,C,D\ncreated_by_user_id: \n- 1\n- 3\nstyle: \n- \"\"\n- list\ncreated_at: \n- \n- *id001\n','2007-06-06 20:42:42'),(123,39,'DataElement',3,NULL,NULL,'create','--- \nname: \n- \"\"\n- A\nupdated_at: \n- \n- &id001 2007-06-06 20:42:42.559272 Z\ndata_system_id: \n- \n- 1\nupdated_by_user_id: \n- 1\n- 3\nid: \n- \n- 39\ndescription: \n- \n- A\ndata_concept_id: \n- \n- 54\ncreated_by_user_id: \n- 1\n- 3\nparent_id: \n- \n- 38\nstyle: \n- \"\"\n- child\ncreated_at: \n- \n- *id001\n','2007-06-06 20:42:42'),(124,39,'DataElement',3,NULL,NULL,'update','--- \nupdated_at: \n- 2007-06-06 20:42:42.559272 Z\n- 2007-06-06 20:42:42.601282 Z\nlock_version: \n- 0\n- 1\n','2007-06-06 20:42:42'),(125,40,'DataElement',3,NULL,NULL,'create','--- \nname: \n- \"\"\n- B\nupdated_at: \n- \n- &id001 2007-06-06 20:42:42.625103 Z\ndata_system_id: \n- \n- 1\nupdated_by_user_id: \n- 1\n- 3\nid: \n- \n- 40\ndescription: \n- \n- B\ndata_concept_id: \n- \n- 54\ncreated_by_user_id: \n- 1\n- 3\nparent_id: \n- \n- 38\nstyle: \n- \"\"\n- child\ncreated_at: \n- \n- *id001\n','2007-06-06 20:42:42'),(126,40,'DataElement',3,NULL,NULL,'update','--- \nupdated_at: \n- 2007-06-06 20:42:42.625103 Z\n- 2007-06-06 20:42:42.821558 Z\nlock_version: \n- 0\n- 1\n','2007-06-06 20:42:42'),(127,41,'DataElement',3,NULL,NULL,'create','--- \nname: \n- \"\"\n- C\nupdated_at: \n- \n- &id001 2007-06-06 20:42:42.865039 Z\ndata_system_id: \n- \n- 1\nupdated_by_user_id: \n- 1\n- 3\nid: \n- \n- 41\ndescription: \n- \n- C\ndata_concept_id: \n- \n- 54\ncreated_by_user_id: \n- 1\n- 3\nparent_id: \n- \n- 38\nstyle: \n- \"\"\n- child\ncreated_at: \n- \n- *id001\n','2007-06-06 20:42:42'),(128,41,'DataElement',3,NULL,NULL,'update','--- \nupdated_at: \n- 2007-06-06 20:42:42.865039 Z\n- 2007-06-06 20:42:42.899000 Z\nlock_version: \n- 0\n- 1\n','2007-06-06 20:42:42'),(129,42,'DataElement',3,NULL,NULL,'create','--- \nname: \n- \"\"\n- D\nupdated_at: \n- \n- &id001 2007-06-06 20:42:42.921143 Z\ndata_system_id: \n- \n- 1\nupdated_by_user_id: \n- 1\n- 3\nid: \n- \n- 42\ndescription: \n- \n- D\ndata_concept_id: \n- \n- 54\ncreated_by_user_id: \n- 1\n- 3\nparent_id: \n- \n- 38\nstyle: \n- \"\"\n- child\ncreated_at: \n- \n- *id001\n','2007-06-06 20:42:42'),(130,42,'DataElement',3,NULL,NULL,'update','--- \nupdated_at: \n- 2007-06-06 20:42:42.921143 Z\n- 2007-06-06 20:42:42.949317 Z\nlock_version: \n- 0\n- 1\n','2007-06-06 20:42:43'),(131,38,'DataElement',3,NULL,NULL,'update','--- \nupdated_at: \n- 2007-06-06 20:42:42.250818 Z\n- 2007-06-06 20:42:43.154432 Z\nlock_version: \n- 0\n- 1\nestimated_count: \n- \n- 4\n','2007-06-06 20:42:43'),(132,43,'DataElement',3,NULL,NULL,'create','--- \nname: \n- \"\"\n- Status\nupdated_at: \n- \n- &id001 2007-06-06 21:15:55.634829 Z\ntype: \n- \n- ListElement\ndata_system_id: \n- \n- 1\nupdated_by_user_id: \n- 1\n- 3\nid: \n- \n- 43\ndescription: \n- \n- Protocol Status\ndata_concept_id: \n- \n- 53\ncontent: \n- \"\"\n- New,Active,Finished\ncreated_by_user_id: \n- 1\n- 3\nstyle: \n- \"\"\n- list\ncreated_at: \n- \n- *id001\n','2007-06-06 21:15:55'),(133,44,'DataElement',3,NULL,NULL,'create','--- \nname: \n- \"\"\n- New\nupdated_at: \n- \n- &id001 2007-06-06 21:15:55.829701 Z\ndata_system_id: \n- \n- 1\nupdated_by_user_id: \n- 1\n- 3\nid: \n- \n- 44\ndescription: \n- \n- New\ndata_concept_id: \n- \n- 53\ncreated_by_user_id: \n- 1\n- 3\nparent_id: \n- \n- 43\nstyle: \n- \"\"\n- child\ncreated_at: \n- \n- *id001\n','2007-06-06 21:15:55'),(134,44,'DataElement',3,NULL,NULL,'update','--- \nupdated_at: \n- 2007-06-06 21:15:55.829701 Z\n- 2007-06-06 21:15:55.862829 Z\nlock_version: \n- 0\n- 1\n','2007-06-06 21:15:55'),(135,45,'DataElement',3,NULL,NULL,'create','--- \nname: \n- \"\"\n- Active\nupdated_at: \n- \n- &id001 2007-06-06 21:15:55.886153 Z\ndata_system_id: \n- \n- 1\nupdated_by_user_id: \n- 1\n- 3\nid: \n- \n- 45\ndescription: \n- \n- Active\ndata_concept_id: \n- \n- 53\ncreated_by_user_id: \n- 1\n- 3\nparent_id: \n- \n- 43\nstyle: \n- \"\"\n- child\ncreated_at: \n- \n- *id001\n','2007-06-06 21:15:55'),(136,45,'DataElement',3,NULL,NULL,'update','--- \nupdated_at: \n- 2007-06-06 21:15:55.886153 Z\n- 2007-06-06 21:15:55.911960 Z\nlock_version: \n- 0\n- 1\n','2007-06-06 21:15:55'),(137,46,'DataElement',3,NULL,NULL,'create','--- \nname: \n- \"\"\n- Finished\nupdated_at: \n- \n- &id001 2007-06-06 21:15:56.066513 Z\ndata_system_id: \n- \n- 1\nupdated_by_user_id: \n- 1\n- 3\nid: \n- \n- 46\ndescription: \n- \n- Finished\ndata_concept_id: \n- \n- 53\ncreated_by_user_id: \n- 1\n- 3\nparent_id: \n- \n- 43\nstyle: \n- \"\"\n- child\ncreated_at: \n- \n- *id001\n','2007-06-06 21:15:56'),(138,46,'DataElement',3,NULL,NULL,'update','--- \nupdated_at: \n- 2007-06-06 21:15:56.066513 Z\n- 2007-06-06 21:15:56.101304 Z\nlock_version: \n- 0\n- 1\n','2007-06-06 21:15:56'),(139,43,'DataElement',3,NULL,NULL,'update','--- \nupdated_at: \n- 2007-06-06 21:15:55.634829 Z\n- 2007-06-06 21:15:56.121925 Z\nlock_version: \n- 0\n- 1\nestimated_count: \n- \n- 3\n','2007-06-06 21:15:56'),(140,47,'DataElement',3,NULL,NULL,'create','--- \nname: \n- \"\"\n- Catagory\nupdated_at: \n- \n- &id001 2007-06-06 21:17:22.169561 Z\ntype: \n- \n- ListElement\ndata_system_id: \n- \n- 1\nupdated_by_user_id: \n- 1\n- 3\nid: \n- \n- 47\ndescription: \n- \n- Protocol Catagory\ndata_concept_id: \n- \n- 52\ncontent: \n- \"\"\n- Screen,Dose,Profile,Tox\ncreated_by_user_id: \n- 1\n- 3\nstyle: \n- \"\"\n- list\ncreated_at: \n- \n- *id001\n','2007-06-06 21:17:22'),(141,48,'DataElement',3,NULL,NULL,'create','--- \nname: \n- \"\"\n- Screen\nupdated_at: \n- \n- &id001 2007-06-06 21:17:22.219834 Z\ndata_system_id: \n- \n- 1\nupdated_by_user_id: \n- 1\n- 3\nid: \n- \n- 48\ndescription: \n- \n- Screen\ndata_concept_id: \n- \n- 52\ncreated_by_user_id: \n- 1\n- 3\nparent_id: \n- \n- 47\nstyle: \n- \"\"\n- child\ncreated_at: \n- \n- *id001\n','2007-06-06 21:17:22'),(142,48,'DataElement',3,NULL,NULL,'update','--- \nupdated_at: \n- 2007-06-06 21:17:22.219834 Z\n- 2007-06-06 21:17:22.385291 Z\nlock_version: \n- 0\n- 1\n','2007-06-06 21:17:22'),(143,49,'DataElement',3,NULL,NULL,'create','--- \nname: \n- \"\"\n- Dose\nupdated_at: \n- \n- &id001 2007-06-06 21:17:22.403633 Z\ndata_system_id: \n- \n- 1\nupdated_by_user_id: \n- 1\n- 3\nid: \n- \n- 49\ndescription: \n- \n- Dose\ndata_concept_id: \n- \n- 52\ncreated_by_user_id: \n- 1\n- 3\nparent_id: \n- \n- 47\nstyle: \n- \"\"\n- child\ncreated_at: \n- \n- *id001\n','2007-06-06 21:17:22'),(144,49,'DataElement',3,NULL,NULL,'update','--- \nupdated_at: \n- 2007-06-06 21:17:22.403633 Z\n- 2007-06-06 21:17:22.428199 Z\nlock_version: \n- 0\n- 1\n','2007-06-06 21:17:22'),(145,50,'DataElement',3,NULL,NULL,'create','--- \nname: \n- \"\"\n- Profile\nupdated_at: \n- \n- &id001 2007-06-06 21:17:22.446523 Z\ndata_system_id: \n- \n- 1\nupdated_by_user_id: \n- 1\n- 3\nid: \n- \n- 50\ndescription: \n- \n- Profile\ndata_concept_id: \n- \n- 52\ncreated_by_user_id: \n- 1\n- 3\nparent_id: \n- \n- 47\nstyle: \n- \"\"\n- child\ncreated_at: \n- \n- *id001\n','2007-06-06 21:17:22'),(146,50,'DataElement',3,NULL,NULL,'update','--- \nupdated_at: \n- 2007-06-06 21:17:22.446523 Z\n- 2007-06-06 21:17:22.612767 Z\nlock_version: \n- 0\n- 1\n','2007-06-06 21:17:22'),(147,51,'DataElement',3,NULL,NULL,'create','--- \nname: \n- \"\"\n- Tox\nupdated_at: \n- \n- &id001 2007-06-06 21:17:22.632210 Z\ndata_system_id: \n- \n- 1\nupdated_by_user_id: \n- 1\n- 3\nid: \n- \n- 51\ndescription: \n- \n- Tox\ndata_concept_id: \n- \n- 52\ncreated_by_user_id: \n- 1\n- 3\nparent_id: \n- \n- 47\nstyle: \n- \"\"\n- child\ncreated_at: \n- \n- *id001\n','2007-06-06 21:17:22'),(148,51,'DataElement',3,NULL,NULL,'update','--- \nupdated_at: \n- 2007-06-06 21:17:22.632210 Z\n- 2007-06-06 21:17:22.658431 Z\nlock_version: \n- 0\n- 1\n','2007-06-06 21:17:22'),(149,47,'DataElement',3,NULL,NULL,'update','--- \nupdated_at: \n- 2007-06-06 21:17:22.169561 Z\n- 2007-06-06 21:17:22.679178 Z\nlock_version: \n- 0\n- 1\nestimated_count: \n- \n- 4\n','2007-06-06 21:17:22'),(150,52,'DataConcept',3,NULL,NULL,'update','--- \nupdated_at: \n- 2007-06-06 20:36:51 Z\n- 2007-06-06 22:00:05.215728 Z\nlock_version: \n- 1\n- 2\ndescription: \n- Protocol Catagory\n- Protocol Catagory. This is a internal lookup used on the protocol definition forms\n','2007-06-06 22:00:05'),(151,53,'DataConcept',3,NULL,NULL,'update','--- \nupdated_at: \n- 2007-06-06 20:37:19 Z\n- 2007-06-06 22:00:47.820989 Z\nlock_version: \n- 1\n- 2\ndescription: \n- Protocol Status\n- \"Protocol Status: Internal lookup for the status of a protocol. \"\n','2007-06-06 22:00:48'),(152,54,'DataConcept',3,NULL,NULL,'update','--- \nupdated_at: \n- 2007-06-06 20:37:46 Z\n- 2007-06-06 22:01:45.441492 Z\nlock_version: \n- 1\n- 2\ndescription: \n- Research Area\n- \"Research Area: This is a internal lookup for study form to a list of reasearch area used in the organization\"\n','2007-06-06 22:01:45'),(153,13,'Project',3,NULL,NULL,'create','--- \nname: \n- \"\"\n- Demo\nupdated_at: \n- \n- &id001 2007-06-06 22:06:30.229782 Z\nupdated_by_user_id: \n- 1\n- 3\nid: \n- \n- 13\nsummary: \n- \"\"\n- This is a demo production for training and playing\ncreated_by_user_id: \n- 1\n- 3\ncreated_at: \n- \n- *id001\n','2007-06-06 22:06:30'),(154,5,'ProjectElement',3,NULL,NULL,'create','--- \nname: \n- \"\"\n- Demo\nproject_id: \n- \n- 13\nupdated_at: \n- \n- &id001 2007-06-06 22:06:30.306366 Z\ntype: \n- ProjectElement\n- ProjectFolder\nupdated_by_user_id: \n- 1\n- 3\nid: \n- \n- 5\ncreated_by_user_id: \n- 1\n- 3\ncreated_at: \n- \n- *id001\n','2007-06-06 22:06:30'),(155,32,'Membership',3,NULL,NULL,'create','--- \nproject_id: \n- 0\n- 13\nupdated_at: \n- \n- &id001 2007-06-06 22:06:30.553112 Z\nrole_id: \n- 0\n- 1\nupdated_by_user_id: \n- 1\n- 3\nid: \n- \n- 32\nowner: \n- false\n- true\nuser_id: \n- 0\n- 3\ncreated_by_user_id: \n- 1\n- 3\ncreated_at: \n- \n- *id001\n','2007-06-06 22:06:30'),(156,13,'Project',3,NULL,NULL,'update','--- \nupdated_at: \n- 2007-06-06 22:06:30.229782 Z\n- 2007-06-06 22:06:30.571776 Z\n','2007-06-06 22:06:30'),(157,2,'Study',3,NULL,NULL,'create','--- \nname: \n- \"\"\n- Demo_Study\nproject_id: \n- \n- 13\npurpose: \n- \n- demo\nupdated_at: \n- \n- 2007-06-06 22:07:48.439742 Z\nlock_version: \n- 0\n- 1\nupdated_by_user_id: \n- 1\n- 3\nexpected_at: \n- \n- 2007-06-30 00:00:00 Z\nid: \n- \n- 2\ndescription: \n- \n- Demo Study\ncreated_by_user_id: \n- 1\n- 3\nresearch_area: \n- \n- demo\ncreated_at: \n- \n- 2007-06-06 18:18:49 Z\nstarted_at: \n- \n- 2007-06-06 00:00:00 Z\n','2007-06-06 22:07:48'),(158,9,'StudyParameter',3,NULL,NULL,'create','--- \nname: \n- \n- Count\ndefault_value: \n- \n- \"1\"\ndisplay_unit: \n- \n- count\nparameter_type_id: \n- \n- 2\nparameter_role_id: \n- \n- 1\ndata_format_id: \n- \n- 8\ndata_type_id: \n- \n- 2\nupdated_by_user_id: \n- 1\n- 3\nid: \n- \n- 9\nstudy_id: \n- 1\n- 2\ndescription: \n- \"\"\n- Number of Wells\ncreated_by_user_id: \n- 1\n- 3\n','2007-06-06 22:07:48'),(159,10,'StudyParameter',3,NULL,NULL,'create','--- \nname: \n- \n- URL\nparameter_type_id: \n- \n- 11\nparameter_role_id: \n- \n- 3\ndata_format_id: \n- \n- 24\ndata_type_id: \n- \n- 6\nupdated_by_user_id: \n- 1\n- 3\nid: \n- \n- 10\nstudy_id: \n- 1\n- 2\ndescription: \n- \"\"\n- Url\ncreated_by_user_id: \n- 1\n- 3\n','2007-06-06 22:07:49'),(160,11,'StudyParameter',3,NULL,NULL,'create','--- \nname: \n- \n- CPM\ndisplay_unit: \n- \n- cpm\nparameter_type_id: \n- \n- 8\nparameter_role_id: \n- \n- 4\ndata_format_id: \n- \n- 11\ndata_type_id: \n- \n- 2\nupdated_by_user_id: \n- 1\n- 3\nid: \n- \n- 11\nstudy_id: \n- 1\n- 2\ndescription: \n- \"\"\n- Count per minute\ncreated_by_user_id: \n- 1\n- 3\n','2007-06-06 22:07:49'),(161,12,'StudyParameter',3,NULL,NULL,'create','--- \nname: \n- \n- Inhibition\ndisplay_unit: \n- \n- uM\nparameter_type_id: \n- \n- 3\nparameter_role_id: \n- \n- 6\ndata_format_id: \n- \n- 4\ndata_type_id: \n- \n- 2\nupdated_by_user_id: \n- 1\n- 3\nid: \n- \n- 12\nstudy_id: \n- 1\n- 2\ndescription: \n- \"\"\n- Inhibition\ncreated_by_user_id: \n- 1\n- 3\n','2007-06-06 22:07:49'),(162,13,'StudyParameter',3,NULL,NULL,'create','--- \nname: \n- \n- Label\nparameter_type_id: \n- \n- 4\nparameter_role_id: \n- \n- 6\ndata_format_id: \n- \n- 1\ndata_type_id: \n- \n- 1\nupdated_by_user_id: \n- 1\n- 3\nid: \n- \n- 13\nstudy_id: \n- 1\n- 2\ndescription: \n- \"\"\n- Sample Label\ncreated_by_user_id: \n- 1\n- 3\n','2007-06-06 22:07:49'),(163,14,'StudyParameter',3,NULL,NULL,'create','--- \nname: \n- \n- Compound\nparameter_type_id: \n- \n- 5\nparameter_role_id: \n- \n- 6\ndata_type_id: \n- \n- 5\nupdated_by_user_id: \n- 1\n- 3\nid: \n- \n- 14\nstudy_id: \n- 1\n- 2\ndescription: \n- \"\"\n- Compound lookup\ncreated_by_user_id: \n- 1\n- 3\ndata_element_id: \n- \n- 35\n','2007-06-06 22:07:49'),(164,15,'StudyParameter',3,NULL,NULL,'create','--- \nname: \n- \n- FromTask\nparameter_type_id: \n- \n- 7\nparameter_role_id: \n- \n- 6\ndata_type_id: \n- \n- 5\nupdated_by_user_id: \n- 1\n- 3\nid: \n- \n- 15\nstudy_id: \n- 1\n- 2\ndescription: \n- \"\"\n- Source Task for this subject\ncreated_by_user_id: \n- 1\n- 3\ndata_element_id: \n- \n- 33\n','2007-06-06 22:07:50'),(165,16,'StudyParameter',3,NULL,NULL,'create','--- \nname: \n- \n- Delta\ndefault_value: \n- \n- \"0\"\ndisplay_unit: \n- \n- min\nparameter_type_id: \n- \n- 9\nparameter_role_id: \n- \n- 6\ndata_format_id: \n- \n- 4\ndata_type_id: \n- \n- 2\nupdated_by_user_id: \n- 1\n- 3\nid: \n- \n- 16\nstudy_id: \n- 1\n- 2\ndescription: \n- \"\"\n- Delta from start of run\ncreated_by_user_id: \n- 1\n- 3\n','2007-06-06 22:07:50'),(166,2,'StudyQueue',3,NULL,NULL,'create','--- \nname: \n- \"\"\n- Todo\nstudy_stage_id: \n- \n- 5\nupdated_at: \n- \n- 2007-06-06 22:07:50.759183 Z\nlock_version: \n- 0\n- 1\nupdated_by_user_id: \n- 1\n- 3\nid: \n- \n- 2\nstudy_id: \n- \n- 2\ndescription: \n- \n- Compounds to process\nassigned_to_user_id: \n- 1\n- 3\nstudy_parameter_id: \n- \n- 14\ncreated_by_user_id: \n- 1\n- 3\ncreated_at: \n- \n- 2007-06-06 20:31:48 Z\n','2007-06-06 22:07:50'),(167,2,'StudyQueue',3,NULL,NULL,'update','--- \nupdated_at: \n- 2007-06-06 22:07:50.759183 Z\n- 2007-06-06 22:07:50.789114 Z\nlock_version: \n- 1\n- 2\n','2007-06-06 22:07:50'),(168,6,'ProjectElement',3,NULL,NULL,'create','--- \nname: \n- \"\"\n- Demo_Study\nproject_id: \n- \n- 13\nupdated_at: \n- \n- &id001 2007-06-06 22:07:51.008581 Z\ntype: \n- ProjectElement\n- ProjectFolder\nupdated_by_user_id: \n- 1\n- 3\nid: \n- \n- 6\nreference_type: \n- \n- Study\nreference_id: \n- \n- 2\ncreated_by_user_id: \n- 1\n- 3\nposition: \n- 1\n- 0\nparent_id: \n- \n- 5\ncreated_at: \n- \n- *id001\n','2007-06-06 22:07:51'),(169,6,'ProjectElement',3,NULL,NULL,'update','--- \nupdated_at: \n- 2007-06-06 22:07:51.008581 Z\n- 2007-06-06 22:07:51.042591 Z\nlock_version: \n- 0\n- 1\n','2007-06-06 22:07:51'),(170,2,'Study',3,NULL,NULL,'update','--- \nupdated_at: \n- 2007-06-06 22:07:48.439742 Z\n- 2007-06-06 22:07:50.812946 Z\nlock_version: \n- 1\n- 2\n','2007-06-06 22:07:51'),(171,1,'StudyProtocol',3,NULL,NULL,'create','--- \nname: \n- \"\"\n- Prot-19\nstudy_stage_id: \n- 1\n- 5\nupdated_at: \n- \n- &id001 2007-06-06 22:14:07.025711 Z\nprotocol_status: \n- \n- \"44\"\nupdated_by_user_id: \n- 1\n- 3\nprotocol_catagory: \n- \n- \"48\"\nid: \n- \n- 1\ndescription: \n- \n- new protocol created for study Demo_Study\nstudy_id: \n- \n- 2\ncreated_by_user_id: \n- 1\n- 3\nliterature_ref: \n- \n- \"\"\ncreated_at: \n- \n- *id001\n','2007-06-06 22:14:07'),(172,7,'ProjectElement',3,NULL,NULL,'create','--- \nname: \n- \"\"\n- Prot-19\nproject_id: \n- \n- 13\nupdated_at: \n- \n- &id001 2007-06-06 22:14:07.265930 Z\ntype: \n- ProjectElement\n- ProjectFolder\nupdated_by_user_id: \n- 1\n- 3\nid: \n- \n- 7\nreference_type: \n- \n- StudyProtocol\nreference_id: \n- \n- 1\ncreated_by_user_id: \n- 1\n- 3\nposition: \n- 1\n- 0\nparent_id: \n- \n- 6\ncreated_at: \n- \n- *id001\n','2007-06-06 22:14:07'),(173,7,'ProjectElement',3,NULL,NULL,'update','--- \nupdated_at: \n- 2007-06-06 22:14:07.265930 Z\n- 2007-06-06 22:14:07.295265 Z\nlock_version: \n- 0\n- 1\n','2007-06-06 22:14:07'),(174,1,'ProtocolVersion',3,NULL,NULL,'create','--- \nname: \n- \n- Prot-19:1\nupdated_at: \n- \n- &id001 2007-06-06 22:14:07.508960 Z\nupdated_by_user_id: \n- 1\n- 3\nstudy_protocol_id: \n- \n- 1\nid: \n- \n- 1\nversion: \n- \n- 1\ncreated_by_user_id: \n- 1\n- 3\ncreated_at: \n- \n- *id001\n','2007-06-06 22:14:07'),(175,1,'ProtocolVersion',3,NULL,NULL,'update','--- \nupdated_at: \n- 2007-06-06 22:14:07.508960 Z\n- 2007-06-06 22:14:07.556667 Z\nlock_version: \n- 0\n- 1\n','2007-06-06 22:14:07'),(176,1,'StudyProtocol',3,NULL,NULL,'update','--- \nupdated_at: \n- 2007-06-06 22:14:07.025711 Z\n- 2007-06-06 22:14:07.572596 Z\nlock_version: \n- 0\n- 1\ncurrent_process_id: \n- \n- 1\n','2007-06-06 22:14:07'),(177,1,'Parameter',3,NULL,NULL,'create','--- \nname: \n- \n- Count\nparameter_context_id: \n- \n- 1\ndefault_value: \n- \n- \"1\"\ndisplay_unit: \n- \n- count\nupdated_at: \n- \n- &id001 2007-06-06 22:14:18.263992 Z\nprotocol_version_id: \n- \n- 1\nparameter_type_id: \n- \n- 2\nparameter_role_id: \n- \n- 1\ndata_format_id: \n- \n- 8\ndata_type_id: \n- \n- 2\nupdated_by_user_id: \n- 1\n- 3\nid: \n- \n- 1\nstudy_parameter_id: \n- \n- 9\nsequence_num: \n- \n- 0\ncreated_by_user_id: \n- 1\n- 3\ncreated_at: \n- \n- *id001\n','2007-06-06 22:14:18'),(178,1,'Parameter',3,NULL,NULL,'update','--- \nupdated_at: \n- 2007-06-06 22:14:18.263992 Z\n- 2007-06-06 22:14:18.296351 Z\nlock_version: \n- 0\n- 1\n','2007-06-06 22:14:18'),(179,1,'Parameter',3,NULL,NULL,'update','--- \nupdated_at: \n- 2007-06-06 22:14:18.296351 Z\n- 2007-06-06 22:14:18.311576 Z\ncolumn_no: \n- \n- 1\nlock_version: \n- 1\n- 2\n','2007-06-06 22:14:18'),(180,2,'Parameter',3,NULL,NULL,'create','--- \nname: \n- \n- Compound\nparameter_context_id: \n- \n- 1\nupdated_at: \n- \n- &id001 2007-06-06 22:14:39.621531 Z\nprotocol_version_id: \n- \n- 1\nparameter_type_id: \n- \n- 5\nparameter_role_id: \n- \n- 6\ndata_type_id: \n- \n- 5\nupdated_by_user_id: \n- 1\n- 3\nid: \n- \n- 2\nstudy_parameter_id: \n- \n- 14\nsequence_num: \n- \n- 0\ndata_element_id: \n- \n- 35\ncreated_by_user_id: \n- 1\n- 3\ncreated_at: \n- \n- *id001\n','2007-06-06 22:14:39'),(181,2,'Parameter',3,NULL,NULL,'update','--- \nupdated_at: \n- 2007-06-06 22:14:39.621531 Z\n- 2007-06-06 22:14:39.797214 Z\nlock_version: \n- 0\n- 1\n','2007-06-06 22:14:39'),(182,2,'Parameter',3,NULL,NULL,'update','--- \nupdated_at: \n- 2007-06-06 22:14:39.797214 Z\n- 2007-06-06 22:14:39.813482 Z\ncolumn_no: \n- \n- 2\nlock_version: \n- 1\n- 2\n','2007-06-06 22:14:39'),(183,3,'Parameter',3,NULL,NULL,'create','--- \nname: \n- \n- Delta\nparameter_context_id: \n- \n- 1\ndefault_value: \n- \n- \"0\"\ndisplay_unit: \n- \n- min\nupdated_at: \n- \n- &id001 2007-06-06 22:14:45.885046 Z\nprotocol_version_id: \n- \n- 1\nparameter_type_id: \n- \n- 9\nparameter_role_id: \n- \n- 6\ndata_format_id: \n- \n- 4\ndata_type_id: \n- \n- 2\nupdated_by_user_id: \n- 1\n- 3\nid: \n- \n- 3\nstudy_parameter_id: \n- \n- 16\nsequence_num: \n- \n- 0\ncreated_by_user_id: \n- 1\n- 3\ncreated_at: \n- \n- *id001\n','2007-06-06 22:14:45'),(184,3,'Parameter',3,NULL,NULL,'update','--- \nupdated_at: \n- 2007-06-06 22:14:45.885046 Z\n- 2007-06-06 22:14:45.916286 Z\nlock_version: \n- 0\n- 1\n','2007-06-06 22:14:45'),(185,3,'Parameter',3,NULL,NULL,'update','--- \nupdated_at: \n- 2007-06-06 22:14:45.916286 Z\n- 2007-06-06 22:14:45.930959 Z\ncolumn_no: \n- \n- 3\nlock_version: \n- 1\n- 2\n','2007-06-06 22:14:45'),(186,4,'Parameter',3,NULL,NULL,'create','--- \nname: \n- \n- Inhibition\nparameter_context_id: \n- \n- 1\ndisplay_unit: \n- \n- uM\nupdated_at: \n- \n- &id001 2007-06-06 22:14:49.709126 Z\nprotocol_version_id: \n- \n- 1\nparameter_type_id: \n- \n- 3\nparameter_role_id: \n- \n- 6\ndata_format_id: \n- \n- 4\ndata_type_id: \n- \n- 2\nupdated_by_user_id: \n- 1\n- 3\nid: \n- \n- 4\nstudy_parameter_id: \n- \n- 12\nsequence_num: \n- \n- 0\ncreated_by_user_id: \n- 1\n- 3\ncreated_at: \n- \n- *id001\n','2007-06-06 22:14:49'),(187,4,'Parameter',3,NULL,NULL,'update','--- \nupdated_at: \n- 2007-06-06 22:14:49.709126 Z\n- 2007-06-06 22:14:49.876451 Z\nlock_version: \n- 0\n- 1\n','2007-06-06 22:14:49'),(188,4,'Parameter',3,NULL,NULL,'update','--- \nupdated_at: \n- 2007-06-06 22:14:49.876451 Z\n- 2007-06-06 22:14:49.902774 Z\ncolumn_no: \n- \n- 4\nlock_version: \n- 1\n- 2\n','2007-06-06 22:14:49'),(189,2,'Parameter',3,NULL,NULL,'update','--- \nupdated_at: \n- 2007-06-06 22:14:39 Z\n- 2007-06-06 22:14:59.190733 Z\ncolumn_no: \n- 2\n- 99999\nlock_version: \n- 2\n- 3\n','2007-06-06 22:14:59'),(190,3,'Parameter',3,NULL,NULL,'update','--- \nupdated_at: \n- 2007-06-06 22:14:45 Z\n- 2007-06-06 22:14:59.224145 Z\ncolumn_no: \n- 3\n- 2\nlock_version: \n- 2\n- 3\n','2007-06-06 22:14:59'),(191,4,'Parameter',3,NULL,NULL,'update','--- \nupdated_at: \n- 2007-06-06 22:14:49 Z\n- 2007-06-06 22:14:59.255485 Z\ncolumn_no: \n- 4\n- 3\nlock_version: \n- 2\n- 3\n','2007-06-06 22:14:59'),(192,2,'Parameter',3,NULL,NULL,'update','--- \nupdated_at: \n- 2007-06-06 22:14:59 Z\n- 2007-06-06 22:14:59.282478 Z\ncolumn_no: \n- 99999\n- 4\nlock_version: \n- 3\n- 4\n','2007-06-06 22:14:59'),(193,1,'Parameter',3,NULL,NULL,'update','--- \nupdated_at: \n- 2007-06-06 22:14:18 Z\n- 2007-06-06 22:15:05.994007 Z\ncolumn_no: \n- 1\n- 99999\nlock_version: \n- 2\n- 3\n','2007-06-06 22:15:06'),(194,3,'Parameter',3,NULL,NULL,'update','--- \nupdated_at: \n- 2007-06-06 22:14:59 Z\n- 2007-06-06 22:15:06.176692 Z\ncolumn_no: \n- 2\n- 1\nlock_version: \n- 3\n- 4\n','2007-06-06 22:15:06'),(195,4,'Parameter',3,NULL,NULL,'update','--- \nupdated_at: \n- 2007-06-06 22:14:59 Z\n- 2007-06-06 22:15:06.211325 Z\ncolumn_no: \n- 3\n- 2\nlock_version: \n- 3\n- 4\n','2007-06-06 22:15:06'),(196,2,'Parameter',3,NULL,NULL,'update','--- \nupdated_at: \n- 2007-06-06 22:14:59 Z\n- 2007-06-06 22:15:06.239629 Z\ncolumn_no: \n- 4\n- 3\nlock_version: \n- 4\n- 5\n','2007-06-06 22:15:06'),(197,1,'Parameter',3,NULL,NULL,'update','--- \nupdated_at: \n- 2007-06-06 22:15:05 Z\n- 2007-06-06 22:15:06.266897 Z\ncolumn_no: \n- 99999\n- 4\nlock_version: \n- 3\n- 4\n','2007-06-06 22:15:06'),(198,3,'Parameter',3,NULL,NULL,'update','--- \nupdated_at: \n- 2007-06-06 22:15:06 Z\n- 2007-06-06 22:15:13.178094 Z\ncolumn_no: \n- 1\n- 99999\nlock_version: \n- 4\n- 5\n','2007-06-06 22:15:13'),(199,4,'Parameter',3,NULL,NULL,'update','--- \nupdated_at: \n- 2007-06-06 22:15:06 Z\n- 2007-06-06 22:15:13.210983 Z\ncolumn_no: \n- 2\n- 1\nlock_version: \n- 4\n- 5\n','2007-06-06 22:15:13'),(200,2,'Parameter',3,NULL,NULL,'update','--- \nupdated_at: \n- 2007-06-06 22:15:06 Z\n- 2007-06-06 22:15:13.234788 Z\ncolumn_no: \n- 3\n- 2\nlock_version: \n- 5\n- 6\n','2007-06-06 22:15:13'),(201,1,'Parameter',3,NULL,NULL,'update','--- \nupdated_at: \n- 2007-06-06 22:15:06 Z\n- 2007-06-06 22:15:13.258527 Z\ncolumn_no: \n- 4\n- 3\nlock_version: \n- 4\n- 5\n','2007-06-06 22:15:13'),(202,3,'Parameter',3,NULL,NULL,'update','--- \nupdated_at: \n- 2007-06-06 22:15:13 Z\n- 2007-06-06 22:15:13.434049 Z\ncolumn_no: \n- 99999\n- 4\nlock_version: \n- 5\n- 6\n','2007-06-06 22:15:13'),(203,4,'Parameter',3,NULL,NULL,'update','--- \nupdated_at: \n- 2007-06-06 22:15:13 Z\n- 2007-06-06 22:15:18.832929 Z\ncolumn_no: \n- 1\n- 99999\nlock_version: \n- 5\n- 6\n','2007-06-06 22:15:18'),(204,2,'Parameter',3,NULL,NULL,'update','--- \nupdated_at: \n- 2007-06-06 22:15:13 Z\n- 2007-06-06 22:15:18.874068 Z\ncolumn_no: \n- 2\n- 1\nlock_version: \n- 6\n- 7\n','2007-06-06 22:15:18'),(205,1,'Parameter',3,NULL,NULL,'update','--- \nupdated_at: \n- 2007-06-06 22:15:13 Z\n- 2007-06-06 22:15:18.900962 Z\ncolumn_no: \n- 3\n- 2\nlock_version: \n- 5\n- 6\n','2007-06-06 22:15:18'),(206,3,'Parameter',3,NULL,NULL,'update','--- \nupdated_at: \n- 2007-06-06 22:15:13 Z\n- 2007-06-06 22:15:18.925061 Z\ncolumn_no: \n- 4\n- 3\nlock_version: \n- 6\n- 7\n','2007-06-06 22:15:18'),(207,4,'Parameter',3,NULL,NULL,'update','--- \nupdated_at: \n- 2007-06-06 22:15:18 Z\n- 2007-06-06 22:15:18.948765 Z\ncolumn_no: \n- 99999\n- 4\nlock_version: \n- 6\n- 7\n','2007-06-06 22:15:18'),(208,2,'Parameter',3,NULL,NULL,'destroy',NULL,'2007-06-06 22:15:52'),(209,1,'Parameter',3,NULL,NULL,'update','--- \nupdated_at: \n- 2007-06-06 22:15:18 Z\n- 2007-06-06 22:15:52.870214 Z\ncolumn_no: \n- 2\n- 1\nlock_version: \n- 6\n- 7\n','2007-06-06 22:15:52'),(210,3,'Parameter',3,NULL,NULL,'update','--- \nupdated_at: \n- 2007-06-06 22:15:18 Z\n- 2007-06-06 22:15:52.913819 Z\ncolumn_no: \n- 3\n- 2\nlock_version: \n- 7\n- 8\n','2007-06-06 22:15:52'),(211,4,'Parameter',3,NULL,NULL,'update','--- \nupdated_at: \n- 2007-06-06 22:15:18 Z\n- 2007-06-06 22:15:52.941127 Z\ncolumn_no: \n- 4\n- 3\nlock_version: \n- 7\n- 8\n','2007-06-06 22:15:52'),(212,5,'Parameter',3,NULL,NULL,'create','--- \nname: \n- \n- Compound\nparameter_context_id: \n- \n- 1\nupdated_at: \n- \n- &id001 2007-06-06 22:16:00.702201 Z\nprotocol_version_id: \n- \n- 1\nparameter_type_id: \n- \n- 5\nparameter_role_id: \n- \n- 6\ndata_type_id: \n- \n- 5\nupdated_by_user_id: \n- 1\n- 3\nid: \n- \n- 5\nstudy_parameter_id: \n- \n- 14\nsequence_num: \n- \n- 0\ndata_element_id: \n- \n- 35\ncreated_by_user_id: \n- 1\n- 3\ncreated_at: \n- \n- *id001\n','2007-06-06 22:16:00'),(213,5,'Parameter',3,NULL,NULL,'update','--- \nupdated_at: \n- 2007-06-06 22:16:00.702201 Z\n- 2007-06-06 22:16:00.735721 Z\nlock_version: \n- 0\n- 1\n','2007-06-06 22:16:00'),(214,5,'Parameter',3,NULL,NULL,'update','--- \nupdated_at: \n- 2007-06-06 22:16:00.735721 Z\n- 2007-06-06 22:16:00.752029 Z\nstudy_queue_id: \n- \n- 2\ncolumn_no: \n- \n- 4\nlock_version: \n- 1\n- 2\n','2007-06-06 22:16:00'),(215,1,'Parameter',3,NULL,NULL,'update','--- \nupdated_at: \n- 2007-06-06 22:15:52 Z\n- 2007-06-06 22:16:05.197706 Z\ncolumn_no: \n- 1\n- 99999\nlock_version: \n- 7\n- 8\n','2007-06-06 22:16:05'),(216,3,'Parameter',3,NULL,NULL,'update','--- \nupdated_at: \n- 2007-06-06 22:15:52 Z\n- 2007-06-06 22:16:05.240177 Z\ncolumn_no: \n- 2\n- 1\nlock_version: \n- 8\n- 9\n','2007-06-06 22:16:05'),(217,4,'Parameter',3,NULL,NULL,'update','--- \nupdated_at: \n- 2007-06-06 22:15:52 Z\n- 2007-06-06 22:16:05.272065 Z\ncolumn_no: \n- 3\n- 2\nlock_version: \n- 8\n- 9\n','2007-06-06 22:16:05'),(218,5,'Parameter',3,NULL,NULL,'update','--- \nupdated_at: \n- 2007-06-06 22:16:00 Z\n- 2007-06-06 22:16:05.302986 Z\ncolumn_no: \n- 4\n- 3\nlock_version: \n- 2\n- 3\n','2007-06-06 22:16:05'),(219,1,'Parameter',3,NULL,NULL,'update','--- \nupdated_at: \n- 2007-06-06 22:16:05 Z\n- 2007-06-06 22:16:05.333731 Z\ncolumn_no: \n- 99999\n- 4\nlock_version: \n- 8\n- 9\n','2007-06-06 22:16:05'),(220,3,'Parameter',3,NULL,NULL,'update','--- \nupdated_at: \n- 2007-06-06 22:16:05 Z\n- 2007-06-06 22:16:11.454385 Z\ncolumn_no: \n- 1\n- 99999\nlock_version: \n- 9\n- 10\n','2007-06-06 22:16:11'),(221,4,'Parameter',3,NULL,NULL,'update','--- \nupdated_at: \n- 2007-06-06 22:16:05 Z\n- 2007-06-06 22:16:11.495020 Z\ncolumn_no: \n- 2\n- 1\nlock_version: \n- 9\n- 10\n','2007-06-06 22:16:11'),(222,5,'Parameter',3,NULL,NULL,'update','--- \nupdated_at: \n- 2007-06-06 22:16:05 Z\n- 2007-06-06 22:16:11.525053 Z\ncolumn_no: \n- 3\n- 2\nlock_version: \n- 3\n- 4\n','2007-06-06 22:16:11'),(223,1,'Parameter',3,NULL,NULL,'update','--- \nupdated_at: \n- 2007-06-06 22:16:05 Z\n- 2007-06-06 22:16:11.554429 Z\ncolumn_no: \n- 4\n- 3\nlock_version: \n- 9\n- 10\n','2007-06-06 22:16:11'),(224,3,'Parameter',3,NULL,NULL,'update','--- \nupdated_at: \n- 2007-06-06 22:16:11 Z\n- 2007-06-06 22:16:11.583064 Z\ncolumn_no: \n- 99999\n- 4\nlock_version: \n- 10\n- 11\n','2007-06-06 22:16:11'),(225,4,'Parameter',3,NULL,NULL,'update','--- \nupdated_at: \n- 2007-06-06 22:16:11 Z\n- 2007-06-06 22:16:15.597881 Z\ncolumn_no: \n- 1\n- 99999\nlock_version: \n- 10\n- 11\n','2007-06-06 22:16:15'),(226,5,'Parameter',3,NULL,NULL,'update','--- \nupdated_at: \n- 2007-06-06 22:16:11 Z\n- 2007-06-06 22:16:15.834096 Z\ncolumn_no: \n- 2\n- 1\nlock_version: \n- 4\n- 5\n','2007-06-06 22:16:15'),(227,1,'Parameter',3,NULL,NULL,'update','--- \nupdated_at: \n- 2007-06-06 22:16:11 Z\n- 2007-06-06 22:16:15.864733 Z\ncolumn_no: \n- 3\n- 2\nlock_version: \n- 10\n- 11\n','2007-06-06 22:16:15'),(228,3,'Parameter',3,NULL,NULL,'update','--- \nupdated_at: \n- 2007-06-06 22:16:11 Z\n- 2007-06-06 22:16:15.894436 Z\ncolumn_no: \n- 4\n- 3\nlock_version: \n- 11\n- 12\n','2007-06-06 22:16:15'),(229,4,'Parameter',3,NULL,NULL,'update','--- \nupdated_at: \n- 2007-06-06 22:16:15 Z\n- 2007-06-06 22:16:15.922405 Z\ncolumn_no: \n- 99999\n- 4\nlock_version: \n- 11\n- 12\n','2007-06-06 22:16:15'),(230,2,'StudyProtocol',3,NULL,NULL,'create','--- \nname: \n- \"\"\n- Prot-20\nstudy_stage_id: \n- 1\n- 5\nupdated_at: \n- \n- &id001 2007-06-06 22:17:23.815418 Z\nprotocol_status: \n- \n- \"44\"\nupdated_by_user_id: \n- 1\n- 3\nprotocol_catagory: \n- \n- \"49\"\nid: \n- \n- 2\ndescription: \n- \n- new protocol created for study Demo_Study\nstudy_id: \n- \n- 2\ncreated_by_user_id: \n- 1\n- 3\nliterature_ref: \n- \n- \"\"\ncreated_at: \n- \n- *id001\n','2007-06-06 22:17:23'),(231,8,'ProjectElement',3,NULL,NULL,'create','--- \nname: \n- \"\"\n- Prot-20\nproject_id: \n- \n- 13\nupdated_at: \n- \n- &id001 2007-06-06 22:17:24.178526 Z\ntype: \n- ProjectElement\n- ProjectFolder\nupdated_by_user_id: \n- 1\n- 3\nid: \n- \n- 8\nreference_type: \n- \n- StudyProtocol\nreference_id: \n- \n- 2\ncreated_by_user_id: \n- 1\n- 3\nparent_id: \n- \n- 6\ncreated_at: \n- \n- *id001\n','2007-06-06 22:17:24'),(232,8,'ProjectElement',3,NULL,NULL,'update','--- \nupdated_at: \n- 2007-06-06 22:17:24.178526 Z\n- 2007-06-06 22:17:24.363668 Z\nlock_version: \n- 0\n- 1\n','2007-06-06 22:17:24'),(233,2,'ProtocolVersion',3,NULL,NULL,'create','--- \nname: \n- \n- Prot-20:1\nupdated_at: \n- \n- &id001 2007-06-06 22:17:24.418577 Z\nupdated_by_user_id: \n- 1\n- 3\nstudy_protocol_id: \n- \n- 2\nid: \n- \n- 2\nversion: \n- \n- 1\ncreated_by_user_id: \n- 1\n- 3\ncreated_at: \n- \n- *id001\n','2007-06-06 22:17:24'),(234,2,'ProtocolVersion',3,NULL,NULL,'update','--- \nupdated_at: \n- 2007-06-06 22:17:24.418577 Z\n- 2007-06-06 22:17:24.457292 Z\nlock_version: \n- 0\n- 1\n','2007-06-06 22:17:24'),(235,2,'StudyProtocol',3,NULL,NULL,'update','--- \nupdated_at: \n- 2007-06-06 22:17:23.815418 Z\n- 2007-06-06 22:17:24.470402 Z\nlock_version: \n- 0\n- 1\ncurrent_process_id: \n- \n- 2\n','2007-06-06 22:17:24'),(236,12,'ParameterType',3,NULL,NULL,'create','--- \nname: \n- \"\"\n- IC50\nstorage_unit: \n- \n- concentration\nupdated_at: \n- \n- &id001 2007-06-06 22:22:07.995160 Z\ndata_type_id: \n- \n- 2\nupdated_by_user_id: \n- 1\n- 3\nid: \n- \n- 12\ndescription: \n- \"\"\n- |-\n  IC50 is a measure of concentration used in pharmacological research. IC50, or the half maximal inhibitory concentration, represents the concentration of an inhibitor that is required for 50% inhibition of its target (i.e. an enzyme, cell, cell receptor or a microorganism). In simpler terms, it measures how much of a particular substance/molecule is needed to inhibit some biological process by 50%.\r\n  \r\n  IC50 is commonly used as a measure of drug affinity. A measure of drug efficacy is EC50 which represents the concentration of a compound that is required to obtain 50% of the maximum effect in vivo. (Ex. EC99 would be the minimum concentration of a compound to obtain 99% of its effect). For competition binding assays and functional antagonist assays IC50 is the most common summary measure of the dose-response curve. For agonist/stimulator assays the most common summary measure is the EC50. (http://www.ncgc.nih.gov/guidance/section3.html)\r\n  \r\n  According to the FDA, IC50 represents the concentration of a drug that is required for 50% inhibition in vitro whereas EC50 represents the plasma concentration required for obtaining 50% of a maximum effect in vivo.(http://www.fda.gov/ohrms/dockets/ac/00/slides/3621s1d/sld036.htm)\r\n  \r\n  IC50 values are dependent on conditions under which they are measured. For example for enzymes, IC50 value increases as enzyme concentration increases. Furthermore depending on the type of inhibition other factors may influence IC50 value; for ATP dependent enzymes IC50 value has an interdependency with concentration of ATP, especially so if inhibition is all of it competitive.\ncreated_by_user_id: \n- 1\n- 3\ncreated_at: \n- \n- *id001\n','2007-06-06 22:22:08'),(237,13,'ParameterType',3,NULL,NULL,'create','--- \nname: \n- \"\"\n- Enzyme\nstorage_unit: \n- \n- \"\"\nupdated_at: \n- \n- &id001 2007-06-06 22:27:29.686191 Z\ndata_type_id: \n- \n- 1\nupdated_by_user_id: \n- 1\n- 3\nid: \n- \n- 13\ndescription: \n- \"\"\n- Enzymes are proteins that catalyze (i.e. accelerate) chemical reactions.[1] In enzymatic reactions, the molecules at the beginning of the process are called substrates, and the enzyme converts them into different molecules, the products. Almost all processes in a biological cell need enzymes in order to occur at significant rates. Since enzymes are extremely selective for their substrates and speed up only a few reactions from among many possibilities, the set of enzymes made in a cell determines which metabolic pathways occur in that cell.\ncreated_by_user_id: \n- 1\n- 3\ncreated_at: \n- \n- *id001\n','2007-06-06 22:27:29'),(238,14,'ParameterType',3,NULL,NULL,'create','--- \nname: \n- \"\"\n- organism\nstorage_unit: \n- \n- \"\"\nupdated_at: \n- \n- &id001 2007-06-06 22:29:09.357852 Z\ndata_type_id: \n- \n- 1\nupdated_by_user_id: \n- 1\n- 3\nid: \n- \n- 14\ndescription: \n- \"\"\n- |-\n  n biology and ecology, an organism (in Greek organon = instrument) is a living complex adaptive system of organs that influence each other in such a way that they function in some way as a stable whole.\r\n  \r\n  The origin of life on Earth and the relationships between its major lineages are controversial. Two main grades may be distinguished, the prokaryotes and eukaryotes. The prokaryotes are generally considered to represent two separate domains, called the Bacteria and Archaea, which are not closer to one another than to the eukaryotes. The gap between prokaryotes and eukaryotes is widely considered a major missing link in evolutionary history. Two eukaryotic organelles, namely mitochondria and chloroplasts, are generally considered to be derived from endosymbiotic bacteria. Fungi, animals and plants are examples of species that are eukaryote. Organisms all go through a life cycle.\r\n  \r\n  The phrase complex organism describes any organism with more than one cell.\ncreated_by_user_id: \n- 1\n- 3\ncreated_at: \n- \n- *id001\n','2007-06-06 22:29:09'),(239,15,'ParameterType',3,NULL,NULL,'create','--- \nname: \n- \"\"\n- Location\nstorage_unit: \n- \n- \"\"\nupdated_at: \n- \n- &id001 2007-06-06 22:29:40.601682 Z\ndata_type_id: \n- \n- 1\nupdated_by_user_id: \n- 1\n- 3\nid: \n- \n- 15\ndescription: \n- \"\"\n- Location of a object\ncreated_by_user_id: \n- 1\n- 3\ncreated_at: \n- \n- *id001\n','2007-06-06 22:29:40'),(240,3,'DataConcept',3,NULL,NULL,'update','--- \nupdated_at: \n- 2006-09-06 19:35:22 Z\n- 2007-06-07 09:46:08.029603 Z\nupdated_by_user_id: \n- 1\n- 3\nlock_version: \n- 1\n- 2\ndescription: \n- Study\n- Short lookup dictionaries and other internal used combo in study,protocol, and experiment forms.\n','2007-06-07 09:46:08'),(241,9,'ProjectElement',3,NULL,NULL,'create','--- \nname: \n- \"\"\n- Demo1\nproject_id: \n- \n- 13\nupdated_at: \n- \n- &id001 2007-06-07 14:37:26.983213 Z\ntype: \n- ProjectElement\n- ProjectFolder\nupdated_by_user_id: \n- 1\n- 3\nid: \n- \n- 9\nreference_type: \n- \n- Study\nreference_id: \n- \n- 1\ncreated_by_user_id: \n- 1\n- 3\nparent_id: \n- \n- 5\ncreated_at: \n- \n- *id001\n','2007-06-07 14:37:26'),(242,9,'ProjectElement',3,NULL,NULL,'update','--- \nupdated_at: \n- 2007-06-07 14:37:26.983213 Z\n- 2007-06-07 14:37:27.091678 Z\nlock_version: \n- 0\n- 1\n','2007-06-07 14:37:27'),(243,1,'StudyQueue',3,NULL,NULL,'update','--- \nname: \n- Todo\n- PrimaryScreen\nupdated_at: \n- 2007-06-06 20:31:48 Z\n- 2007-06-07 14:38:20.076918 Z\nlock_version: \n- 1\n- 2\n','2007-06-07 14:38:20'),(244,17,'StudyParameter',3,NULL,NULL,'create','--- \nname: \n- \n- IC50\ndefault_value: \n- \n- \"\"\ndisplay_unit: \n- \n- mM\nparameter_role_id: \n- \n- 2\nparameter_type_id: \n- \n- 12\ndata_format_id: \n- \n- 27\ndata_type_id: \n- \n- 2\nupdated_by_user_id: \n- 1\n- 3\nid: \n- \n- 17\ndescription: \n- \"\"\n- IC50 values from curve fit\ncreated_by_user_id: \n- 1\n- 3\n','2007-06-07 14:39:21'),(245,18,'StudyParameter',3,NULL,NULL,'create','--- \nname: \n- \n- Dose\ndefault_value: \n- \n- \"\"\ndisplay_unit: \n- \n- \"\"\nparameter_role_id: \n- \n- 6\nparameter_type_id: \n- \n- 1\ndata_format_id: \n- \n- 27\ndata_type_id: \n- \n- 2\nupdated_by_user_id: \n- 1\n- 3\nid: \n- \n- 18\ndescription: \n- \"\"\n- Dose\ncreated_by_user_id: \n- 1\n- 3\n','2007-06-07 14:40:10'),(246,19,'StudyParameter',3,NULL,NULL,'create','--- \nname: \n- \n- Concentration\ndefault_value: \n- \n- \"\"\ndisplay_unit: \n- \n- \"\"\nparameter_role_id: \n- \n- 6\nparameter_type_id: \n- \n- 1\ndata_format_id: \n- \n- 4\ndata_type_id: \n- \n- 2\nupdated_by_user_id: \n- 1\n- 3\nid: \n- \n- 19\ndescription: \n- \"\"\n- Concentration(Dose)\ncreated_by_user_id: \n- 1\n- 3\n','2007-06-07 14:40:44'),(247,20,'StudyParameter',3,NULL,NULL,'create','--- \nname: \n- \n- Enzyme\ndefault_value: \n- \n- \"\"\ndisplay_unit: \n- \n- \"\"\nparameter_role_id: \n- \n- 3\nparameter_type_id: \n- \n- 13\ndata_format_id: \n- \n- 1\ndata_type_id: \n- \n- 1\nupdated_by_user_id: \n- 1\n- 3\nid: \n- \n- 20\ndescription: \n- \"\"\n- Enzyme\ncreated_by_user_id: \n- 1\n- 3\n','2007-06-07 14:41:35'),(248,21,'StudyParameter',3,NULL,NULL,'create','--- \nname: \n- \n- organism\ndefault_value: \n- \n- \"\"\ndisplay_unit: \n- \n- \"\"\nparameter_role_id: \n- \n- 6\nparameter_type_id: \n- \n- 14\ndata_format_id: \n- \n- 1\ndata_type_id: \n- \n- 1\nupdated_by_user_id: \n- 1\n- 3\nid: \n- \n- 21\ndescription: \n- \"\"\n- Organizsm\ncreated_by_user_id: \n- 1\n- 3\n','2007-06-07 14:42:12'),(249,22,'StudyParameter',3,NULL,NULL,'create','--- \nname: \n- \n- Identifier\ndefault_value: \n- \n- \"\"\ndisplay_unit: \n- \n- \"\"\nparameter_role_id: \n- \n- 6\nparameter_type_id: \n- \n- 4\ndata_type_id: \n- \n- 5\nupdated_by_user_id: \n- 1\n- 3\nid: \n- \n- 22\ndescription: \n- \"\"\n- \"Followup from \"\ndata_element_id: \n- \n- 30\ncreated_by_user_id: \n- 1\n- 3\n','2007-06-07 15:04:19'),(250,3,'StudyProtocol',3,NULL,NULL,'create','--- \nname: \n- \"\"\n- Prot-21\nstudy_stage_id: \n- 1\n- 5\nupdated_at: \n- \n- &id001 2007-06-07 15:10:29.923111 Z\nprotocol_status: \n- \n- \"44\"\nupdated_by_user_id: \n- 1\n- 3\nprotocol_catagory: \n- \n- \"49\"\nid: \n- \n- 3\ndescription: \n- \n- new protocol created for study Demo1\nstudy_id: \n- \n- 1\ncreated_by_user_id: \n- 1\n- 3\nliterature_ref: \n- \n- guessed\ncreated_at: \n- \n- *id001\n','2007-06-07 15:10:30'),(251,10,'ProjectElement',3,NULL,NULL,'create','--- \nname: \n- \"\"\n- Prot-21\nproject_id: \n- \n- 13\nupdated_at: \n- \n- &id001 2007-06-07 15:10:30.196277 Z\ntype: \n- ProjectElement\n- ProjectFolder\nupdated_by_user_id: \n- 1\n- 3\nid: \n- \n- 10\nreference_type: \n- \n- StudyProtocol\nreference_id: \n- \n- 3\ncreated_by_user_id: \n- 1\n- 3\nposition: \n- 1\n- 0\nparent_id: \n- \n- 9\ncreated_at: \n- \n- *id001\n','2007-06-07 15:10:30'),(252,10,'ProjectElement',3,NULL,NULL,'update','--- \nupdated_at: \n- 2007-06-07 15:10:30.196277 Z\n- 2007-06-07 15:10:30.383555 Z\nlock_version: \n- 0\n- 1\n','2007-06-07 15:10:30'),(253,3,'ProtocolVersion',3,NULL,NULL,'create','--- \nname: \n- \n- Prot-21:1\nupdated_at: \n- \n- &id001 2007-06-07 15:10:30.439213 Z\nupdated_by_user_id: \n- 1\n- 3\nstudy_protocol_id: \n- \n- 3\nid: \n- \n- 3\nversion: \n- \n- 1\ncreated_by_user_id: \n- 1\n- 3\ncreated_at: \n- \n- *id001\n','2007-06-07 15:10:30'),(254,3,'ProtocolVersion',3,NULL,NULL,'update','--- \nupdated_at: \n- 2007-06-07 15:10:30.439213 Z\n- 2007-06-07 15:10:30.483141 Z\nlock_version: \n- 0\n- 1\n','2007-06-07 15:10:30'),(255,3,'StudyProtocol',3,NULL,NULL,'update','--- \nupdated_at: \n- 2007-06-07 15:10:29.923111 Z\n- 2007-06-07 15:10:30.498345 Z\nlock_version: \n- 0\n- 1\ncurrent_process_id: \n- \n- 3\n','2007-06-07 15:10:30'),(256,6,'Parameter',3,NULL,NULL,'create','--- \nname: \n- \n- Compound\nparameter_context_id: \n- \n- 3\ndefault_value: \n- \n- \"\"\ndisplay_unit: \n- \n- \"\"\nupdated_at: \n- \n- &id001 2007-06-07 15:11:02.263620 Z\nprotocol_version_id: \n- \n- 3\nparameter_type_id: \n- \n- 5\nparameter_role_id: \n- \n- 6\ndata_type_id: \n- \n- 5\nupdated_by_user_id: \n- 1\n- 3\nid: \n- \n- 6\nstudy_parameter_id: \n- \n- 6\nsequence_num: \n- \n- 0\ndata_element_id: \n- \n- 35\ncreated_by_user_id: \n- 1\n- 3\ncreated_at: \n- \n- *id001\n','2007-06-07 15:11:02'),(257,6,'Parameter',3,NULL,NULL,'update','--- \nupdated_at: \n- 2007-06-07 15:11:02.263620 Z\n- 2007-06-07 15:11:02.295588 Z\nlock_version: \n- 0\n- 1\n','2007-06-07 15:11:02'),(258,6,'Parameter',3,NULL,NULL,'update','--- \nupdated_at: \n- 2007-06-07 15:11:02.295588 Z\n- 2007-06-07 15:11:02.310952 Z\ncolumn_no: \n- \n- 1\nlock_version: \n- 1\n- 2\n','2007-06-07 15:11:02'),(259,7,'Parameter',3,NULL,NULL,'create','--- \nname: \n- \n- Enzyme\nparameter_context_id: \n- \n- 3\ndefault_value: \n- \n- \"\"\ndisplay_unit: \n- \n- \"\"\nupdated_at: \n- \n- &id001 2007-06-07 15:11:13.246071 Z\nprotocol_version_id: \n- \n- 3\nparameter_type_id: \n- \n- 13\nparameter_role_id: \n- \n- 3\ndata_format_id: \n- \n- 1\ndata_type_id: \n- \n- 1\nupdated_by_user_id: \n- 1\n- 3\nid: \n- \n- 7\nstudy_parameter_id: \n- \n- 20\nsequence_num: \n- \n- 0\ncreated_by_user_id: \n- 1\n- 3\ncreated_at: \n- \n- *id001\n','2007-06-07 15:11:13'),(260,7,'Parameter',3,NULL,NULL,'update','--- \nupdated_at: \n- 2007-06-07 15:11:13.246071 Z\n- 2007-06-07 15:11:13.279091 Z\nlock_version: \n- 0\n- 1\n','2007-06-07 15:11:13'),(261,7,'Parameter',3,NULL,NULL,'update','--- \nupdated_at: \n- 2007-06-07 15:11:13.279091 Z\n- 2007-06-07 15:11:13.294502 Z\ncolumn_no: \n- \n- 2\nlock_version: \n- 1\n- 2\n','2007-06-07 15:11:13'),(262,8,'Parameter',3,NULL,NULL,'create','--- \nname: \n- \n- IC50\nparameter_context_id: \n- \n- 3\ndefault_value: \n- \n- \"\"\ndisplay_unit: \n- \n- mM\nupdated_at: \n- \n- &id001 2007-06-07 15:11:22.328362 Z\nprotocol_version_id: \n- \n- 3\nparameter_type_id: \n- \n- 12\nparameter_role_id: \n- \n- 2\ndata_format_id: \n- \n- 27\ndata_type_id: \n- \n- 2\nupdated_by_user_id: \n- 1\n- 3\nid: \n- \n- 8\nstudy_parameter_id: \n- \n- 17\nsequence_num: \n- \n- 0\ncreated_by_user_id: \n- 1\n- 3\ncreated_at: \n- \n- *id001\n','2007-06-07 15:11:22'),(263,8,'Parameter',3,NULL,NULL,'update','--- \nupdated_at: \n- 2007-06-07 15:11:22.328362 Z\n- 2007-06-07 15:11:22.509492 Z\nlock_version: \n- 0\n- 1\n','2007-06-07 15:11:22'),(264,8,'Parameter',3,NULL,NULL,'update','--- \nupdated_at: \n- 2007-06-07 15:11:22.509492 Z\n- 2007-06-07 15:11:22.526106 Z\ncolumn_no: \n- \n- 3\nlock_version: \n- 1\n- 2\n','2007-06-07 15:11:22'),(265,9,'Parameter',3,NULL,NULL,'create','--- \nname: \n- \n- Count\nparameter_context_id: \n- \n- 4\ndefault_value: \n- \n- \"1\"\ndisplay_unit: \n- \n- count\nupdated_at: \n- \n- &id001 2007-06-07 15:11:54.397926 Z\nprotocol_version_id: \n- \n- 3\nparameter_type_id: \n- \n- 2\nparameter_role_id: \n- \n- 1\ndata_format_id: \n- \n- 8\ndata_type_id: \n- \n- 2\nupdated_by_user_id: \n- 1\n- 3\nid: \n- \n- 9\nstudy_parameter_id: \n- \n- 2\nsequence_num: \n- \n- 0\ncreated_by_user_id: \n- 1\n- 3\ncreated_at: \n- \n- *id001\n','2007-06-07 15:11:54'),(266,9,'Parameter',3,NULL,NULL,'update','--- \nupdated_at: \n- 2007-06-07 15:11:54.397926 Z\n- 2007-06-07 15:11:54.578532 Z\nlock_version: \n- 0\n- 1\n','2007-06-07 15:11:54'),(267,9,'Parameter',3,NULL,NULL,'update','--- \nupdated_at: \n- 2007-06-07 15:11:54.578532 Z\n- 2007-06-07 15:11:54.594536 Z\ncolumn_no: \n- \n- 4\nlock_version: \n- 1\n- 2\n','2007-06-07 15:11:54'),(268,10,'Parameter',3,NULL,NULL,'create','--- \nname: \n- \n- Concentration\nparameter_context_id: \n- \n- 4\ndefault_value: \n- \n- \"\"\ndisplay_unit: \n- \n- \"\"\nupdated_at: \n- \n- &id001 2007-06-07 15:11:59.956439 Z\nprotocol_version_id: \n- \n- 3\nparameter_type_id: \n- \n- 1\nparameter_role_id: \n- \n- 6\ndata_format_id: \n- \n- 4\ndata_type_id: \n- \n- 2\nupdated_by_user_id: \n- 1\n- 3\nid: \n- \n- 10\nstudy_parameter_id: \n- \n- 19\nsequence_num: \n- \n- 0\ncreated_by_user_id: \n- 1\n- 3\ncreated_at: \n- \n- *id001\n','2007-06-07 15:11:59'),(269,10,'Parameter',3,NULL,NULL,'update','--- \nupdated_at: \n- 2007-06-07 15:11:59.956439 Z\n- 2007-06-07 15:11:59.987407 Z\nlock_version: \n- 0\n- 1\n','2007-06-07 15:11:59'),(270,10,'Parameter',3,NULL,NULL,'update','--- \nupdated_at: \n- 2007-06-07 15:11:59.987407 Z\n- 2007-06-07 15:12:00.002266 Z\ncolumn_no: \n- \n- 5\nlock_version: \n- 1\n- 2\n','2007-06-07 15:12:00'),(271,11,'Parameter',3,NULL,NULL,'create','--- \nname: \n- \n- Inhibition\nparameter_context_id: \n- \n- 4\ndefault_value: \n- \n- \"\"\ndisplay_unit: \n- \n- uM\nupdated_at: \n- \n- &id001 2007-06-07 15:12:06.552910 Z\nprotocol_version_id: \n- \n- 3\nparameter_type_id: \n- \n- 3\nparameter_role_id: \n- \n- 6\ndata_format_id: \n- \n- 4\ndata_type_id: \n- \n- 2\nupdated_by_user_id: \n- 1\n- 3\nid: \n- \n- 11\nstudy_parameter_id: \n- \n- 4\nsequence_num: \n- \n- 0\ncreated_by_user_id: \n- 1\n- 3\ncreated_at: \n- \n- *id001\n','2007-06-07 15:12:06'),(272,11,'Parameter',3,NULL,NULL,'update','--- \nupdated_at: \n- 2007-06-07 15:12:06.552910 Z\n- 2007-06-07 15:12:06.586821 Z\nlock_version: \n- 0\n- 1\n','2007-06-07 15:12:06'),(273,11,'Parameter',3,NULL,NULL,'update','--- \nupdated_at: \n- 2007-06-07 15:12:06.586821 Z\n- 2007-06-07 15:12:06.602265 Z\ncolumn_no: \n- \n- 6\nlock_version: \n- 1\n- 2\n','2007-06-07 15:12:06'),(274,12,'Parameter',3,NULL,NULL,'create','--- \nname: \n- \n- Label\nparameter_context_id: \n- \n- 5\ndefault_value: \n- \n- \"\"\ndisplay_unit: \n- \n- \"\"\nupdated_at: \n- \n- &id001 2007-06-07 15:12:51.711689 Z\nprotocol_version_id: \n- \n- 3\nparameter_type_id: \n- \n- 4\nparameter_role_id: \n- \n- 6\ndata_format_id: \n- \n- 1\ndata_type_id: \n- \n- 1\nupdated_by_user_id: \n- 1\n- 3\nid: \n- \n- 12\nstudy_parameter_id: \n- \n- 7\nsequence_num: \n- \n- 0\ncreated_by_user_id: \n- 1\n- 3\ncreated_at: \n- \n- *id001\n','2007-06-07 15:12:51'),(275,12,'Parameter',3,NULL,NULL,'update','--- \nupdated_at: \n- 2007-06-07 15:12:51.711689 Z\n- 2007-06-07 15:12:51.891299 Z\nlock_version: \n- 0\n- 1\n','2007-06-07 15:12:51'),(276,12,'Parameter',3,NULL,NULL,'update','--- \nupdated_at: \n- 2007-06-07 15:12:51.891299 Z\n- 2007-06-07 15:12:51.908677 Z\ncolumn_no: \n- \n- 7\nlock_version: \n- 1\n- 2\n','2007-06-07 15:12:51'),(277,13,'Parameter',3,NULL,NULL,'create','--- \nname: \n- \n- Count_1\nparameter_context_id: \n- \n- 5\ndefault_value: \n- \n- \"1\"\ndisplay_unit: \n- \n- count\nupdated_at: \n- \n- &id001 2007-06-07 15:13:05.227714 Z\nprotocol_version_id: \n- \n- 3\nparameter_type_id: \n- \n- 2\nparameter_role_id: \n- \n- 1\ndata_format_id: \n- \n- 8\ndata_type_id: \n- \n- 2\nupdated_by_user_id: \n- 1\n- 3\nid: \n- \n- 13\nstudy_parameter_id: \n- \n- 2\nsequence_num: \n- \n- 1\ncreated_by_user_id: \n- 1\n- 3\ncreated_at: \n- \n- *id001\n','2007-06-07 15:13:05'),(278,13,'Parameter',3,NULL,NULL,'update','--- \nupdated_at: \n- 2007-06-07 15:13:05.227714 Z\n- 2007-06-07 15:13:05.259681 Z\nlock_version: \n- 0\n- 1\n','2007-06-07 15:13:05'),(279,13,'Parameter',3,NULL,NULL,'update','--- \nupdated_at: \n- 2007-06-07 15:13:05.259681 Z\n- 2007-06-07 15:13:05.274776 Z\ncolumn_no: \n- \n- 8\nlock_version: \n- 1\n- 2\n','2007-06-07 15:13:05'),(280,13,'Parameter',3,NULL,NULL,'update','--- \nupdated_at: \n- 2007-06-07 15:13:05 Z\n- 2007-06-07 15:13:14.164207 Z\ncolumn_no: \n- 8\n- 99999\nlock_version: \n- 2\n- 3\n','2007-06-07 15:13:14'),(281,13,'Parameter',3,NULL,NULL,'update','--- \nupdated_at: \n- 2007-06-07 15:13:14 Z\n- 2007-06-07 15:13:14.200405 Z\ncolumn_no: \n- 99999\n- 8\nlock_version: \n- 3\n- 4\n','2007-06-07 15:13:14'),(282,14,'Parameter',3,NULL,NULL,'create','--- \nname: \n- \n- Count_2\nparameter_context_id: \n- \n- 5\ndefault_value: \n- \n- \"1\"\ndisplay_unit: \n- \n- count\nupdated_at: \n- \n- &id001 2007-06-07 15:13:18.095288 Z\nprotocol_version_id: \n- \n- 3\nparameter_type_id: \n- \n- 2\nparameter_role_id: \n- \n- 1\ndata_format_id: \n- \n- 8\ndata_type_id: \n- \n- 2\nupdated_by_user_id: \n- 1\n- 3\nid: \n- \n- 14\nstudy_parameter_id: \n- \n- 2\nsequence_num: \n- \n- 2\ncreated_by_user_id: \n- 1\n- 3\ncreated_at: \n- \n- *id001\n','2007-06-07 15:13:18'),(283,14,'Parameter',3,NULL,NULL,'update','--- \nupdated_at: \n- 2007-06-07 15:13:18.095288 Z\n- 2007-06-07 15:13:18.134038 Z\nlock_version: \n- 0\n- 1\n','2007-06-07 15:13:18'),(284,14,'Parameter',3,NULL,NULL,'update','--- \nupdated_at: \n- 2007-06-07 15:13:18.134038 Z\n- 2007-06-07 15:13:18.148974 Z\ncolumn_no: \n- \n- 9\nlock_version: \n- 1\n- 2\n','2007-06-07 15:13:18'),(285,12,'Parameter',3,NULL,NULL,'update','--- \nname: \n- Label\n- PlateId\nupdated_at: \n- 2007-06-07 15:12:51 Z\n- 2007-06-07 15:14:24.069073 Z\nmandatory: \n- N\n- \nlock_version: \n- 2\n- 3\n','2007-06-07 15:14:24'),(286,13,'Parameter',3,NULL,NULL,'update','--- \nname: \n- Count_1\n- NSB\nupdated_at: \n- 2007-06-07 15:13:14 Z\n- 2007-06-07 15:14:24.103692 Z\nmandatory: \n- N\n- \nlock_version: \n- 4\n- 5\n','2007-06-07 15:14:24'),(287,14,'Parameter',3,NULL,NULL,'update','--- \nname: \n- Count_2\n- TB\nupdated_at: \n- 2007-06-07 15:13:18 Z\n- 2007-06-07 15:14:24.133618 Z\nmandatory: \n- N\n- \nlock_version: \n- 2\n- 3\n','2007-06-07 15:14:24'),(288,12,'Parameter',3,NULL,NULL,'update','--- \nupdated_at: \n- 2007-06-07 15:14:24 Z\n- 2007-06-07 15:15:28.317608 Z\nlock_version: \n- 3\n- 4\n','2007-06-07 15:15:28'),(289,13,'Parameter',3,NULL,NULL,'update','--- \nupdated_at: \n- 2007-06-07 15:14:24 Z\n- 2007-06-07 15:15:28.351309 Z\nlock_version: \n- 5\n- 6\n','2007-06-07 15:15:28'),(290,14,'Parameter',3,NULL,NULL,'update','--- \ndefault_value: \n- \"1\"\n- \"100\"\nupdated_at: \n- 2007-06-07 15:14:24 Z\n- 2007-06-07 15:15:28.379204 Z\nlock_version: \n- 3\n- 4\n','2007-06-07 15:15:28'),(291,1,'Experiment',3,NULL,NULL,'create','--- \nname: \n- \"\"\n- rjs-296\nproject_id: \n- \n- 13\nupdated_at: \n- \n- &id001 2007-06-07 15:16:25.913388 Z\nprotocol_version_id: \n- \n- 3\nexpected_at: \n- \n- 2007-06-29 00:00:00 Z\nupdated_by_user_id: \n- 1\n- 3\nstudy_protocol_id: \n- \n- 3\nid: \n- \n- 1\ndescription: \n- \n- \" Experiment in project Demo Dose Repsonse run\"\nstudy_id: \n- \n- 1\ncreated_by_user_id: \n- 1\n- 3\nstarted_at: \n- \n- 2007-06-07 00:00:00 Z\ncreated_at: \n- \n- *id001\n','2007-06-07 15:16:25'),(292,11,'ProjectElement',3,NULL,NULL,'create','--- \nname: \n- \"\"\n- rjs-296\nproject_id: \n- \n- 13\nupdated_at: \n- \n- &id001 2007-06-07 15:16:26.298427 Z\ntype: \n- ProjectElement\n- ProjectFolder\nupdated_by_user_id: \n- 1\n- 3\nid: \n- \n- 11\nreference_type: \n- \n- Experiment\nreference_id: \n- \n- 1\ncreated_by_user_id: \n- 1\n- 3\nposition: \n- 1\n- 2\nparent_id: \n- \n- 5\ncreated_at: \n- \n- *id001\n','2007-06-07 15:16:26'),(293,11,'ProjectElement',3,NULL,NULL,'update','--- \nupdated_at: \n- 2007-06-07 15:16:26.298427 Z\n- 2007-06-07 15:16:26.333959 Z\nlock_version: \n- 0\n- 1\n','2007-06-07 15:16:26'),(294,1,'Task',3,NULL,NULL,'create','--- \nexperiment_id: \n- \n- 1\ndone_hours: \n- \n- 0.0\nname: \n- \"\"\n- rjs-296-0\nexpected_hours: \n- \n- 1.0\nproject_id: \n- \n- 13\nupdated_at: \n- \n- &id001 2007-06-07 15:16:58.924624 Z\nprotocol_version_id: \n- \n- 3\nended_at: \n- \n- 2007-06-08 00:00:00 Z\nupdated_by_user_id: \n- 1\n- 3\nstudy_protocol_id: \n- \n- 3\nid: \n- \n- 1\ndescription: \n- \n- \" Task in experiment rjs-296 \"\nassigned_to_user_id: \n- 1\n- 3\nstatus_id: \n- 0\n- 3\ncreated_by_user_id: \n- 1\n- 3\nstarted_at: \n- \n- 2007-06-07 00:00:00 Z\ncreated_at: \n- \n- *id001\n','2007-06-07 15:16:59'),(295,12,'ProjectElement',3,NULL,NULL,'create','--- \nname: \n- \"\"\n- rjs-296-0\nproject_id: \n- \n- 13\nupdated_at: \n- \n- &id001 2007-06-07 15:16:59.187324 Z\ntype: \n- ProjectElement\n- ProjectFolder\nupdated_by_user_id: \n- 1\n- 3\nid: \n- \n- 12\nreference_type: \n- \n- Task\nreference_id: \n- \n- 1\ncreated_by_user_id: \n- 1\n- 3\nposition: \n- 1\n- 0\nparent_id: \n- \n- 11\ncreated_at: \n- \n- *id001\n','2007-06-07 15:16:59'),(296,12,'ProjectElement',3,NULL,NULL,'update','--- \nupdated_at: \n- 2007-06-07 15:16:59.187324 Z\n- 2007-06-07 15:16:59.216696 Z\nlock_version: \n- 0\n- 1\n','2007-06-07 15:16:59'),(297,1,'TaskValue',3,NULL,NULL,'create','--- \ndisplay_unit: \n- \n- \"\"\nupdated_at: \n- \n- &id001 2007-06-07 15:17:20.556442 Z\ntask_id: \n- \n- 1\nupdated_by_user_id: \n- 1\n- 3\ntask_context_id: \n- \n- 1\nid: \n- \n- 1\nparameter_id: \n- \n- 10\ncreated_by_user_id: \n- 1\n- 3\ndata_value: \n- \n- 1.0\ncreated_at: \n- \n- *id001\n','2007-06-07 15:17:20'),(298,2,'TaskValue',3,NULL,NULL,'create','--- \ndisplay_unit: \n- \n- \"\"\nupdated_at: \n- \n- &id001 2007-06-07 15:17:22.643278 Z\ntask_id: \n- \n- 1\nupdated_by_user_id: \n- 1\n- 3\ntask_context_id: \n- \n- 3\nid: \n- \n- 2\nparameter_id: \n- \n- 10\ncreated_by_user_id: \n- 1\n- 3\ndata_value: \n- \n- 2.0\ncreated_at: \n- \n- *id001\n','2007-06-07 15:17:22'),(299,3,'TaskValue',3,NULL,NULL,'create','--- \ndisplay_unit: \n- \n- \"\"\nupdated_at: \n- \n- &id001 2007-06-07 15:17:24.564687 Z\ntask_id: \n- \n- 1\nupdated_by_user_id: \n- 1\n- 3\ntask_context_id: \n- \n- 5\nid: \n- \n- 3\nparameter_id: \n- \n- 10\ncreated_by_user_id: \n- 1\n- 3\ndata_value: \n- \n- 4.0\ncreated_at: \n- \n- *id001\n','2007-06-07 15:17:24'),(300,4,'TaskValue',3,NULL,NULL,'create','--- \ndisplay_unit: \n- \n- \"\"\nupdated_at: \n- \n- &id001 2007-06-07 15:17:26.689511 Z\ntask_id: \n- \n- 1\nupdated_by_user_id: \n- 1\n- 3\ntask_context_id: \n- \n- 7\nid: \n- \n- 4\nparameter_id: \n- \n- 10\ncreated_by_user_id: \n- 1\n- 3\ndata_value: \n- \n- 8.0\ncreated_at: \n- \n- *id001\n','2007-06-07 15:17:26'),(301,5,'TaskValue',3,NULL,NULL,'create','--- \ndisplay_unit: \n- \n- \"\"\nupdated_at: \n- \n- &id001 2007-06-07 15:17:28.771054 Z\ntask_id: \n- \n- 1\nupdated_by_user_id: \n- 1\n- 3\ntask_context_id: \n- \n- 9\nid: \n- \n- 5\nparameter_id: \n- \n- 10\ncreated_by_user_id: \n- 1\n- 3\ndata_value: \n- \n- 16.0\ncreated_at: \n- \n- *id001\n','2007-06-07 15:17:28'),(302,6,'TaskValue',3,NULL,NULL,'create','--- \ndisplay_unit: \n- \n- \"\"\nupdated_at: \n- \n- &id001 2007-06-07 15:17:30.692971 Z\ntask_id: \n- \n- 1\nupdated_by_user_id: \n- 1\n- 3\ntask_context_id: \n- \n- 11\nid: \n- \n- 6\nparameter_id: \n- \n- 10\ncreated_by_user_id: \n- 1\n- 3\ndata_value: \n- \n- 32.0\ncreated_at: \n- \n- *id001\n','2007-06-07 15:17:30'),(303,7,'TaskValue',3,NULL,NULL,'create','--- \ndisplay_unit: \n- \n- \"\"\nupdated_at: \n- \n- &id001 2007-06-07 15:17:34.818539 Z\ntask_id: \n- \n- 1\nupdated_by_user_id: \n- 1\n- 3\ntask_context_id: \n- \n- 13\nid: \n- \n- 7\nparameter_id: \n- \n- 10\ncreated_by_user_id: \n- 1\n- 3\ndata_value: \n- \n- 64.0\ncreated_at: \n- \n- *id001\n','2007-06-07 15:17:34'),(304,8,'TaskValue',3,NULL,NULL,'create','--- \ndisplay_unit: \n- \n- uM\nupdated_at: \n- \n- &id001 2007-06-07 15:17:42.790007 Z\ntask_id: \n- \n- 1\nupdated_by_user_id: \n- 1\n- 3\ntask_context_id: \n- \n- 1\nid: \n- \n- 8\nparameter_id: \n- \n- 11\ncreated_by_user_id: \n- 1\n- 3\ndata_value: \n- \n- 1.0\ncreated_at: \n- \n- *id001\n','2007-06-07 15:17:42'),(305,9,'TaskValue',3,NULL,NULL,'create','--- \ndisplay_unit: \n- \n- uM\nupdated_at: \n- \n- &id001 2007-06-07 15:17:44.709892 Z\ntask_id: \n- \n- 1\nupdated_by_user_id: \n- 1\n- 3\ntask_context_id: \n- \n- 3\nid: \n- \n- 9\nparameter_id: \n- \n- 11\ncreated_by_user_id: \n- 1\n- 3\ndata_value: \n- \n- 3.0\ncreated_at: \n- \n- *id001\n','2007-06-07 15:17:44'),(306,10,'TaskValue',3,NULL,NULL,'create','--- \ndisplay_unit: \n- \n- count\nupdated_at: \n- \n- &id001 2007-06-07 15:18:08.953134 Z\ntask_id: \n- \n- 1\nupdated_by_user_id: \n- 1\n- 3\ntask_context_id: \n- \n- 3\nid: \n- \n- 10\nparameter_id: \n- \n- 9\ncreated_by_user_id: \n- 1\n- 3\ndata_value: \n- \n- 2.0\ncreated_at: \n- \n- *id001\n','2007-06-07 15:18:09'),(307,11,'TaskValue',3,NULL,NULL,'create','--- \ndisplay_unit: \n- \n- count\nupdated_at: \n- \n- &id001 2007-06-07 15:18:10.942415 Z\ntask_id: \n- \n- 1\nupdated_by_user_id: \n- 1\n- 3\ntask_context_id: \n- \n- 5\nid: \n- \n- 11\nparameter_id: \n- \n- 9\ncreated_by_user_id: \n- 1\n- 3\ndata_value: \n- \n- 3.0\ncreated_at: \n- \n- *id001\n','2007-06-07 15:18:10'),(308,12,'TaskValue',3,NULL,NULL,'create','--- \ndisplay_unit: \n- \n- count\nupdated_at: \n- \n- &id001 2007-06-07 15:18:13.216987 Z\ntask_id: \n- \n- 1\nupdated_by_user_id: \n- 1\n- 3\ntask_context_id: \n- \n- 7\nid: \n- \n- 12\nparameter_id: \n- \n- 9\ncreated_by_user_id: \n- 1\n- 3\ndata_value: \n- \n- 5.0\ncreated_at: \n- \n- *id001\n','2007-06-07 15:18:13'),(309,13,'TaskValue',3,NULL,NULL,'create','--- \ndisplay_unit: \n- \n- count\nupdated_at: \n- \n- &id001 2007-06-07 15:18:15.211432 Z\ntask_id: \n- \n- 1\nupdated_by_user_id: \n- 1\n- 3\ntask_context_id: \n- \n- 9\nid: \n- \n- 13\nparameter_id: \n- \n- 9\ncreated_by_user_id: \n- 1\n- 3\ndata_value: \n- \n- 6.0\ncreated_at: \n- \n- *id001\n','2007-06-07 15:18:15'),(310,14,'TaskValue',3,NULL,NULL,'create','--- \ndisplay_unit: \n- \n- count\nupdated_at: \n- \n- &id001 2007-06-07 15:18:17.204109 Z\ntask_id: \n- \n- 1\nupdated_by_user_id: \n- 1\n- 3\ntask_context_id: \n- \n- 11\nid: \n- \n- 14\nparameter_id: \n- \n- 9\ncreated_by_user_id: \n- 1\n- 3\ndata_value: \n- \n- 8.0\ncreated_at: \n- \n- *id001\n','2007-06-07 15:18:17'),(311,15,'TaskValue',3,NULL,NULL,'create','--- \ndisplay_unit: \n- \n- count\nupdated_at: \n- \n- &id001 2007-06-07 15:18:19.269676 Z\ntask_id: \n- \n- 1\nupdated_by_user_id: \n- 1\n- 3\ntask_context_id: \n- \n- 13\nid: \n- \n- 15\nparameter_id: \n- \n- 9\ncreated_by_user_id: \n- 1\n- 3\ndata_value: \n- \n- 9.0\ncreated_at: \n- \n- *id001\n','2007-06-07 15:18:19'),(312,16,'TaskValue',3,NULL,NULL,'create','--- \ndisplay_unit: \n- \n- count\nupdated_at: \n- \n- &id001 2007-06-07 15:18:21.419185 Z\ntask_id: \n- \n- 1\nupdated_by_user_id: \n- 1\n- 3\ntask_context_id: \n- \n- 15\nid: \n- \n- 16\nparameter_id: \n- \n- 9\ncreated_by_user_id: \n- 1\n- 3\ndata_value: \n- \n- 10.0\ncreated_at: \n- \n- *id001\n','2007-06-07 15:18:21'),(313,1,'TaskReference',3,NULL,NULL,'create','--- \ndata_name: \n- \n- AB00106\nupdated_at: \n- \n- &id001 2007-06-07 15:18:26.896594 Z\ntask_id: \n- \n- 1\ndata_type: \n- \n- Compound\nupdated_by_user_id: \n- 1\n- 3\ntask_context_id: \n- \n- 17\nid: \n- \n- 1\nparameter_id: \n- \n- 6\ncreated_by_user_id: \n- 1\n- 3\ndata_id: \n- \n- 106\ncreated_at: \n- \n- *id001\n','2007-06-07 15:18:26'),(314,2,'TaskReference',3,NULL,NULL,'create','--- \ndata_name: \n- \n- AB001000\nupdated_at: \n- \n- &id001 2007-06-07 15:18:34.785745 Z\ntask_id: \n- \n- 1\ndata_type: \n- \n- Compound\nupdated_by_user_id: \n- 1\n- 3\ntask_context_id: \n- \n- 18\nid: \n- \n- 2\nparameter_id: \n- \n- 6\ncreated_by_user_id: \n- 1\n- 3\ndata_id: \n- \n- 1000\ncreated_at: \n- \n- *id001\n','2007-06-07 15:18:34'),(315,1,'TaskText',3,NULL,NULL,'create','--- \nupdated_at: \n- \n- &id001 2007-06-07 15:18:51.284598 Z\ntask_id: \n- \n- 1\nupdated_by_user_id: \n- 1\n- 3\ntask_context_id: \n- \n- 17\nid: \n- \n- 1\nparameter_id: \n- \n- 7\ndata_content: \n- \n- XA-32\ncreated_by_user_id: \n- 1\n- 3\ncreated_at: \n- \n- *id001\n','2007-06-07 15:18:51'),(316,2,'TaskText',3,NULL,NULL,'create','--- \nupdated_at: \n- \n- &id001 2007-06-07 15:18:56.768808 Z\ntask_id: \n- \n- 1\nupdated_by_user_id: \n- 1\n- 3\ntask_context_id: \n- \n- 18\nid: \n- \n- 2\nparameter_id: \n- \n- 7\ndata_content: \n- \n- XA-32\ncreated_by_user_id: \n- 1\n- 3\ncreated_at: \n- \n- *id001\n','2007-06-07 15:18:56'),(317,17,'TaskValue',3,NULL,NULL,'create','--- \ndisplay_unit: \n- \n- mM\nupdated_at: \n- \n- &id001 2007-06-07 15:19:09.707322 Z\ntask_id: \n- \n- 1\nupdated_by_user_id: \n- 1\n- 3\ntask_context_id: \n- \n- 18\nid: \n- \n- 17\nparameter_id: \n- \n- 8\ncreated_by_user_id: \n- 1\n- 3\ndata_value: \n- \n- 20.1\ncreated_at: \n- \n- *id001\n','2007-06-07 15:19:09'),(318,18,'TaskValue',3,NULL,NULL,'create','--- \ndisplay_unit: \n- \n- count\nupdated_at: \n- \n- &id001 2007-06-07 15:20:33.071405 Z\ntask_id: \n- \n- 1\nupdated_by_user_id: \n- 1\n- 3\ntask_context_id: \n- \n- 19\nid: \n- \n- 18\nparameter_id: \n- \n- 14\ncreated_by_user_id: \n- 1\n- 3\ndata_value: \n- \n- 1000.0\ncreated_at: \n- \n- *id001\n','2007-06-07 15:20:33'),(319,19,'TaskValue',3,NULL,NULL,'create','--- \ndisplay_unit: \n- \n- count\nupdated_at: \n- \n- &id001 2007-06-07 15:20:38.814710 Z\ntask_id: \n- \n- 1\nupdated_by_user_id: \n- 1\n- 3\ntask_context_id: \n- \n- 19\nid: \n- \n- 19\nparameter_id: \n- \n- 13\ncreated_by_user_id: \n- 1\n- 3\ndata_value: \n- \n- 2.0\ncreated_at: \n- \n- *id001\n','2007-06-07 15:20:38'),(320,9,'TaskValue',3,NULL,NULL,'update','--- \nstorage_unit: \n- \n- mol/m^3\nupdated_at: \n- 2007-06-07 15:17:44 Z\n- 2007-06-07 20:46:03.023968 Z\nlock_version: \n- 0\n- 1\ndata_value: \n- 3.0\n- 0.002\n','2007-06-07 20:46:03'),(321,20,'TaskValue',3,NULL,NULL,'create','--- \ndisplay_unit: \n- \n- uM\nupdated_at: \n- \n- &id001 2007-06-07 20:46:08.786050 Z\ntask_id: \n- \n- 1\nupdated_by_user_id: \n- 1\n- 3\ntask_context_id: \n- \n- 5\nid: \n- \n- 20\nparameter_id: \n- \n- 11\ncreated_by_user_id: \n- 1\n- 3\ndata_value: \n- \n- 3.0\ncreated_at: \n- \n- *id001\n','2007-06-07 20:46:08'),(322,20,'TaskValue',3,NULL,NULL,'update','--- \nstorage_unit: \n- \n- mol/m^3\nupdated_at: \n- 2007-06-07 20:46:08 Z\n- 2007-06-07 20:46:15.255715 Z\nlock_version: \n- 0\n- 1\ndata_value: \n- 3.0\n- 0.003\n','2007-06-07 20:46:15'),(323,21,'TaskValue',3,NULL,NULL,'create','--- \ndisplay_unit: \n- \n- uM\nupdated_at: \n- \n- &id001 2007-06-07 20:46:25.669881 Z\ntask_id: \n- \n- 1\nupdated_by_user_id: \n- 1\n- 3\ntask_context_id: \n- \n- 7\nid: \n- \n- 21\nparameter_id: \n- \n- 11\ncreated_by_user_id: \n- 1\n- 3\ndata_value: \n- \n- 4.5\ncreated_at: \n- \n- *id001\n','2007-06-07 20:46:25'),(324,8,'TaskValue',3,NULL,NULL,'update','--- \nstorage_unit: \n- \n- mol/m^3\nupdated_at: \n- 2007-06-07 15:17:42 Z\n- 2007-06-07 20:46:51.284833 Z\nlock_version: \n- 0\n- 1\ndata_value: \n- 1.0\n- 0.001\n','2007-06-07 20:46:51'),(325,21,'TaskValue',3,NULL,NULL,'update','--- \nstorage_unit: \n- \n- mol/m^3\nupdated_at: \n- 2007-06-07 20:46:25 Z\n- 2007-06-07 20:46:57.057072 Z\nlock_version: \n- 0\n- 1\ndata_value: \n- 4.5\n- 0.001\n','2007-06-07 20:46:57'),(326,22,'TaskValue',3,NULL,NULL,'create','--- \ndisplay_unit: \n- \n- uM\nupdated_at: \n- \n- &id001 2007-06-07 20:46:58.974868 Z\ntask_id: \n- \n- 1\nupdated_by_user_id: \n- 1\n- 3\ntask_context_id: \n- \n- 9\nid: \n- \n- 22\nparameter_id: \n- \n- 11\ncreated_by_user_id: \n- 1\n- 3\ndata_value: \n- \n- 2.0\ncreated_at: \n- \n- *id001\n','2007-06-07 20:46:58'),(327,23,'TaskValue',3,NULL,NULL,'create','--- \ndisplay_unit: \n- \n- uM\nupdated_at: \n- \n- &id001 2007-06-07 20:47:00.821705 Z\ntask_id: \n- \n- 1\nupdated_by_user_id: \n- 1\n- 3\ntask_context_id: \n- \n- 11\nid: \n- \n- 23\nparameter_id: \n- \n- 11\ncreated_by_user_id: \n- 1\n- 3\ndata_value: \n- \n- 3.0\ncreated_at: \n- \n- *id001\n','2007-06-07 20:47:00'),(328,24,'TaskValue',3,NULL,NULL,'create','--- \ndisplay_unit: \n- \n- uM\nupdated_at: \n- \n- &id001 2007-06-07 20:47:02.664278 Z\ntask_id: \n- \n- 1\nupdated_by_user_id: \n- 1\n- 3\ntask_context_id: \n- \n- 13\nid: \n- \n- 24\nparameter_id: \n- \n- 11\ncreated_by_user_id: \n- 1\n- 3\ndata_value: \n- \n- 4.0\ncreated_at: \n- \n- *id001\n','2007-06-07 20:47:02'),(329,10,'TaskValue',3,NULL,NULL,'update','--- \nstorage_unit: \n- \n- each\nupdated_at: \n- 2007-06-07 15:18:08 Z\n- 2007-06-07 20:47:36.293826 Z\nlock_version: \n- 0\n- 1\n','2007-06-07 20:47:36'),(330,11,'TaskValue',3,NULL,NULL,'update','--- \nstorage_unit: \n- \n- each\nupdated_at: \n- 2007-06-07 15:18:10 Z\n- 2007-06-07 20:47:38.128839 Z\nlock_version: \n- 0\n- 1\n','2007-06-07 20:47:38'),(331,12,'TaskValue',3,NULL,NULL,'update','--- \nstorage_unit: \n- \n- each\nupdated_at: \n- 2007-06-07 15:18:13 Z\n- 2007-06-07 20:47:39.968491 Z\nlock_version: \n- 0\n- 1\ndata_value: \n- 5.0\n- 4.0\n','2007-06-07 20:47:39'),(332,13,'TaskValue',3,NULL,NULL,'update','--- \nstorage_unit: \n- \n- each\nupdated_at: \n- 2007-06-07 15:18:15 Z\n- 2007-06-07 20:47:41.947922 Z\nlock_version: \n- 0\n- 1\ndata_value: \n- 6.0\n- 5.0\n','2007-06-07 20:47:41'),(333,14,'TaskValue',3,NULL,NULL,'update','--- \nstorage_unit: \n- \n- each\nupdated_at: \n- 2007-06-07 15:18:17 Z\n- 2007-06-07 20:47:43.794267 Z\nlock_version: \n- 0\n- 1\ndata_value: \n- 8.0\n- 6.0\n','2007-06-07 20:47:43'),(334,15,'TaskValue',3,NULL,NULL,'update','--- \nstorage_unit: \n- \n- each\nupdated_at: \n- 2007-06-07 15:18:19 Z\n- 2007-06-07 20:47:45.632002 Z\nlock_version: \n- 0\n- 1\ndata_value: \n- 9.0\n- 7.0\n','2007-06-07 20:47:45'),(335,16,'TaskValue',3,NULL,NULL,'update','--- \nstorage_unit: \n- \n- each\nupdated_at: \n- 2007-06-07 15:18:21 Z\n- 2007-06-07 20:47:47.722221 Z\nlock_version: \n- 0\n- 1\ndata_value: \n- 10.0\n- 8.0\n','2007-06-07 20:47:47'),(336,25,'TaskValue',3,NULL,NULL,'create','--- \ndisplay_unit: \n- \n- count\nupdated_at: \n- \n- &id001 2007-06-07 20:47:59.936207 Z\ntask_id: \n- \n- 1\nupdated_by_user_id: \n- 1\n- 3\ntask_context_id: \n- \n- 20\nid: \n- \n- 25\nparameter_id: \n- \n- 9\ncreated_by_user_id: \n- 1\n- 3\ndata_value: \n- \n- 11.0\ncreated_at: \n- \n- *id001\n','2007-06-07 20:47:59'),(337,26,'TaskValue',3,NULL,NULL,'create','--- \ndisplay_unit: \n- \n- count\nupdated_at: \n- \n- &id001 2007-06-07 20:48:02.068617 Z\ntask_id: \n- \n- 1\nupdated_by_user_id: \n- 1\n- 3\ntask_context_id: \n- \n- 21\nid: \n- \n- 26\nparameter_id: \n- \n- 9\ncreated_by_user_id: \n- 1\n- 3\ndata_value: \n- \n- 16.0\ncreated_at: \n- \n- *id001\n','2007-06-07 20:48:02'),(338,27,'TaskValue',3,NULL,NULL,'create','--- \ndisplay_unit: \n- \n- count\nupdated_at: \n- \n- &id001 2007-06-07 20:48:04.008346 Z\ntask_id: \n- \n- 1\nupdated_by_user_id: \n- 1\n- 3\ntask_context_id: \n- \n- 22\nid: \n- \n- 27\nparameter_id: \n- \n- 9\ncreated_by_user_id: \n- 1\n- 3\ndata_value: \n- \n- 32.0\ncreated_at: \n- \n- *id001\n','2007-06-07 20:48:04'),(339,28,'TaskValue',3,NULL,NULL,'create','--- \ndisplay_unit: \n- \n- count\nupdated_at: \n- \n- &id001 2007-06-07 20:48:05.907133 Z\ntask_id: \n- \n- 1\nupdated_by_user_id: \n- 1\n- 3\ntask_context_id: \n- \n- 23\nid: \n- \n- 28\nparameter_id: \n- \n- 9\ncreated_by_user_id: \n- 1\n- 3\ndata_value: \n- \n- 50.0\ncreated_at: \n- \n- *id001\n','2007-06-07 20:48:05'),(340,29,'TaskValue',3,NULL,NULL,'create','--- \ndisplay_unit: \n- \n- count\nupdated_at: \n- \n- &id001 2007-06-07 20:48:07.777695 Z\ntask_id: \n- \n- 1\nupdated_by_user_id: \n- 1\n- 3\ntask_context_id: \n- \n- 24\nid: \n- \n- 29\nparameter_id: \n- \n- 9\ncreated_by_user_id: \n- 1\n- 3\ndata_value: \n- \n- 69.0\ncreated_at: \n- \n- *id001\n','2007-06-07 20:48:07'),(341,30,'TaskValue',3,NULL,NULL,'create','--- \ndisplay_unit: \n- \n- count\nupdated_at: \n- \n- &id001 2007-06-07 20:48:09.664759 Z\ntask_id: \n- \n- 1\nupdated_by_user_id: \n- 1\n- 3\ntask_context_id: \n- \n- 25\nid: \n- \n- 30\nparameter_id: \n- \n- 9\ncreated_by_user_id: \n- 1\n- 3\ndata_value: \n- \n- 100.0\ncreated_at: \n- \n- *id001\n','2007-06-07 20:48:09'),(342,31,'TaskValue',3,NULL,NULL,'create','--- \ndisplay_unit: \n- \n- count\nupdated_at: \n- \n- &id001 2007-06-07 20:48:11.633176 Z\ntask_id: \n- \n- 1\nupdated_by_user_id: \n- 1\n- 3\ntask_context_id: \n- \n- 26\nid: \n- \n- 31\nparameter_id: \n- \n- 9\ncreated_by_user_id: \n- 1\n- 3\ndata_value: \n- \n- 121.0\ncreated_at: \n- \n- *id001\n','2007-06-07 20:48:11'),(343,25,'TaskValue',3,NULL,NULL,'update','--- \nstorage_unit: \n- \n- each\nupdated_at: \n- 2007-06-07 20:47:59 Z\n- 2007-06-07 20:48:18.980899 Z\nlock_version: \n- 0\n- 1\ndata_value: \n- 11.0\n- 1.0\n','2007-06-07 20:48:18'),(344,26,'TaskValue',3,NULL,NULL,'update','--- \nstorage_unit: \n- \n- each\nupdated_at: \n- 2007-06-07 20:48:02 Z\n- 2007-06-07 20:48:21.179270 Z\nlock_version: \n- 0\n- 1\ndata_value: \n- 16.0\n- 2.0\n','2007-06-07 20:48:21'),(345,27,'TaskValue',3,NULL,NULL,'update','--- \nstorage_unit: \n- \n- each\nupdated_at: \n- 2007-06-07 20:48:04 Z\n- 2007-06-07 20:48:23.357083 Z\nlock_version: \n- 0\n- 1\ndata_value: \n- 32.0\n- 3.0\n','2007-06-07 20:48:23'),(346,28,'TaskValue',3,NULL,NULL,'update','--- \nstorage_unit: \n- \n- each\nupdated_at: \n- 2007-06-07 20:48:05 Z\n- 2007-06-07 20:48:25.513863 Z\nlock_version: \n- 0\n- 1\ndata_value: \n- 50.0\n- 4.0\n','2007-06-07 20:48:25'),(347,29,'TaskValue',3,NULL,NULL,'update','--- \nstorage_unit: \n- \n- each\nupdated_at: \n- 2007-06-07 20:48:07 Z\n- 2007-06-07 20:48:27.377996 Z\nlock_version: \n- 0\n- 1\ndata_value: \n- 69.0\n- 5.0\n','2007-06-07 20:48:27'),(348,30,'TaskValue',3,NULL,NULL,'update','--- \nstorage_unit: \n- \n- each\nupdated_at: \n- 2007-06-07 20:48:09 Z\n- 2007-06-07 20:48:29.222058 Z\nlock_version: \n- 0\n- 1\ndata_value: \n- 100.0\n- 6.0\n','2007-06-07 20:48:29'),(349,31,'TaskValue',3,NULL,NULL,'update','--- \nstorage_unit: \n- \n- each\nupdated_at: \n- 2007-06-07 20:48:11 Z\n- 2007-06-07 20:48:31.074177 Z\nlock_version: \n- 0\n- 1\ndata_value: \n- 121.0\n- 7.0\n','2007-06-07 20:48:31'),(350,32,'TaskValue',3,NULL,NULL,'create','--- \ndisplay_unit: \n- \n- count\nupdated_at: \n- \n- &id001 2007-06-07 20:48:42.344175 Z\ntask_id: \n- \n- 1\nupdated_by_user_id: \n- 1\n- 3\ntask_context_id: \n- \n- 27\nid: \n- \n- 32\nparameter_id: \n- \n- 9\ncreated_by_user_id: \n- 1\n- 3\ndata_value: \n- \n- 8.0\ncreated_at: \n- \n- *id001\n','2007-06-07 20:48:42'),(351,1,'TaskReference',3,NULL,NULL,'update','--- \nupdated_at: \n- 2007-06-07 15:18:26 Z\n- 2007-06-07 20:57:09.140120 Z\nlock_version: \n- 0\n- 1\n','2007-06-07 20:57:09'),(352,1,'TaskReference',3,NULL,NULL,'update','--- \nupdated_at: \n- 2007-06-07 20:57:09 Z\n- 2007-06-07 20:57:30.857018 Z\nlock_version: \n- 1\n- 2\n','2007-06-07 20:57:30'),(353,1,'TaskReference',3,NULL,NULL,'update','--- \ndata_name: \n- AB00106\n- AB00103\nupdated_at: \n- 2007-06-07 20:57:30 Z\n- 2007-06-07 21:04:06.045277 Z\nlock_version: \n- 2\n- 3\ndata_id: \n- 106\n- 103\n','2007-06-07 21:04:06'),(354,33,'TaskValue',3,NULL,NULL,'create','--- \nstorage_unit: \n- \n- mol/m^3\ndisplay_unit: \n- \n- uM\nupdated_at: \n- \n- &id001 2007-06-07 21:42:58.309317 Z\ntask_id: \n- \n- 1\nupdated_by_user_id: \n- 1\n- 3\ntask_context_id: \n- \n- 20\nid: \n- \n- 33\nparameter_id: \n- \n- 11\ncreated_by_user_id: \n- 1\n- 3\ndata_value: \n- \n- 0.001\ncreated_at: \n- \n- *id001\n','2007-06-07 21:42:58'),(355,34,'TaskValue',3,NULL,NULL,'create','--- \nstorage_unit: \n- \n- mol/m^3\ndisplay_unit: \n- \n- uM\nupdated_at: \n- \n- &id001 2007-06-07 21:43:01.804484 Z\ntask_id: \n- \n- 1\nupdated_by_user_id: \n- 1\n- 3\ntask_context_id: \n- \n- 21\nid: \n- \n- 34\nparameter_id: \n- \n- 11\ncreated_by_user_id: \n- 1\n- 3\ndata_value: \n- \n- 0.001\ncreated_at: \n- \n- *id001\n','2007-06-07 21:43:01'),(356,35,'TaskValue',3,NULL,NULL,'create','--- \nstorage_unit: \n- \n- mol/m^3\ndisplay_unit: \n- \n- uM\nupdated_at: \n- \n- &id001 2007-06-07 21:43:03.702378 Z\ntask_id: \n- \n- 1\nupdated_by_user_id: \n- 1\n- 3\ntask_context_id: \n- \n- 22\nid: \n- \n- 35\nparameter_id: \n- \n- 11\ncreated_by_user_id: \n- 1\n- 3\ndata_value: \n- \n- 0.003\ncreated_at: \n- \n- *id001\n','2007-06-07 21:43:03'),(357,36,'TaskValue',3,NULL,NULL,'create','--- \nstorage_unit: \n- \n- mol/m^3\ndisplay_unit: \n- \n- uM\nupdated_at: \n- \n- &id001 2007-06-07 21:43:05.690888 Z\ntask_id: \n- \n- 1\nupdated_by_user_id: \n- 1\n- 3\ntask_context_id: \n- \n- 23\nid: \n- \n- 36\nparameter_id: \n- \n- 11\ncreated_by_user_id: \n- 1\n- 3\ndata_value: \n- \n- 0.005\ncreated_at: \n- \n- *id001\n','2007-06-07 21:43:05'),(358,37,'TaskValue',3,NULL,NULL,'create','--- \nstorage_unit: \n- \n- mol/m^3\ndisplay_unit: \n- \n- uM\nupdated_at: \n- \n- &id001 2007-06-07 21:43:07.502911 Z\ntask_id: \n- \n- 1\nupdated_by_user_id: \n- 1\n- 3\ntask_context_id: \n- \n- 24\nid: \n- \n- 37\nparameter_id: \n- \n- 11\ncreated_by_user_id: \n- 1\n- 3\ndata_value: \n- \n- 0.006\ncreated_at: \n- \n- *id001\n','2007-06-07 21:43:07'),(359,38,'TaskValue',3,NULL,NULL,'create','--- \nstorage_unit: \n- \n- mol/m^3\ndisplay_unit: \n- \n- uM\nupdated_at: \n- \n- &id001 2007-06-07 21:43:09.504432 Z\ntask_id: \n- \n- 1\nupdated_by_user_id: \n- 1\n- 3\ntask_context_id: \n- \n- 25\nid: \n- \n- 38\nparameter_id: \n- \n- 11\ncreated_by_user_id: \n- 1\n- 3\ndata_value: \n- \n- 0.007\ncreated_at: \n- \n- *id001\n','2007-06-07 21:43:09'),(360,39,'TaskValue',3,NULL,NULL,'create','--- \nstorage_unit: \n- \n- mol/m^3\ndisplay_unit: \n- \n- uM\nupdated_at: \n- \n- &id001 2007-06-07 21:43:11.503289 Z\ntask_id: \n- \n- 1\nupdated_by_user_id: \n- 1\n- 3\ntask_context_id: \n- \n- 26\nid: \n- \n- 39\nparameter_id: \n- \n- 11\ncreated_by_user_id: \n- 1\n- 3\ndata_value: \n- \n- 0.008\ncreated_at: \n- \n- *id001\n','2007-06-07 21:43:11'),(361,40,'TaskValue',3,NULL,NULL,'create','--- \nstorage_unit: \n- \n- mol/m^3\ndisplay_unit: \n- \n- uM\nupdated_at: \n- \n- &id001 2007-06-07 21:43:13.202775 Z\ntask_id: \n- \n- 1\nupdated_by_user_id: \n- 1\n- 3\ntask_context_id: \n- \n- 27\nid: \n- \n- 40\nparameter_id: \n- \n- 11\ncreated_by_user_id: \n- 1\n- 3\ndata_value: \n- \n- 0.009\ncreated_at: \n- \n- *id001\n','2007-06-07 21:43:13'),(362,41,'TaskValue',3,NULL,NULL,'create','--- \nstorage_unit: \n- \n- \"\"\ndisplay_unit: \n- \n- \"\"\nupdated_at: \n- \n- &id001 2007-06-07 21:43:15.060256 Z\ntask_id: \n- \n- 1\nupdated_by_user_id: \n- 1\n- 3\ntask_context_id: \n- \n- 20\nid: \n- \n- 41\nparameter_id: \n- \n- 10\ncreated_by_user_id: \n- 1\n- 3\ndata_value: \n- \n- 1.0\ncreated_at: \n- \n- *id001\n','2007-06-07 21:43:15'),(363,42,'TaskValue',3,NULL,NULL,'create','--- \nstorage_unit: \n- \n- \"\"\ndisplay_unit: \n- \n- \"\"\nupdated_at: \n- \n- &id001 2007-06-07 21:43:16.911344 Z\ntask_id: \n- \n- 1\nupdated_by_user_id: \n- 1\n- 3\ntask_context_id: \n- \n- 21\nid: \n- \n- 42\nparameter_id: \n- \n- 10\ncreated_by_user_id: \n- 1\n- 3\ndata_value: \n- \n- 2.0\ncreated_at: \n- \n- *id001\n','2007-06-07 21:43:16'),(364,43,'TaskValue',3,NULL,NULL,'create','--- \nstorage_unit: \n- \n- \"\"\ndisplay_unit: \n- \n- \"\"\nupdated_at: \n- \n- &id001 2007-06-07 21:43:18.766688 Z\ntask_id: \n- \n- 1\nupdated_by_user_id: \n- 1\n- 3\ntask_context_id: \n- \n- 22\nid: \n- \n- 43\nparameter_id: \n- \n- 10\ncreated_by_user_id: \n- 1\n- 3\ndata_value: \n- \n- 3.0\ncreated_at: \n- \n- *id001\n','2007-06-07 21:43:18'),(365,44,'TaskValue',3,NULL,NULL,'create','--- \nstorage_unit: \n- \n- \"\"\ndisplay_unit: \n- \n- \"\"\nupdated_at: \n- \n- &id001 2007-06-07 21:43:20.443611 Z\ntask_id: \n- \n- 1\nupdated_by_user_id: \n- 1\n- 3\ntask_context_id: \n- \n- 23\nid: \n- \n- 44\nparameter_id: \n- \n- 10\ncreated_by_user_id: \n- 1\n- 3\ndata_value: \n- \n- 4.0\ncreated_at: \n- \n- *id001\n','2007-06-07 21:43:20'),(366,45,'TaskValue',3,NULL,NULL,'create','--- \nstorage_unit: \n- \n- \"\"\ndisplay_unit: \n- \n- \"\"\nupdated_at: \n- \n- &id001 2007-06-07 21:43:22.297059 Z\ntask_id: \n- \n- 1\nupdated_by_user_id: \n- 1\n- 3\ntask_context_id: \n- \n- 24\nid: \n- \n- 45\nparameter_id: \n- \n- 10\ncreated_by_user_id: \n- 1\n- 3\ndata_value: \n- \n- 5.0\ncreated_at: \n- \n- *id001\n','2007-06-07 21:43:22'),(367,46,'TaskValue',3,NULL,NULL,'create','--- \nstorage_unit: \n- \n- \"\"\ndisplay_unit: \n- \n- \"\"\nupdated_at: \n- \n- &id001 2007-06-07 21:43:24.086903 Z\ntask_id: \n- \n- 1\nupdated_by_user_id: \n- 1\n- 3\ntask_context_id: \n- \n- 25\nid: \n- \n- 46\nparameter_id: \n- \n- 10\ncreated_by_user_id: \n- 1\n- 3\ndata_value: \n- \n- 6.0\ncreated_at: \n- \n- *id001\n','2007-06-07 21:43:24'),(368,47,'TaskValue',3,NULL,NULL,'create','--- \nstorage_unit: \n- \n- \"\"\ndisplay_unit: \n- \n- \"\"\nupdated_at: \n- \n- &id001 2007-06-07 21:43:26.100029 Z\ntask_id: \n- \n- 1\nupdated_by_user_id: \n- 1\n- 3\ntask_context_id: \n- \n- 26\nid: \n- \n- 47\nparameter_id: \n- \n- 10\ncreated_by_user_id: \n- 1\n- 3\ndata_value: \n- \n- 7.0\ncreated_at: \n- \n- *id001\n','2007-06-07 21:43:26'),(369,48,'TaskValue',3,NULL,NULL,'create','--- \nstorage_unit: \n- \n- \"\"\ndisplay_unit: \n- \n- \"\"\nupdated_at: \n- \n- &id001 2007-06-07 21:43:27.797507 Z\ntask_id: \n- \n- 1\nupdated_by_user_id: \n- 1\n- 3\ntask_context_id: \n- \n- 27\nid: \n- \n- 48\nparameter_id: \n- \n- 10\ncreated_by_user_id: \n- 1\n- 3\ndata_value: \n- \n- 8.0\ncreated_at: \n- \n- *id001\n','2007-06-07 21:43:27'),(370,19,'TaskValue',3,NULL,NULL,'update','--- \nstorage_unit: \n- \n- each\nupdated_at: \n- 2007-06-07 15:20:38 Z\n- 2007-06-07 21:43:29.637934 Z\nlock_version: \n- 0\n- 1\ndata_value: \n- 2.0\n- 9.0\n','2007-06-07 21:43:29'),(371,43,'TaskValue',3,NULL,NULL,'update','--- \nupdated_at: \n- 2007-06-07 21:43:18 Z\n- 2007-06-07 21:43:31.312379 Z\nlock_version: \n- 0\n- 1\ndata_value: \n- 3.0\n- 4.0\n','2007-06-07 21:43:31'),(372,44,'TaskValue',3,NULL,NULL,'update','--- \nupdated_at: \n- 2007-06-07 21:43:20 Z\n- 2007-06-07 21:43:33.061152 Z\nlock_version: \n- 0\n- 1\ndata_value: \n- 4.0\n- 8.0\n','2007-06-07 21:43:33'),(373,45,'TaskValue',3,NULL,NULL,'update','--- \nupdated_at: \n- 2007-06-07 21:43:22 Z\n- 2007-06-07 21:43:34.893029 Z\nlock_version: \n- 0\n- 1\ndata_value: \n- 5.0\n- 16.0\n','2007-06-07 21:43:34'),(374,46,'TaskValue',3,NULL,NULL,'update','--- \nupdated_at: \n- 2007-06-07 21:43:24 Z\n- 2007-06-07 21:43:36.595154 Z\nlock_version: \n- 0\n- 1\ndata_value: \n- 6.0\n- 32.0\n','2007-06-07 21:43:36'),(375,47,'TaskValue',3,NULL,NULL,'update','--- \nupdated_at: \n- 2007-06-07 21:43:26 Z\n- 2007-06-07 21:43:38.461320 Z\nlock_version: \n- 0\n- 1\ndata_value: \n- 7.0\n- 64.0\n','2007-06-07 21:43:38'),(376,48,'TaskValue',3,NULL,NULL,'update','--- \nupdated_at: \n- 2007-06-07 21:43:27 Z\n- 2007-06-07 21:43:43.373427 Z\nlock_version: \n- 0\n- 1\ndata_value: \n- 8.0\n- 128.0\n','2007-06-07 21:43:43'),(377,49,'TaskValue',3,NULL,NULL,'create','--- \nstorage_unit: \n- \n- \"\"\ndisplay_unit: \n- \n- \"\"\nupdated_at: \n- \n- &id001 2007-06-07 21:43:45.928561 Z\ntask_id: \n- \n- 1\nupdated_by_user_id: \n- 1\n- 3\ntask_context_id: \n- \n- 15\nid: \n- \n- 49\nparameter_id: \n- \n- 10\ncreated_by_user_id: \n- 1\n- 3\ndata_value: \n- \n- 128.0\ncreated_at: \n- \n- *id001\n','2007-06-07 21:43:45'),(378,3,'TaskText',3,NULL,NULL,'create','--- \nupdated_at: \n- \n- &id001 2007-06-07 21:43:56.259658 Z\ntask_id: \n- \n- 1\nupdated_by_user_id: \n- 1\n- 3\ntask_context_id: \n- \n- 19\nid: \n- \n- 3\nparameter_id: \n- \n- 12\ndata_content: \n- \n- X5489348\ncreated_by_user_id: \n- 1\n- 3\ncreated_at: \n- \n- *id001\n','2007-06-07 21:43:56'),(379,22,'TaskValue',3,NULL,NULL,'update','--- \nstorage_unit: \n- \n- mol/m^3\nupdated_at: \n- 2007-06-07 20:46:58 Z\n- 2007-06-07 21:44:04.711063 Z\nlock_version: \n- 0\n- 1\ndata_value: \n- 2.0\n- 0.02\n','2007-06-07 21:44:04'),(380,23,'TaskValue',3,NULL,NULL,'update','--- \nstorage_unit: \n- \n- mol/m^3\nupdated_at: \n- 2007-06-07 20:47:00 Z\n- 2007-06-07 21:44:06.551388 Z\nlock_version: \n- 0\n- 1\ndata_value: \n- 3.0\n- 0.05\n','2007-06-07 21:44:06'),(381,8,'DataFormat',3,NULL,NULL,'update','--- \nupdated_at: \n- 2007-05-26 12:21:37 Z\n- 2007-06-07 21:45:05.753106 Z\nlock_version: \n- 2\n- 3\nformat_sprintf: \n- \"%9d\"\n- \"%d\"\n','2007-06-07 21:45:05'),(382,4,'DataFormat',3,NULL,NULL,'update','--- \nupdated_at: \n- 2007-06-01 11:05:23 Z\n- 2007-06-07 21:45:34.195774 Z\nlock_version: \n- 5\n- 6\nformat_sprintf: \n- \"\"\n- \"%d %s\"\n','2007-06-07 21:45:34'),(383,24,'TaskValue',3,NULL,NULL,'update','--- \nstorage_unit: \n- \n- mol/m^3\nupdated_at: \n- 2007-06-07 20:47:02 Z\n- 2007-06-07 21:45:56.020329 Z\nlock_version: \n- 0\n- 1\ndata_value: \n- 4.0\n- 0.1\n','2007-06-07 21:45:56'),(384,50,'TaskValue',3,NULL,NULL,'create','--- \nstorage_unit: \n- \n- mol/m^3\ndisplay_unit: \n- \n- uM\nupdated_at: \n- \n- &id001 2007-06-07 21:45:58.471085 Z\ntask_id: \n- \n- 1\nupdated_by_user_id: \n- 1\n- 3\ntask_context_id: \n- \n- 15\nid: \n- \n- 50\nparameter_id: \n- \n- 11\ncreated_by_user_id: \n- 1\n- 3\ndata_value: \n- \n- 0.2\ncreated_at: \n- \n- *id001\n','2007-06-07 21:45:58'),(385,2,'TaskReference',3,NULL,NULL,'update','--- \ndata_name: \n- AB001000\n- AB00105\nupdated_at: \n- 2007-06-07 15:18:34 Z\n- 2007-06-07 21:46:21.680515 Z\nlock_version: \n- 0\n- 1\ndata_id: \n- 1000\n- 105\n','2007-06-07 21:46:21'),(386,1,'TaskReference',3,NULL,NULL,'update','--- \nupdated_at: \n- 2007-06-07 21:04:06 Z\n- 2007-06-07 21:46:50.896580 Z\nlock_version: \n- 3\n- 4\n','2007-06-07 21:46:50'),(387,2,'TaskReference',3,NULL,NULL,'update','--- \nupdated_at: \n- 2007-06-07 21:46:21 Z\n- 2007-06-07 21:46:57.282214 Z\nlock_version: \n- 1\n- 2\n','2007-06-07 21:46:57'),(388,25,'TaskValue',3,NULL,NULL,'update','--- \nupdated_at: \n- 2007-06-07 20:48:18 Z\n- 2007-06-07 22:32:58.289635 Z\nlock_version: \n- 1\n- 2\ndata_value: \n- 1.0\n- 12.0\n','2007-06-07 22:32:58'),(389,26,'TaskValue',3,NULL,NULL,'update','--- \nupdated_at: \n- 2007-06-07 20:48:21 Z\n- 2007-06-07 22:33:00.458164 Z\nlock_version: \n- 1\n- 2\ndata_value: \n- 2.0\n- 34.0\n','2007-06-07 22:33:00'),(390,27,'TaskValue',3,NULL,NULL,'update','--- \nupdated_at: \n- 2007-06-07 20:48:23 Z\n- 2007-06-07 22:33:02.573982 Z\nlock_version: \n- 1\n- 2\ndata_value: \n- 3.0\n- 56.0\n','2007-06-07 22:33:02'),(391,28,'TaskValue',3,NULL,NULL,'update','--- \nupdated_at: \n- 2007-06-07 20:48:25 Z\n- 2007-06-07 22:33:04.598447 Z\nlock_version: \n- 1\n- 2\ndata_value: \n- 4.0\n- 78.0\n','2007-06-07 22:33:04'),(392,29,'TaskValue',3,NULL,NULL,'update','--- \nupdated_at: \n- 2007-06-07 20:48:27 Z\n- 2007-06-07 22:33:06.651092 Z\nlock_version: \n- 1\n- 2\ndata_value: \n- 5.0\n- 899.0\n','2007-06-07 22:33:06'),(393,30,'TaskValue',3,NULL,NULL,'update','--- \nupdated_at: \n- 2007-06-07 20:48:29 Z\n- 2007-06-07 22:33:09.070054 Z\nlock_version: \n- 1\n- 2\ndata_value: \n- 6.0\n- 987.0\n','2007-06-07 22:33:09'),(394,31,'TaskValue',3,NULL,NULL,'update','--- \nupdated_at: \n- 2007-06-07 20:48:31 Z\n- 2007-06-07 22:33:11.273307 Z\nlock_version: \n- 1\n- 2\ndata_value: \n- 7.0\n- 999.0\n','2007-06-07 22:33:11'),(395,32,'TaskValue',3,NULL,NULL,'update','--- \nstorage_unit: \n- \n- each\nupdated_at: \n- 2007-06-07 20:48:42 Z\n- 2007-06-07 22:33:13.973196 Z\nlock_version: \n- 0\n- 1\ndata_value: \n- 8.0\n- 1000.0\n','2007-06-07 22:33:13'),(396,33,'Membership',3,NULL,NULL,'create','--- \nproject_id: \n- 0\n- 13\nupdated_at: \n- \n- &id001 2007-06-07 22:50:01.018618 Z\nrole_id: \n- 0\n- 3\nupdated_by_user_id: \n- 1\n- 3\nid: \n- \n- 33\nuser_id: \n- 0\n- 4\ncreated_by_user_id: \n- 1\n- 3\ncreated_at: \n- \n- *id001\n','2007-06-07 22:50:01'),(397,33,'Membership',3,NULL,NULL,'update','--- \nupdated_at: \n- 2007-06-07 22:50:01.018618 Z\n- 2007-06-07 22:50:01.042505 Z\n','2007-06-07 22:50:01'),(398,34,'Membership',3,NULL,NULL,'create','--- \nproject_id: \n- 0\n- 13\nupdated_at: \n- \n- &id001 2007-06-07 22:50:13.936246 Z\nrole_id: \n- 0\n- 3\nupdated_by_user_id: \n- 1\n- 3\nid: \n- \n- 34\nuser_id: \n- 0\n- 6\ncreated_by_user_id: \n- 1\n- 3\ncreated_at: \n- \n- *id001\n','2007-06-07 22:50:13'),(399,34,'Membership',3,NULL,NULL,'update','--- \nupdated_at: \n- 2007-06-07 22:50:13.936246 Z\n- 2007-06-07 22:50:13.957733 Z\n','2007-06-07 22:50:13'),(400,35,'Membership',3,NULL,NULL,'create','--- \nproject_id: \n- 0\n- 13\nupdated_at: \n- \n- &id001 2007-06-07 22:50:30.354130 Z\nrole_id: \n- 0\n- 3\nupdated_by_user_id: \n- 1\n- 3\nid: \n- \n- 35\nuser_id: \n- 0\n- 7\ncreated_by_user_id: \n- 1\n- 3\ncreated_at: \n- \n- *id001\n','2007-06-07 22:50:30'),(401,35,'Membership',3,NULL,NULL,'update','--- \nupdated_at: \n- 2007-06-07 22:50:30.354130 Z\n- 2007-06-07 22:50:30.377799 Z\n','2007-06-07 22:50:30'),(402,32,'Membership',3,NULL,NULL,'update','--- \nupdated_at: \n- 2007-06-06 22:06:30 Z\n- 2007-06-07 22:50:44.537353 Z\nrole_id: \n- 1\n- 3\n','2007-06-07 22:50:44'),(403,1,'TaskReference',3,NULL,NULL,'update','--- \nupdated_at: \n- 2007-06-07 21:46:50 Z\n- 2007-06-08 09:48:48.546489 Z\nlock_version: \n- 4\n- 5\n','2007-06-08 09:48:48'),(404,10,'TaskValue',3,NULL,NULL,'update','--- \nupdated_at: \n- 2007-06-07 20:47:36 Z\n- 2007-06-08 09:49:01.561054 Z\nlock_version: \n- 1\n- 2\ndata_value: \n- 2.0\n- 10.0\n','2007-06-08 09:49:01'),(405,11,'TaskValue',3,NULL,NULL,'update','--- \nupdated_at: \n- 2007-06-07 20:47:38 Z\n- 2007-06-08 09:49:04.263200 Z\nlock_version: \n- 1\n- 2\ndata_value: \n- 3.0\n- 20.0\n','2007-06-08 09:49:04'),(406,12,'TaskValue',3,NULL,NULL,'update','--- \nupdated_at: \n- 2007-06-07 20:47:39 Z\n- 2007-06-08 09:49:06.200738 Z\nlock_version: \n- 1\n- 2\ndata_value: \n- 4.0\n- 30.0\n','2007-06-08 09:49:06'),(407,13,'TaskValue',3,NULL,NULL,'update','--- \nupdated_at: \n- 2007-06-07 20:47:41 Z\n- 2007-06-08 09:49:10.475547 Z\nlock_version: \n- 1\n- 2\ndata_value: \n- 5.0\n- 200.0\n','2007-06-08 09:49:10'),(408,14,'TaskValue',3,NULL,NULL,'update','--- \nupdated_at: \n- 2007-06-07 20:47:43 Z\n- 2007-06-08 09:49:14.587918 Z\nlock_version: \n- 1\n- 2\ndata_value: \n- 6.0\n- 354.0\n','2007-06-08 09:49:14'),(409,15,'TaskValue',3,NULL,NULL,'update','--- \nupdated_at: \n- 2007-06-07 20:47:45 Z\n- 2007-06-08 09:49:18.281567 Z\nlock_version: \n- 1\n- 2\ndata_value: \n- 7.0\n- 890.0\n','2007-06-08 09:49:18'),(410,16,'TaskValue',3,NULL,NULL,'update','--- \nupdated_at: \n- 2007-06-07 20:47:47 Z\n- 2007-06-08 09:49:49.704549 Z\nlock_version: \n- 1\n- 2\ndata_value: \n- 8.0\n- 999.0\n','2007-06-08 09:49:49'),(411,1,'TaskValue',3,NULL,NULL,'update','--- \nstorage_unit: \n- \n- \"\"\nupdated_at: \n- 2007-06-07 15:17:20 Z\n- 2007-06-08 09:55:14.686111 Z\nlock_version: \n- 0\n- 1\n','2007-06-08 09:55:14'),(412,2,'TaskValue',3,NULL,NULL,'update','--- \nstorage_unit: \n- \n- \"\"\nupdated_at: \n- 2007-06-07 15:17:22 Z\n- 2007-06-08 09:55:16.623482 Z\nlock_version: \n- 0\n- 1\n','2007-06-08 09:55:16'),(413,3,'TaskValue',3,NULL,NULL,'update','--- \nstorage_unit: \n- \n- \"\"\nupdated_at: \n- 2007-06-07 15:17:24 Z\n- 2007-06-08 09:55:18.461364 Z\nlock_version: \n- 0\n- 1\ndata_value: \n- 4.0\n- 3.0\n','2007-06-08 09:55:18'),(414,4,'TaskValue',3,NULL,NULL,'update','--- \nstorage_unit: \n- \n- \"\"\nupdated_at: \n- 2007-06-07 15:17:26 Z\n- 2007-06-08 09:55:20.451964 Z\nlock_version: \n- 0\n- 1\ndata_value: \n- 8.0\n- 4.0\n','2007-06-08 09:55:20'),(415,5,'TaskValue',3,NULL,NULL,'update','--- \nstorage_unit: \n- \n- \"\"\nupdated_at: \n- 2007-06-07 15:17:28 Z\n- 2007-06-08 09:55:22.440371 Z\nlock_version: \n- 0\n- 1\ndata_value: \n- 16.0\n- 4.0\n','2007-06-08 09:55:22'),(416,1,'TaskValue',3,NULL,NULL,'update','--- \nupdated_at: \n- 2007-06-08 09:55:14 Z\n- 2007-06-08 09:56:36.437675 Z\nlock_version: \n- 1\n- 2\n','2007-06-08 09:56:36'),(417,2,'TaskValue',3,NULL,NULL,'update','--- \nupdated_at: \n- 2007-06-08 09:55:16 Z\n- 2007-06-08 09:56:38.280395 Z\nlock_version: \n- 1\n- 2\ndata_value: \n- 2.0\n- 10.0\n','2007-06-08 09:56:38'),(418,3,'TaskValue',3,NULL,NULL,'update','--- \nupdated_at: \n- 2007-06-08 09:55:18 Z\n- 2007-06-08 09:56:40.127170 Z\nlock_version: \n- 1\n- 2\ndata_value: \n- 3.0\n- 20.0\n','2007-06-08 09:56:40'),(419,4,'TaskValue',3,NULL,NULL,'update','--- \nupdated_at: \n- 2007-06-08 09:55:20 Z\n- 2007-06-08 09:56:41.971948 Z\nlock_version: \n- 1\n- 2\ndata_value: \n- 4.0\n- 30.0\n','2007-06-08 09:56:41'),(420,5,'TaskValue',3,NULL,NULL,'update','--- \nupdated_at: \n- 2007-06-08 09:55:22 Z\n- 2007-06-08 09:56:43.841197 Z\nlock_version: \n- 1\n- 2\ndata_value: \n- 4.0\n- 40.0\n','2007-06-08 09:56:43'),(421,2,'TaskReference',3,NULL,NULL,'update','--- \nupdated_at: \n- 2007-06-07 21:46:57 Z\n- 2007-06-08 10:00:00.969980 Z\nlock_version: \n- 2\n- 3\n','2007-06-08 10:00:00'),(422,1,'TaskReference',3,NULL,NULL,'update','--- \nupdated_at: \n- 2007-06-08 09:48:48 Z\n- 2007-06-08 10:00:07.578731 Z\nlock_version: \n- 5\n- 6\n','2007-06-08 10:00:07'),(423,41,'TaskValue',3,NULL,NULL,'update','--- \nupdated_at: \n- 2007-06-07 21:43:15 Z\n- 2007-06-08 10:03:12.418786 Z\nlock_version: \n- 0\n- 1\n','2007-06-08 10:03:12'),(424,42,'TaskValue',3,NULL,NULL,'update','--- \nupdated_at: \n- 2007-06-07 21:43:16 Z\n- 2007-06-08 10:03:14.292753 Z\nlock_version: \n- 0\n- 1\n','2007-06-08 10:03:14'),(425,43,'TaskValue',3,NULL,NULL,'update','--- \nupdated_at: \n- 2007-06-07 21:43:31 Z\n- 2007-06-08 10:03:16.308091 Z\nlock_version: \n- 1\n- 2\n','2007-06-08 10:03:16'),(426,44,'TaskValue',3,NULL,NULL,'update','--- \nupdated_at: \n- 2007-06-07 21:43:33 Z\n- 2007-06-08 10:03:18.320160 Z\nlock_version: \n- 1\n- 2\n','2007-06-08 10:03:18'),(427,45,'TaskValue',3,NULL,NULL,'update','--- \nupdated_at: \n- 2007-06-07 21:43:34 Z\n- 2007-06-08 10:03:20.207920 Z\nlock_version: \n- 1\n- 2\n','2007-06-08 10:03:20'),(428,2,'TaskReference',3,NULL,NULL,'update','--- \nupdated_at: \n- 2007-06-08 10:00:00 Z\n- 2007-06-08 10:03:39.834984 Z\nlock_version: \n- 3\n- 4\n','2007-06-08 10:03:39'),(429,1,'TaskReference',3,NULL,NULL,'update','--- \nupdated_at: \n- 2007-06-08 10:00:07 Z\n- 2007-06-08 10:03:56.131580 Z\nlock_version: \n- 6\n- 7\n','2007-06-08 10:03:56'),(430,1,'TaskReference',3,NULL,NULL,'update','--- \ndata_name: \n- AB00103\n- AB00109\nupdated_at: \n- 2007-06-08 10:03:56 Z\n- 2007-06-08 10:04:10.850868 Z\nlock_version: \n- 7\n- 8\ndata_id: \n- 103\n- 109\n','2007-06-08 10:04:10'),(431,2,'TaskReference',3,NULL,NULL,'update','--- \nupdated_at: \n- 2007-06-08 10:03:39 Z\n- 2007-06-08 10:04:20.912717 Z\nlock_version: \n- 4\n- 5\n','2007-06-08 10:04:20'),(432,3,'TaskText',3,NULL,NULL,'update','--- \nupdated_at: \n- 2007-06-07 21:43:56 Z\n- 2007-06-08 10:26:09.540467 Z\nlock_version: \n- 0\n- 1\ndata_content: \n- X5489348\n- XXX\n','2007-06-08 10:26:09'),(433,3,'TaskText',3,NULL,NULL,'update','--- \nupdated_at: \n- 2007-06-08 10:26:09 Z\n- 2007-06-08 10:37:07.252505 Z\nlock_version: \n- 1\n- 2\ndata_content: \n- XXX\n- \"%%%%\"\n','2007-06-08 10:37:07'),(434,3,'TaskText',3,NULL,NULL,'update','--- \nupdated_at: \n- 2007-06-08 10:37:07 Z\n- 2007-06-08 10:40:54.645721 Z\nlock_version: \n- 2\n- 3\ndata_content: \n- \"%%%%\"\n- \"<>|://% % \"\n','2007-06-08 10:40:54'),(435,3,'TaskText',3,NULL,NULL,'update','--- \nupdated_at: \n- 2007-06-08 10:40:54 Z\n- 2007-06-08 10:41:14.875631 Z\nlock_version: \n- 3\n- 4\ndata_content: \n- \"<>|://% % \"\n- X3578389\n','2007-06-08 10:41:14'),(436,3,'ParameterType',3,NULL,NULL,'update','--- \nstorage_unit: \n- concentration\n- \"\"\nupdated_at: \n- 2007-06-06 17:01:06 Z\n- 2007-06-08 10:45:01.882170 Z\nlock_version: \n- 0\n- 1\n','2007-06-08 10:45:01'),(437,4,'StudyParameter',3,NULL,NULL,'update','--- \ndisplay_unit: \n- uM\n- \"%\"\n','2007-06-08 10:46:09'),(438,23,'StudyParameter',3,NULL,NULL,'create','--- \nname: \n- \n- Fitdata\ndefault_value: \n- \n- \"\"\ndisplay_unit: \n- \n- \"\"\nparameter_role_id: \n- \n- 1\nparameter_type_id: \n- \n- 4\ndata_type_id: \n- \n- 7\nupdated_by_user_id: \n- 1\n- 3\nid: \n- \n- 23\ndescription: \n- \"\"\n- Fit Data\ncreated_by_user_id: \n- 1\n- 3\n','2007-06-08 10:48:19'),(439,16,'ParameterType',3,NULL,NULL,'create','--- \nname: \n- \"\"\n- Date\nstorage_unit: \n- \n- \"\"\nupdated_at: \n- \n- &id001 2007-06-08 10:49:26.467984 Z\ndata_type_id: \n- \n- 3\nupdated_by_user_id: \n- 1\n- 3\nid: \n- \n- 16\ndescription: \n- \"\"\n- Date\ncreated_by_user_id: \n- 1\n- 3\ncreated_at: \n- \n- *id001\n','2007-06-08 10:49:26'),(440,17,'ParameterType',3,NULL,NULL,'create','--- \nname: \n- \"\"\n- Time\nstorage_unit: \n- \n- time\nupdated_at: \n- \n- &id001 2007-06-08 10:49:50.483445 Z\ndata_type_id: \n- \n- 2\nupdated_by_user_id: \n- 1\n- 3\nid: \n- \n- 17\ndescription: \n- \"\"\n- Time\ncreated_by_user_id: \n- 1\n- 3\ncreated_at: \n- \n- *id001\n','2007-06-08 10:49:50'),(441,18,'ParameterType',3,NULL,NULL,'create','--- \nname: \n- \"\"\n- Temperature\nstorage_unit: \n- \n- temperature\nupdated_at: \n- \n- &id001 2007-06-08 10:51:11.101885 Z\ndata_type_id: \n- \n- 2\nupdated_by_user_id: \n- 1\n- 3\nid: \n- \n- 18\ndescription: \n- \"\"\n- Temperature\ncreated_by_user_id: \n- 1\n- 3\ncreated_at: \n- \n- *id001\n','2007-06-08 10:51:11'),(442,24,'StudyParameter',3,NULL,NULL,'create','--- \nname: \n- \n- Temperature\ndefault_value: \n- \n- \"\"\ndisplay_unit: \n- \n- degC\nparameter_role_id: \n- \n- 6\nparameter_type_id: \n- \n- 18\ndata_format_id: \n- \n- 4\ndata_type_id: \n- \n- 2\nupdated_by_user_id: \n- 1\n- 3\nid: \n- \n- 24\ndescription: \n- \"\"\n- Temperature\ncreated_by_user_id: \n- 1\n- 3\n','2007-06-08 10:53:07'),(443,25,'StudyParameter',3,NULL,NULL,'create','--- \nname: \n- \n- Date\ndefault_value: \n- \n- \"\"\ndisplay_unit: \n- \n- \"\"\nparameter_role_id: \n- \n- 3\nparameter_type_id: \n- \n- 16\ndata_format_id: \n- \n- 25\ndata_type_id: \n- \n- 3\nupdated_by_user_id: \n- 1\n- 3\nid: \n- \n- 25\ndescription: \n- \"\"\n- Date of measurment\ncreated_by_user_id: \n- 1\n- 3\n','2007-06-08 10:53:53'),(444,4,'ProtocolVersion',3,NULL,NULL,'create','--- \nname: \n- \n- Prot-21:2\nupdated_at: \n- \n- &id001 2007-06-08 10:57:07.274983 Z\nupdated_by_user_id: \n- 1\n- 3\nstudy_protocol_id: \n- \n- 3\nid: \n- \n- 4\nversion: \n- \n- 2\ncreated_by_user_id: \n- 1\n- 3\ncreated_at: \n- \n- *id001\n','2007-06-08 10:57:07'),(445,15,'Parameter',3,NULL,NULL,'create','--- \nparameter_context_id: \n- 4\n- 7\nupdated_at: \n- 2007-06-07 15:11:54 Z\n- 2007-06-08 10:57:07.564121 Z\nprotocol_version_id: \n- 3\n- 4\nid: \n- \n- 15\n','2007-06-08 10:57:07'),(446,16,'Parameter',3,NULL,NULL,'create','--- \nparameter_context_id: \n- 4\n- 7\nupdated_at: \n- 2007-06-07 15:12:00 Z\n- 2007-06-08 10:57:07.613477 Z\nprotocol_version_id: \n- 3\n- 4\nid: \n- \n- 16\n','2007-06-08 10:57:07'),(447,17,'Parameter',3,NULL,NULL,'create','--- \nparameter_context_id: \n- 4\n- 7\nupdated_at: \n- 2007-06-07 15:12:06 Z\n- 2007-06-08 10:57:07.808614 Z\nprotocol_version_id: \n- 3\n- 4\nid: \n- \n- 17\n','2007-06-08 10:57:07'),(448,18,'Parameter',3,NULL,NULL,'create','--- \nparameter_context_id: \n- 3\n- 6\nupdated_at: \n- 2007-06-07 15:11:02 Z\n- 2007-06-08 10:57:07.872885 Z\nprotocol_version_id: \n- 3\n- 4\nid: \n- \n- 18\n','2007-06-08 10:57:07'),(449,19,'Parameter',3,NULL,NULL,'create','--- \nparameter_context_id: \n- 3\n- 6\nupdated_at: \n- 2007-06-07 15:11:13 Z\n- 2007-06-08 10:57:07.913262 Z\nprotocol_version_id: \n- 3\n- 4\nid: \n- \n- 19\n','2007-06-08 10:57:07'),(450,20,'Parameter',3,NULL,NULL,'create','--- \nparameter_context_id: \n- 3\n- 6\nupdated_at: \n- 2007-06-07 15:11:22 Z\n- 2007-06-08 10:57:07.976322 Z\nprotocol_version_id: \n- 3\n- 4\nid: \n- \n- 20\n','2007-06-08 10:57:07'),(451,21,'Parameter',3,NULL,NULL,'create','--- \nparameter_context_id: \n- 5\n- 8\nupdated_at: \n- 2007-06-07 15:15:28 Z\n- 2007-06-08 10:57:08.032537 Z\nprotocol_version_id: \n- 3\n- 4\nid: \n- \n- 21\n','2007-06-08 10:57:08'),(452,22,'Parameter',3,NULL,NULL,'create','--- \nparameter_context_id: \n- 5\n- 8\nupdated_at: \n- 2007-06-07 15:15:28 Z\n- 2007-06-08 10:57:08.242219 Z\nprotocol_version_id: \n- 3\n- 4\nid: \n- \n- 22\n','2007-06-08 10:57:08'),(453,23,'Parameter',3,NULL,NULL,'create','--- \nparameter_context_id: \n- 5\n- 8\nupdated_at: \n- 2007-06-07 15:15:28 Z\n- 2007-06-08 10:57:08.286407 Z\nprotocol_version_id: \n- 3\n- 4\nid: \n- \n- 23\n','2007-06-08 10:57:08'),(454,3,'StudyProtocol',3,NULL,NULL,'update','--- \nupdated_at: \n- 2007-06-07 15:10:30 Z\n- 2007-06-08 10:57:19.232698 Z\nlock_version: \n- 1\n- 2\n','2007-06-08 10:57:19'),(455,4,'ProtocolVersion',3,NULL,NULL,'update','--- \nupdated_at: \n- 2000-01-01 10:57:07 Z\n- 2007-06-08 10:57:19.432419 Z\nlock_version: \n- 0\n- 1\n','2007-06-08 10:57:19'),(456,24,'Parameter',3,NULL,NULL,'create','--- \nname: \n- \n- Date\nparameter_context_id: \n- \n- 8\ndefault_value: \n- \n- \"\"\ndisplay_unit: \n- \n- \"\"\nupdated_at: \n- \n- &id001 2007-06-08 10:57:52.518365 Z\nprotocol_version_id: \n- \n- 4\nparameter_type_id: \n- \n- 16\nparameter_role_id: \n- \n- 3\ndata_format_id: \n- \n- 25\ndata_type_id: \n- \n- 3\nupdated_by_user_id: \n- 1\n- 3\nid: \n- \n- 24\nstudy_parameter_id: \n- \n- 25\nsequence_num: \n- \n- 0\ncreated_by_user_id: \n- 1\n- 3\ncreated_at: \n- \n- *id001\n','2007-06-08 10:57:52'),(457,24,'Parameter',3,NULL,NULL,'update','--- \nupdated_at: \n- 2007-06-08 10:57:52.518365 Z\n- 2007-06-08 10:57:52.549584 Z\nlock_version: \n- 0\n- 1\n','2007-06-08 10:57:52'),(458,24,'Parameter',3,NULL,NULL,'update','--- \nupdated_at: \n- 2007-06-08 10:57:52.549584 Z\n- 2007-06-08 10:57:52.710417 Z\ncolumn_no: \n- \n- 10\nlock_version: \n- 1\n- 2\n','2007-06-08 10:57:52'),(459,25,'Parameter',3,NULL,NULL,'create','--- \nname: \n- \n- Fitdata\nparameter_context_id: \n- \n- 6\ndefault_value: \n- \n- \"\"\ndisplay_unit: \n- \n- \"\"\nupdated_at: \n- \n- &id001 2007-06-08 10:57:59.085181 Z\nprotocol_version_id: \n- \n- 4\nparameter_type_id: \n- \n- 4\nparameter_role_id: \n- \n- 1\ndata_type_id: \n- \n- 7\nupdated_by_user_id: \n- 1\n- 3\nid: \n- \n- 25\nstudy_parameter_id: \n- \n- 23\nsequence_num: \n- \n- 0\ncreated_by_user_id: \n- 1\n- 3\ncreated_at: \n- \n- *id001\n','2007-06-08 10:57:59'),(460,25,'Parameter',3,NULL,NULL,'update','--- \nupdated_at: \n- 2007-06-08 10:57:59.085181 Z\n- 2007-06-08 10:57:59.121880 Z\nlock_version: \n- 0\n- 1\n','2007-06-08 10:57:59'),(461,25,'Parameter',3,NULL,NULL,'update','--- \nupdated_at: \n- 2007-06-08 10:57:59.121880 Z\n- 2007-06-08 10:57:59.137674 Z\ncolumn_no: \n- \n- 11\nlock_version: \n- 1\n- 2\n','2007-06-08 10:57:59'),(462,26,'Parameter',3,NULL,NULL,'create','--- \nname: \n- \n- Delta\nparameter_context_id: \n- \n- 8\ndefault_value: \n- \n- \"0\"\ndisplay_unit: \n- \n- min\nupdated_at: \n- \n- &id001 2007-06-08 10:58:15.368175 Z\nprotocol_version_id: \n- \n- 4\nparameter_type_id: \n- \n- 9\nparameter_role_id: \n- \n- 6\ndata_format_id: \n- \n- 4\ndata_type_id: \n- \n- 2\nupdated_by_user_id: \n- 1\n- 3\nid: \n- \n- 26\nstudy_parameter_id: \n- \n- 1\nsequence_num: \n- \n- 0\ncreated_by_user_id: \n- 1\n- 3\ncreated_at: \n- \n- *id001\n','2007-06-08 10:58:15'),(463,26,'Parameter',3,NULL,NULL,'update','--- \nupdated_at: \n- 2007-06-08 10:58:15.368175 Z\n- 2007-06-08 10:58:15.400895 Z\nlock_version: \n- 0\n- 1\n','2007-06-08 10:58:15'),(464,26,'Parameter',3,NULL,NULL,'update','--- \nupdated_at: \n- 2007-06-08 10:58:15.400895 Z\n- 2007-06-08 10:58:15.416225 Z\ncolumn_no: \n- \n- 12\nlock_version: \n- 1\n- 2\n','2007-06-08 10:58:15'),(465,26,'Parameter',3,NULL,NULL,'update','--- \nparameter_context_id: \n- 8\n- 7\nupdated_at: \n- 2007-06-08 10:58:15 Z\n- 2007-06-08 10:58:20.891064 Z\nlock_version: \n- 2\n- 3\n','2007-06-08 10:58:20'),(466,2,'Task',3,NULL,NULL,'create','--- \nexperiment_id: \n- \n- 1\ndone_hours: \n- \n- 0.0\nname: \n- \"\"\n- rjs-296-1\nexpected_hours: \n- \n- 1.0\nproject_id: \n- \n- 13\nupdated_at: \n- \n- &id001 2007-06-08 10:59:16.095892 Z\nprotocol_version_id: \n- \n- 4\nended_at: \n- \n- 2007-06-23 00:00:00 Z\nupdated_by_user_id: \n- 1\n- 3\nstudy_protocol_id: \n- \n- 3\nid: \n- \n- 2\ndescription: \n- \n- \" Task in experiment rjs-296 \"\nassigned_to_user_id: \n- 1\n- 3\ncreated_by_user_id: \n- 1\n- 3\nstarted_at: \n- \n- 2007-06-09 00:00:00 Z\ncreated_at: \n- \n- *id001\n','2007-06-08 10:59:16'),(467,13,'ProjectElement',3,NULL,NULL,'create','--- \nname: \n- \"\"\n- rjs-296-1\nproject_id: \n- \n- 13\nupdated_at: \n- \n- &id001 2007-06-08 10:59:16.448184 Z\ntype: \n- ProjectElement\n- ProjectFolder\nupdated_by_user_id: \n- 1\n- 3\nid: \n- \n- 13\nreference_type: \n- \n- Task\nreference_id: \n- \n- 2\ncreated_by_user_id: \n- 1\n- 3\nparent_id: \n- \n- 11\ncreated_at: \n- \n- *id001\n','2007-06-08 10:59:16'),(468,13,'ProjectElement',3,NULL,NULL,'update','--- \nupdated_at: \n- 2007-06-08 10:59:16.448184 Z\n- 2007-06-08 10:59:16.624173 Z\nlock_version: \n- 0\n- 1\n','2007-06-08 10:59:16'),(469,4,'TaskText',3,NULL,NULL,'create','--- \nupdated_at: \n- \n- &id001 2007-06-08 10:59:43.582773 Z\ntask_id: \n- \n- 2\nupdated_by_user_id: \n- 1\n- 3\ntask_context_id: \n- \n- 28\nid: \n- \n- 4\nparameter_id: \n- \n- 25\ndata_content: \n- \n- Prot-21\ncreated_by_user_id: \n- 1\n- 3\ncreated_at: \n- \n- *id001\n','2007-06-08 10:59:43'),(470,5,'TaskText',3,NULL,NULL,'create','--- \nupdated_at: \n- \n- &id001 2007-06-08 10:59:53.643132 Z\ntask_id: \n- \n- 2\nupdated_by_user_id: \n- 1\n- 3\ntask_context_id: \n- \n- 29\nid: \n- \n- 5\nparameter_id: \n- \n- 24\ndata_content: \n- \n- \"2007-06-14\"\ncreated_by_user_id: \n- 1\n- 3\ncreated_at: \n- \n- *id001\n','2007-06-08 10:59:53'),(471,51,'TaskValue',3,NULL,NULL,'create','--- \nstorage_unit: \n- \n- s\ndisplay_unit: \n- \n- min\nupdated_at: \n- \n- &id001 2007-06-08 11:00:03.524303 Z\ntask_id: \n- \n- 2\nupdated_by_user_id: \n- 1\n- 3\ntask_context_id: \n- \n- 30\nid: \n- \n- 51\nparameter_id: \n- \n- 26\ncreated_by_user_id: \n- 1\n- 3\ndata_value: \n- \n- 60.0\ncreated_at: \n- \n- *id001\n','2007-06-08 11:00:03'),(472,52,'TaskValue',3,NULL,NULL,'create','--- \nstorage_unit: \n- \n- s\ndisplay_unit: \n- \n- min\nupdated_at: \n- \n- &id001 2007-06-08 11:00:05.548899 Z\ntask_id: \n- \n- 2\nupdated_by_user_id: \n- 1\n- 3\ntask_context_id: \n- \n- 31\nid: \n- \n- 52\nparameter_id: \n- \n- 26\ncreated_by_user_id: \n- 1\n- 3\ndata_value: \n- \n- 120.0\ncreated_at: \n- \n- *id001\n','2007-06-08 11:00:05'),(473,53,'TaskValue',3,NULL,NULL,'create','--- \nstorage_unit: \n- \n- s\ndisplay_unit: \n- \n- min\nupdated_at: \n- \n- &id001 2007-06-08 11:00:07.391830 Z\ntask_id: \n- \n- 2\nupdated_by_user_id: \n- 1\n- 3\ntask_context_id: \n- \n- 32\nid: \n- \n- 53\nparameter_id: \n- \n- 26\ncreated_by_user_id: \n- 1\n- 3\ndata_value: \n- \n- 60.0\ncreated_at: \n- \n- *id001\n','2007-06-08 11:00:07'),(474,54,'TaskValue',3,NULL,NULL,'create','--- \nstorage_unit: \n- \n- s\ndisplay_unit: \n- \n- min\nupdated_at: \n- \n- &id001 2007-06-08 11:00:09.165855 Z\ntask_id: \n- \n- 2\nupdated_by_user_id: \n- 1\n- 3\ntask_context_id: \n- \n- 33\nid: \n- \n- 54\nparameter_id: \n- \n- 26\ncreated_by_user_id: \n- 1\n- 3\ndata_value: \n- \n- 180.0\ncreated_at: \n- \n- *id001\n','2007-06-08 11:00:09'),(475,55,'TaskValue',3,NULL,NULL,'create','--- \nstorage_unit: \n- \n- s\ndisplay_unit: \n- \n- min\nupdated_at: \n- \n- &id001 2007-06-08 11:00:10.957366 Z\ntask_id: \n- \n- 2\nupdated_by_user_id: \n- 1\n- 3\ntask_context_id: \n- \n- 34\nid: \n- \n- 55\nparameter_id: \n- \n- 26\ncreated_by_user_id: \n- 1\n- 3\ndata_value: \n- \n- 60.0\ncreated_at: \n- \n- *id001\n','2007-06-08 11:00:10'),(476,56,'TaskValue',3,NULL,NULL,'create','--- \nstorage_unit: \n- \n- s\ndisplay_unit: \n- \n- min\nupdated_at: \n- \n- &id001 2007-06-08 11:00:12.889314 Z\ntask_id: \n- \n- 2\nupdated_by_user_id: \n- 1\n- 3\ntask_context_id: \n- \n- 35\nid: \n- \n- 56\nparameter_id: \n- \n- 26\ncreated_by_user_id: \n- 1\n- 3\ndata_value: \n- \n- 60.0\ncreated_at: \n- \n- *id001\n','2007-06-08 11:00:12'),(477,57,'TaskValue',3,NULL,NULL,'create','--- \nstorage_unit: \n- \n- s\ndisplay_unit: \n- \n- min\nupdated_at: \n- \n- &id001 2007-06-08 11:00:14.684078 Z\ntask_id: \n- \n- 2\nupdated_by_user_id: \n- 1\n- 3\ntask_context_id: \n- \n- 36\nid: \n- \n- 57\nparameter_id: \n- \n- 26\ncreated_by_user_id: \n- 1\n- 3\ndata_value: \n- \n- 60.0\ncreated_at: \n- \n- *id001\n','2007-06-08 11:00:14'),(478,58,'TaskValue',3,NULL,NULL,'create','--- \nstorage_unit: \n- \n- s\ndisplay_unit: \n- \n- min\nupdated_at: \n- \n- &id001 2007-06-08 11:00:16.494569 Z\ntask_id: \n- \n- 2\nupdated_by_user_id: \n- 1\n- 3\ntask_context_id: \n- \n- 37\nid: \n- \n- 58\nparameter_id: \n- \n- 26\ncreated_by_user_id: \n- 1\n- 3\ndata_value: \n- \n- 60.0\ncreated_at: \n- \n- *id001\n','2007-06-08 11:00:16'),(479,54,'TaskValue',3,NULL,NULL,'update','--- \nupdated_at: \n- 2007-06-08 11:00:09 Z\n- 2007-06-08 11:00:18.270480 Z\nlock_version: \n- 0\n- 1\ndata_value: \n- 180.0\n- 60.0\n','2007-06-08 11:00:18'),(480,52,'TaskValue',3,NULL,NULL,'update','--- \nupdated_at: \n- 2007-06-08 11:00:05 Z\n- 2007-06-08 11:00:20.215148 Z\nlock_version: \n- 0\n- 1\ndata_value: \n- 120.0\n- 60.0\n','2007-06-08 11:00:20'),(481,54,'TaskValue',3,NULL,NULL,'update','--- \nupdated_at: \n- 2007-06-08 11:00:18 Z\n- 2007-06-08 11:00:32.578853 Z\nlock_version: \n- 1\n- 2\n','2007-06-08 11:00:32'),(482,5,'ProtocolVersion',3,NULL,NULL,'create','--- \nname: \n- \n- Prot-21:3\nupdated_at: \n- \n- &id001 2007-06-08 11:00:39.323226 Z\nupdated_by_user_id: \n- 1\n- 3\nstudy_protocol_id: \n- \n- 3\nid: \n- \n- 5\nversion: \n- \n- 3\ncreated_by_user_id: \n- 1\n- 3\ncreated_at: \n- \n- *id001\n','2007-06-08 11:00:39'),(483,27,'Parameter',3,NULL,NULL,'create','--- \nparameter_context_id: \n- 4\n- 10\nupdated_at: \n- 2007-06-07 15:11:54 Z\n- 2007-06-08 11:00:39.588025 Z\nprotocol_version_id: \n- 3\n- 5\nid: \n- \n- 27\n','2007-06-08 11:00:39'),(484,28,'Parameter',3,NULL,NULL,'create','--- \nparameter_context_id: \n- 4\n- 10\nupdated_at: \n- 2007-06-07 15:12:00 Z\n- 2007-06-08 11:00:39.627887 Z\nprotocol_version_id: \n- 3\n- 5\nid: \n- \n- 28\n','2007-06-08 11:00:39'),(485,29,'Parameter',3,NULL,NULL,'create','--- \nparameter_context_id: \n- 4\n- 10\nupdated_at: \n- 2007-06-07 15:12:06 Z\n- 2007-06-08 11:00:39.664158 Z\nprotocol_version_id: \n- 3\n- 5\nid: \n- \n- 29\n','2007-06-08 11:00:39'),(486,30,'Parameter',3,NULL,NULL,'create','--- \nparameter_context_id: \n- 3\n- 9\nupdated_at: \n- 2007-06-07 15:11:02 Z\n- 2007-06-08 11:00:39.868888 Z\nprotocol_version_id: \n- 3\n- 5\nid: \n- \n- 30\n','2007-06-08 11:00:39'),(487,31,'Parameter',3,NULL,NULL,'create','--- \nparameter_context_id: \n- 3\n- 9\nupdated_at: \n- 2007-06-07 15:11:13 Z\n- 2007-06-08 11:00:39.908629 Z\nprotocol_version_id: \n- 3\n- 5\nid: \n- \n- 31\n','2007-06-08 11:00:39'),(488,32,'Parameter',3,NULL,NULL,'create','--- \nparameter_context_id: \n- 3\n- 9\nupdated_at: \n- 2007-06-07 15:11:22 Z\n- 2007-06-08 11:00:39.971195 Z\nprotocol_version_id: \n- 3\n- 5\nid: \n- \n- 32\n','2007-06-08 11:00:39'),(489,33,'Parameter',3,NULL,NULL,'create','--- \nparameter_context_id: \n- 5\n- 11\nupdated_at: \n- 2007-06-07 15:15:28 Z\n- 2007-06-08 11:00:40.022068 Z\nprotocol_version_id: \n- 3\n- 5\nid: \n- \n- 33\n','2007-06-08 11:00:40'),(490,34,'Parameter',3,NULL,NULL,'create','--- \nparameter_context_id: \n- 5\n- 11\nupdated_at: \n- 2007-06-07 15:15:28 Z\n- 2007-06-08 11:00:40.058014 Z\nprotocol_version_id: \n- 3\n- 5\nid: \n- \n- 34\n','2007-06-08 11:00:40'),(491,35,'Parameter',3,NULL,NULL,'create','--- \nparameter_context_id: \n- 5\n- 11\nupdated_at: \n- 2007-06-07 15:15:28 Z\n- 2007-06-08 11:00:40.252741 Z\nprotocol_version_id: \n- 3\n- 5\nid: \n- \n- 35\n','2007-06-08 11:00:40'),(492,3,'StudyProtocol',3,NULL,NULL,'update','--- \nupdated_at: \n- 2007-06-08 10:57:19 Z\n- 2007-06-08 11:00:51.602251 Z\nlock_version: \n- 2\n- 3\n','2007-06-08 11:00:51'),(493,5,'ProtocolVersion',3,NULL,NULL,'update','--- \nupdated_at: \n- 2000-01-01 11:00:39 Z\n- 2007-06-08 11:00:51.655344 Z\nlock_version: \n- 0\n- 1\n','2007-06-08 11:00:51'),(494,29,'Parameter',3,NULL,NULL,'destroy',NULL,'2007-06-08 11:01:10'),(495,33,'Parameter',3,NULL,NULL,'update','--- \nupdated_at: \n- 2007-06-08 11:00:40 Z\n- 2007-06-08 11:01:10.722273 Z\ncolumn_no: \n- 7\n- 6\nlock_version: \n- 4\n- 5\n','2007-06-08 11:01:10'),(496,34,'Parameter',3,NULL,NULL,'update','--- \nupdated_at: \n- 2007-06-08 11:00:40 Z\n- 2007-06-08 11:01:10.768743 Z\ncolumn_no: \n- 8\n- 7\nlock_version: \n- 6\n- 7\n','2007-06-08 11:01:10'),(497,35,'Parameter',3,NULL,NULL,'update','--- \nupdated_at: \n- 2007-06-08 11:00:40 Z\n- 2007-06-08 11:01:10.799104 Z\ncolumn_no: \n- 9\n- 8\nlock_version: \n- 4\n- 5\n','2007-06-08 11:01:10'),(498,36,'Parameter',3,NULL,NULL,'create','--- \nname: \n- \n- Inhibition\nparameter_context_id: \n- \n- 10\ndefault_value: \n- \n- \"\"\ndisplay_unit: \n- \n- \"%\"\nupdated_at: \n- \n- &id001 2007-06-08 11:01:23.033469 Z\nprotocol_version_id: \n- \n- 5\nparameter_type_id: \n- \n- 3\nparameter_role_id: \n- \n- 6\ndata_format_id: \n- \n- 4\ndata_type_id: \n- \n- 2\nupdated_by_user_id: \n- 1\n- 3\nid: \n- \n- 36\nstudy_parameter_id: \n- \n- 4\nsequence_num: \n- \n- 0\ncreated_by_user_id: \n- 1\n- 3\ncreated_at: \n- \n- *id001\n','2007-06-08 11:01:23'),(499,36,'Parameter',3,NULL,NULL,'update','--- \nupdated_at: \n- 2007-06-08 11:01:23.033469 Z\n- 2007-06-08 11:01:23.228349 Z\nlock_version: \n- 0\n- 1\n','2007-06-08 11:01:23'),(500,36,'Parameter',3,NULL,NULL,'update','--- \nupdated_at: \n- 2007-06-08 11:01:23.228349 Z\n- 2007-06-08 11:01:23.245951 Z\ncolumn_no: \n- \n- 9\nlock_version: \n- 1\n- 2\n','2007-06-08 11:01:23'),(501,36,'Parameter',3,NULL,NULL,'update','--- \nupdated_at: \n- 2007-06-08 11:01:23 Z\n- 2007-06-08 11:01:34.622502 Z\nmandatory: \n- N\n- \nlock_version: \n- 2\n- 3\n','2007-06-08 11:01:34'),(502,27,'Parameter',3,NULL,NULL,'update','--- \nupdated_at: \n- 2007-06-08 11:00:39 Z\n- 2007-06-08 11:01:34.655486 Z\nmandatory: \n- N\n- \nlock_version: \n- 2\n- 3\n','2007-06-08 11:01:34'),(503,28,'Parameter',3,NULL,NULL,'update','--- \nupdated_at: \n- 2007-06-08 11:00:39 Z\n- 2007-06-08 11:01:34.682574 Z\nmandatory: \n- N\n- \nlock_version: \n- 2\n- 3\n','2007-06-08 11:01:34'),(504,37,'Parameter',3,NULL,NULL,'create','--- \nname: \n- \n- Delta\nparameter_context_id: \n- \n- 10\ndefault_value: \n- \n- \"0\"\ndisplay_unit: \n- \n- min\nupdated_at: \n- \n- &id001 2007-06-08 11:02:30.021651 Z\nprotocol_version_id: \n- \n- 5\nparameter_type_id: \n- \n- 9\nparameter_role_id: \n- \n- 6\ndata_format_id: \n- \n- 4\ndata_type_id: \n- \n- 2\nupdated_by_user_id: \n- 1\n- 3\nid: \n- \n- 37\nstudy_parameter_id: \n- \n- 1\nsequence_num: \n- \n- 0\ncreated_by_user_id: \n- 1\n- 3\ncreated_at: \n- \n- *id001\n','2007-06-08 11:02:30'),(505,37,'Parameter',3,NULL,NULL,'update','--- \nupdated_at: \n- 2007-06-08 11:02:30.021651 Z\n- 2007-06-08 11:02:30.054206 Z\nlock_version: \n- 0\n- 1\n','2007-06-08 11:02:30'),(506,37,'Parameter',3,NULL,NULL,'update','--- \nupdated_at: \n- 2007-06-08 11:02:30.054206 Z\n- 2007-06-08 11:02:30.070148 Z\ncolumn_no: \n- \n- 10\nlock_version: \n- 1\n- 2\n','2007-06-08 11:02:30'),(507,38,'Parameter',3,NULL,NULL,'create','--- \nname: \n- \n- Temperature\nparameter_context_id: \n- \n- 11\ndefault_value: \n- \n- \"\"\ndisplay_unit: \n- \n- degC\nupdated_at: \n- \n- &id001 2007-06-08 11:02:40.535751 Z\nprotocol_version_id: \n- \n- 5\nparameter_type_id: \n- \n- 18\nparameter_role_id: \n- \n- 6\ndata_format_id: \n- \n- 4\ndata_type_id: \n- \n- 2\nupdated_by_user_id: \n- 1\n- 3\nid: \n- \n- 38\nstudy_parameter_id: \n- \n- 24\nsequence_num: \n- \n- 0\ncreated_by_user_id: \n- 1\n- 3\ncreated_at: \n- \n- *id001\n','2007-06-08 11:02:40'),(508,38,'Parameter',3,NULL,NULL,'update','--- \nupdated_at: \n- 2007-06-08 11:02:40.535751 Z\n- 2007-06-08 11:02:40.569485 Z\nlock_version: \n- 0\n- 1\n','2007-06-08 11:02:40'),(509,38,'Parameter',3,NULL,NULL,'update','--- \nupdated_at: \n- 2007-06-08 11:02:40.569485 Z\n- 2007-06-08 11:02:40.585011 Z\ncolumn_no: \n- \n- 11\nlock_version: \n- 1\n- 2\n','2007-06-08 11:02:40'),(510,39,'Parameter',3,NULL,NULL,'create','--- \nname: \n- \n- Date\nparameter_context_id: \n- \n- 11\ndefault_value: \n- \n- \"\"\ndisplay_unit: \n- \n- \"\"\nupdated_at: \n- \n- &id001 2007-06-08 11:02:46.968731 Z\nprotocol_version_id: \n- \n- 5\nparameter_type_id: \n- \n- 16\nparameter_role_id: \n- \n- 3\ndata_format_id: \n- \n- 25\ndata_type_id: \n- \n- 3\nupdated_by_user_id: \n- 1\n- 3\nid: \n- \n- 39\nstudy_parameter_id: \n- \n- 25\nsequence_num: \n- \n- 0\ncreated_by_user_id: \n- 1\n- 3\ncreated_at: \n- \n- *id001\n','2007-06-08 11:02:46'),(511,39,'Parameter',3,NULL,NULL,'update','--- \nupdated_at: \n- 2007-06-08 11:02:46.968731 Z\n- 2007-06-08 11:02:47.002389 Z\nlock_version: \n- 0\n- 1\n','2007-06-08 11:02:47'),(512,39,'Parameter',3,NULL,NULL,'update','--- \nupdated_at: \n- 2007-06-08 11:02:47.002389 Z\n- 2007-06-08 11:02:47.018351 Z\ncolumn_no: \n- \n- 12\nlock_version: \n- 1\n- 2\n','2007-06-08 11:02:47'),(513,40,'Parameter',3,NULL,NULL,'create','--- \nname: \n- \n- URL\nparameter_context_id: \n- \n- 11\ndefault_value: \n- \n- \"\"\ndisplay_unit: \n- \n- \"\"\nupdated_at: \n- \n- &id001 2007-06-08 11:02:53.417110 Z\nprotocol_version_id: \n- \n- 5\nparameter_type_id: \n- \n- 11\nparameter_role_id: \n- \n- 3\ndata_format_id: \n- \n- 24\ndata_type_id: \n- \n- 6\nupdated_by_user_id: \n- 1\n- 3\nid: \n- \n- 40\nstudy_parameter_id: \n- \n- 5\nsequence_num: \n- \n- 0\ncreated_by_user_id: \n- 1\n- 3\ncreated_at: \n- \n- *id001\n','2007-06-08 11:02:53'),(514,40,'Parameter',3,NULL,NULL,'update','--- \nupdated_at: \n- 2007-06-08 11:02:53.417110 Z\n- 2007-06-08 11:02:53.449282 Z\nlock_version: \n- 0\n- 1\n','2007-06-08 11:02:53'),(515,40,'Parameter',3,NULL,NULL,'update','--- \nupdated_at: \n- 2007-06-08 11:02:53.449282 Z\n- 2007-06-08 11:02:53.463987 Z\ncolumn_no: \n- \n- 13\nlock_version: \n- 1\n- 2\n','2007-06-08 11:02:53'),(516,41,'Parameter',3,NULL,NULL,'create','--- \nname: \n- \n- Fitdata\nparameter_context_id: \n- \n- 9\ndefault_value: \n- \n- \"\"\ndisplay_unit: \n- \n- \"\"\nupdated_at: \n- \n- &id001 2007-06-08 11:03:00.539743 Z\nprotocol_version_id: \n- \n- 5\nparameter_type_id: \n- \n- 4\nparameter_role_id: \n- \n- 1\ndata_type_id: \n- \n- 7\nupdated_by_user_id: \n- 1\n- 3\nid: \n- \n- 41\nstudy_parameter_id: \n- \n- 23\nsequence_num: \n- \n- 0\ncreated_by_user_id: \n- 1\n- 3\ncreated_at: \n- \n- *id001\n','2007-06-08 11:03:00'),(517,41,'Parameter',3,NULL,NULL,'update','--- \nupdated_at: \n- 2007-06-08 11:03:00.539743 Z\n- 2007-06-08 11:03:00.572184 Z\nlock_version: \n- 0\n- 1\n','2007-06-08 11:03:00'),(518,41,'Parameter',3,NULL,NULL,'update','--- \nupdated_at: \n- 2007-06-08 11:03:00.572184 Z\n- 2007-06-08 11:03:00.587743 Z\ncolumn_no: \n- \n- 14\nlock_version: \n- 1\n- 2\n','2007-06-08 11:03:00'),(519,36,'Parameter',3,NULL,NULL,'update','--- \nupdated_at: \n- 2007-06-08 11:01:34 Z\n- 2007-06-08 11:03:39.367208 Z\nlock_version: \n- 3\n- 4\n','2007-06-08 11:03:39'),(520,37,'Parameter',3,NULL,NULL,'update','--- \nupdated_at: \n- 2007-06-08 11:02:30 Z\n- 2007-06-08 11:03:39.399111 Z\nmandatory: \n- N\n- \nlock_version: \n- 2\n- 3\n','2007-06-08 11:03:39'),(521,27,'Parameter',3,NULL,NULL,'update','--- \nupdated_at: \n- 2007-06-08 11:01:34 Z\n- 2007-06-08 11:03:39.428004 Z\nlock_version: \n- 3\n- 4\n','2007-06-08 11:03:39'),(522,28,'Parameter',3,NULL,NULL,'update','--- \nupdated_at: \n- 2007-06-08 11:01:34 Z\n- 2007-06-08 11:03:39.455497 Z\nlock_version: \n- 3\n- 4\n','2007-06-08 11:03:39'),(523,3,'Task',3,NULL,NULL,'create','--- \nexperiment_id: \n- \n- 1\ndone_hours: \n- \n- 0.0\nname: \n- \"\"\n- rjs-296-2\nexpected_hours: \n- \n- 1.0\nproject_id: \n- \n- 13\nupdated_at: \n- \n- &id001 2007-06-08 11:04:28.679041 Z\nprotocol_version_id: \n- \n- 5\nended_at: \n- \n- 2007-06-13 00:00:00 Z\nupdated_by_user_id: \n- 1\n- 3\nstudy_protocol_id: \n- \n- 3\nid: \n- \n- 3\ndescription: \n- \n- \" Task in experiment rjs-296 \"\nassigned_to_user_id: \n- 1\n- 3\ncreated_by_user_id: \n- 1\n- 3\nstarted_at: \n- \n- 2007-06-14 00:00:00 Z\ncreated_at: \n- \n- *id001\n','2007-06-08 11:04:28'),(524,14,'ProjectElement',3,NULL,NULL,'create','--- \nname: \n- \"\"\n- rjs-296-2\nproject_id: \n- \n- 13\nupdated_at: \n- \n- &id001 2007-06-08 11:04:29.071729 Z\ntype: \n- ProjectElement\n- ProjectFolder\nupdated_by_user_id: \n- 1\n- 3\nid: \n- \n- 14\nreference_type: \n- \n- Task\nreference_id: \n- \n- 3\ncreated_by_user_id: \n- 1\n- 3\nposition: \n- 1\n- 2\nparent_id: \n- \n- 11\ncreated_at: \n- \n- *id001\n','2007-06-08 11:04:29'),(525,14,'ProjectElement',3,NULL,NULL,'update','--- \nupdated_at: \n- 2007-06-08 11:04:29.071729 Z\n- 2007-06-08 11:04:29.108399 Z\nlock_version: \n- 0\n- 1\n','2007-06-08 11:04:29'),(526,15,'ProjectElement',3,NULL,NULL,'create','--- \nname: \n- \"\"\n- 1.Ephaptic_activity_sm.jpg\nproject_id: \n- \n- 13\nupdated_at: \n- \n- &id001 2007-06-08 11:05:12.553281 Z\ntype: \n- ProjectElement\n- ProjectAsset\nupdated_by_user_id: \n- 1\n- 3\nid: \n- \n- 15\ncreated_by_user_id: \n- 1\n- 3\nposition: \n- 1\n- 0\nparent_id: \n- \n- 14\nasset_id: \n- \n- 1\ncreated_at: \n- \n- *id001\n','2007-06-08 11:05:12'),(527,15,'ProjectElement',3,NULL,NULL,'update','--- \nupdated_at: \n- 2007-06-08 11:05:12 Z\n- 2007-06-08 11:05:12.890374 Z\nlock_version: \n- 0\n- 1\nright_limit: \n- 0\n- 1\n','2007-06-08 11:05:12'),(528,15,'ProjectElement',3,NULL,NULL,'update','--- \nupdated_at: \n- 2007-06-08 11:05:12.890374 Z\n- 2007-06-08 11:05:13.094364 Z\nlock_version: \n- 1\n- 2\n','2007-06-08 11:05:13'),(529,16,'ProjectElement',3,NULL,NULL,'create','--- \nname: \n- \"\"\n- 1.Tissue_injury_nerve_damage_sm.jpg\nproject_id: \n- \n- 13\nupdated_at: \n- \n- &id001 2007-06-08 11:05:47.336711 Z\ntype: \n- ProjectElement\n- ProjectAsset\nupdated_by_user_id: \n- 1\n- 3\nid: \n- \n- 16\ncreated_by_user_id: \n- 1\n- 3\nposition: \n- 1\n- \nparent_id: \n- \n- 14\nasset_id: \n- \n- 4\ncreated_at: \n- \n- *id001\n','2007-06-08 11:05:47'),(530,16,'ProjectElement',3,NULL,NULL,'update','--- \nupdated_at: \n- 2007-06-08 11:05:47 Z\n- 2007-06-08 11:05:47.379881 Z\nleft_limit: \n- 0\n- 2\nlock_version: \n- 0\n- 1\nright_limit: \n- 0\n- 3\n','2007-06-08 11:05:47'),(531,16,'ProjectElement',3,NULL,NULL,'update','--- \nupdated_at: \n- 2007-06-08 11:05:47.379881 Z\n- 2007-06-08 11:05:47.564410 Z\nlock_version: \n- 1\n- 2\n','2007-06-08 11:05:47'),(532,6,'TaskText',3,NULL,NULL,'create','--- \nupdated_at: \n- \n- &id001 2007-06-08 11:06:48.397014 Z\ntask_id: \n- \n- 3\nupdated_by_user_id: \n- 1\n- 3\ntask_context_id: \n- \n- 38\nid: \n- \n- 6\nparameter_id: \n- \n- 41\ndata_content: \n- \n- 1.Ephaptic_activity_sm.jpg\ncreated_by_user_id: \n- 1\n- 3\ncreated_at: \n- \n- *id001\n','2007-06-08 11:06:48'),(533,7,'TaskText',3,NULL,NULL,'create','--- \nupdated_at: \n- \n- &id001 2007-06-08 11:07:00.047410 Z\ntask_id: \n- \n- 3\nupdated_by_user_id: \n- 1\n- 3\ntask_context_id: \n- \n- 39\nid: \n- \n- 7\nparameter_id: \n- \n- 41\ndata_content: \n- \n- 1.Tissue_injury_nerve_damage_sm.jpg\ncreated_by_user_id: \n- 1\n- 3\ncreated_at: \n- \n- *id001\n','2007-06-08 11:07:00'),(534,3,'TaskReference',3,NULL,NULL,'create','--- \ndata_name: \n- \n- AB00104\nupdated_at: \n- \n- &id001 2007-06-08 11:07:20.873079 Z\ntask_id: \n- \n- 3\ndata_type: \n- \n- Compound\nupdated_by_user_id: \n- 1\n- 3\ntask_context_id: \n- \n- 39\nid: \n- \n- 3\nparameter_id: \n- \n- 30\ncreated_by_user_id: \n- 1\n- 3\ndata_id: \n- \n- 104\ncreated_at: \n- \n- *id001\n','2007-06-08 11:07:20'),(535,4,'TaskReference',3,NULL,NULL,'create','--- \ndata_name: \n- \n- AB00105\nupdated_at: \n- \n- &id001 2007-06-08 11:07:27.838761 Z\ntask_id: \n- \n- 3\ndata_type: \n- \n- Compound\nupdated_by_user_id: \n- 1\n- 3\ntask_context_id: \n- \n- 38\nid: \n- \n- 4\nparameter_id: \n- \n- 30\ncreated_by_user_id: \n- 1\n- 3\ndata_id: \n- \n- 105\ncreated_at: \n- \n- *id001\n','2007-06-08 11:07:27'),(536,8,'TaskText',3,NULL,NULL,'create','--- \nupdated_at: \n- \n- &id001 2007-06-08 11:07:32.735690 Z\ntask_id: \n- \n- 3\nupdated_by_user_id: \n- 1\n- 3\ntask_context_id: \n- \n- 40\nid: \n- \n- 8\nparameter_id: \n- \n- 39\ndata_content: \n- \n- \"2007-06-13\"\ncreated_by_user_id: \n- 1\n- 3\ncreated_at: \n- \n- *id001\n','2007-06-08 11:07:32'),(537,59,'TaskValue',3,NULL,NULL,'create','--- \nstorage_unit: \n- \n- \"\"\ndisplay_unit: \n- \n- \"%\"\nupdated_at: \n- \n- &id001 2007-06-08 11:07:40.177953 Z\ntask_id: \n- \n- 3\nupdated_by_user_id: \n- 1\n- 3\ntask_context_id: \n- \n- 41\nid: \n- \n- 59\nparameter_id: \n- \n- 36\ncreated_by_user_id: \n- 1\n- 3\ndata_value: \n- \n- 0.01\ncreated_at: \n- \n- *id001\n','2007-06-08 11:07:40'),(538,60,'TaskValue',3,NULL,NULL,'create','--- \nstorage_unit: \n- \n- \"\"\ndisplay_unit: \n- \n- \"%\"\nupdated_at: \n- \n- &id001 2007-06-08 11:07:41.981892 Z\ntask_id: \n- \n- 3\nupdated_by_user_id: \n- 1\n- 3\ntask_context_id: \n- \n- 42\nid: \n- \n- 60\nparameter_id: \n- \n- 36\ncreated_by_user_id: \n- 1\n- 3\ndata_value: \n- \n- 0.02\ncreated_at: \n- \n- *id001\n','2007-06-08 11:07:41'),(539,61,'TaskValue',3,NULL,NULL,'create','--- \nstorage_unit: \n- \n- \"\"\ndisplay_unit: \n- \n- \"%\"\nupdated_at: \n- \n- &id001 2007-06-08 11:07:43.823686 Z\ntask_id: \n- \n- 3\nupdated_by_user_id: \n- 1\n- 3\ntask_context_id: \n- \n- 43\nid: \n- \n- 61\nparameter_id: \n- \n- 36\ncreated_by_user_id: \n- 1\n- 3\ndata_value: \n- \n- 0.12\ncreated_at: \n- \n- *id001\n','2007-06-08 11:07:43'),(540,62,'TaskValue',3,NULL,NULL,'create','--- \nstorage_unit: \n- \n- \"\"\ndisplay_unit: \n- \n- \"%\"\nupdated_at: \n- \n- &id001 2007-06-08 11:07:45.788166 Z\ntask_id: \n- \n- 3\nupdated_by_user_id: \n- 1\n- 3\ntask_context_id: \n- \n- 44\nid: \n- \n- 62\nparameter_id: \n- \n- 36\ncreated_by_user_id: \n- 1\n- 3\ndata_value: \n- \n- 0.23\ncreated_at: \n- \n- *id001\n','2007-06-08 11:07:45'),(541,63,'TaskValue',3,NULL,NULL,'create','--- \nstorage_unit: \n- \n- \"\"\ndisplay_unit: \n- \n- \"%\"\nupdated_at: \n- \n- &id001 2007-06-08 11:07:47.461467 Z\ntask_id: \n- \n- 3\nupdated_by_user_id: \n- 1\n- 3\ntask_context_id: \n- \n- 45\nid: \n- \n- 63\nparameter_id: \n- \n- 36\ncreated_by_user_id: \n- 1\n- 3\ndata_value: \n- \n- 0.34\ncreated_at: \n- \n- *id001\n','2007-06-08 11:07:47'),(542,64,'TaskValue',3,NULL,NULL,'create','--- \nstorage_unit: \n- \n- \"\"\ndisplay_unit: \n- \n- \"%\"\nupdated_at: \n- \n- &id001 2007-06-08 11:07:49.309588 Z\ntask_id: \n- \n- 3\nupdated_by_user_id: \n- 1\n- 3\ntask_context_id: \n- \n- 46\nid: \n- \n- 64\nparameter_id: \n- \n- 36\ncreated_by_user_id: \n- 1\n- 3\ndata_value: \n- \n- 0.56\ncreated_at: \n- \n- *id001\n','2007-06-08 11:07:49'),(543,65,'TaskValue',3,NULL,NULL,'create','--- \nstorage_unit: \n- \n- \"\"\ndisplay_unit: \n- \n- \"%\"\nupdated_at: \n- \n- &id001 2007-06-08 11:07:51.140379 Z\ntask_id: \n- \n- 3\nupdated_by_user_id: \n- 1\n- 3\ntask_context_id: \n- \n- 47\nid: \n- \n- 65\nparameter_id: \n- \n- 36\ncreated_by_user_id: \n- 1\n- 3\ndata_value: \n- \n- 0.78\ncreated_at: \n- \n- *id001\n','2007-06-08 11:07:51'),(544,66,'TaskValue',3,NULL,NULL,'create','--- \nstorage_unit: \n- \n- \"\"\ndisplay_unit: \n- \n- \"%\"\nupdated_at: \n- \n- &id001 2007-06-08 11:07:52.956413 Z\ntask_id: \n- \n- 3\nupdated_by_user_id: \n- 1\n- 3\ntask_context_id: \n- \n- 48\nid: \n- \n- 66\nparameter_id: \n- \n- 36\ncreated_by_user_id: \n- 1\n- 3\ndata_value: \n- \n- 0.89\ncreated_at: \n- \n- *id001\n','2007-06-08 11:07:52'),(545,67,'TaskValue',3,NULL,NULL,'create','--- \nstorage_unit: \n- \n- \"\"\ndisplay_unit: \n- \n- \"%\"\nupdated_at: \n- \n- &id001 2007-06-08 11:07:54.748449 Z\ntask_id: \n- \n- 3\nupdated_by_user_id: \n- 1\n- 3\ntask_context_id: \n- \n- 49\nid: \n- \n- 67\nparameter_id: \n- \n- 36\ncreated_by_user_id: \n- 1\n- 3\ndata_value: \n- \n- 0.91\ncreated_at: \n- \n- *id001\n','2007-06-08 11:07:54'),(546,68,'TaskValue',3,NULL,NULL,'create','--- \nstorage_unit: \n- \n- \"\"\ndisplay_unit: \n- \n- \"%\"\nupdated_at: \n- \n- &id001 2007-06-08 11:07:56.752852 Z\ntask_id: \n- \n- 3\nupdated_by_user_id: \n- 1\n- 3\ntask_context_id: \n- \n- 50\nid: \n- \n- 68\nparameter_id: \n- \n- 36\ncreated_by_user_id: \n- 1\n- 3\ndata_value: \n- \n- 0.96\ncreated_at: \n- \n- *id001\n','2007-06-08 11:07:56'),(547,69,'TaskValue',3,NULL,NULL,'create','--- \nstorage_unit: \n- \n- \"\"\ndisplay_unit: \n- \n- \"%\"\nupdated_at: \n- \n- &id001 2007-06-08 11:07:58.751227 Z\ntask_id: \n- \n- 3\nupdated_by_user_id: \n- 1\n- 3\ntask_context_id: \n- \n- 51\nid: \n- \n- 69\nparameter_id: \n- \n- 36\ncreated_by_user_id: \n- 1\n- 3\ndata_value: \n- \n- 0.97\ncreated_at: \n- \n- *id001\n','2007-06-08 11:07:58'),(548,70,'TaskValue',3,NULL,NULL,'create','--- \nstorage_unit: \n- \n- \"\"\ndisplay_unit: \n- \n- \"%\"\nupdated_at: \n- \n- &id001 2007-06-08 11:08:00.560562 Z\ntask_id: \n- \n- 3\nupdated_by_user_id: \n- 1\n- 3\ntask_context_id: \n- \n- 52\nid: \n- \n- 70\nparameter_id: \n- \n- 36\ncreated_by_user_id: \n- 1\n- 3\ndata_value: \n- \n- 0.97\ncreated_at: \n- \n- *id001\n','2007-06-08 11:08:00'),(549,71,'TaskValue',3,NULL,NULL,'create','--- \nstorage_unit: \n- \n- \"\"\ndisplay_unit: \n- \n- \"%\"\nupdated_at: \n- \n- &id001 2007-06-08 11:08:02.592567 Z\ntask_id: \n- \n- 3\nupdated_by_user_id: \n- 1\n- 3\ntask_context_id: \n- \n- 53\nid: \n- \n- 71\nparameter_id: \n- \n- 36\ncreated_by_user_id: \n- 1\n- 3\ndata_value: \n- \n- 0.98\ncreated_at: \n- \n- *id001\n','2007-06-08 11:08:02'),(550,72,'TaskValue',3,NULL,NULL,'create','--- \nstorage_unit: \n- \n- \"\"\ndisplay_unit: \n- \n- \"%\"\nupdated_at: \n- \n- &id001 2007-06-08 11:08:04.432533 Z\ntask_id: \n- \n- 3\nupdated_by_user_id: \n- 1\n- 3\ntask_context_id: \n- \n- 54\nid: \n- \n- 72\nparameter_id: \n- \n- 36\ncreated_by_user_id: \n- 1\n- 3\ndata_value: \n- \n- 0.99\ncreated_at: \n- \n- *id001\n','2007-06-08 11:08:04'),(551,73,'TaskValue',3,NULL,NULL,'create','--- \nstorage_unit: \n- \n- \"\"\ndisplay_unit: \n- \n- \"%\"\nupdated_at: \n- \n- &id001 2007-06-08 11:08:06.252491 Z\ntask_id: \n- \n- 3\nupdated_by_user_id: \n- 1\n- 3\ntask_context_id: \n- \n- 55\nid: \n- \n- 73\nparameter_id: \n- \n- 36\ncreated_by_user_id: \n- 1\n- 3\ndata_value: \n- \n- 0.99\ncreated_at: \n- \n- *id001\n','2007-06-08 11:08:06'),(552,74,'TaskValue',3,NULL,NULL,'create','--- \nstorage_unit: \n- \n- \"\"\ndisplay_unit: \n- \n- \"%\"\nupdated_at: \n- \n- &id001 2007-06-08 11:08:07.929096 Z\ntask_id: \n- \n- 3\nupdated_by_user_id: \n- 1\n- 3\ntask_context_id: \n- \n- 56\nid: \n- \n- 74\nparameter_id: \n- \n- 36\ncreated_by_user_id: \n- 1\n- 3\ndata_value: \n- \n- 1.0\ncreated_at: \n- \n- *id001\n','2007-06-08 11:08:07'),(553,73,'TaskValue',3,NULL,NULL,'update','--- \nupdated_at: \n- 2007-06-08 11:08:06 Z\n- 2007-06-08 11:08:14.001538 Z\nlock_version: \n- 0\n- 1\n','2007-06-08 11:08:14'),(554,75,'TaskValue',3,NULL,NULL,'create','--- \nstorage_unit: \n- \n- \"\"\ndisplay_unit: \n- \n- \"\"\nupdated_at: \n- \n- &id001 2007-06-08 11:08:15.932923 Z\ntask_id: \n- \n- 3\nupdated_by_user_id: \n- 1\n- 3\ntask_context_id: \n- \n- 41\nid: \n- \n- 75\nparameter_id: \n- \n- 28\ncreated_by_user_id: \n- 1\n- 3\ndata_value: \n- \n- 1.0\ncreated_at: \n- \n- *id001\n','2007-06-08 11:08:15'),(555,76,'TaskValue',3,NULL,NULL,'create','--- \nstorage_unit: \n- \n- \"\"\ndisplay_unit: \n- \n- \"\"\nupdated_at: \n- \n- &id001 2007-06-08 11:08:17.636149 Z\ntask_id: \n- \n- 3\nupdated_by_user_id: \n- 1\n- 3\ntask_context_id: \n- \n- 42\nid: \n- \n- 76\nparameter_id: \n- \n- 28\ncreated_by_user_id: \n- 1\n- 3\ndata_value: \n- \n- 2.0\ncreated_at: \n- \n- *id001\n','2007-06-08 11:08:17'),(556,77,'TaskValue',3,NULL,NULL,'create','--- \nstorage_unit: \n- \n- \"\"\ndisplay_unit: \n- \n- \"\"\nupdated_at: \n- \n- &id001 2007-06-08 11:08:19.555918 Z\ntask_id: \n- \n- 3\nupdated_by_user_id: \n- 1\n- 3\ntask_context_id: \n- \n- 43\nid: \n- \n- 77\nparameter_id: \n- \n- 28\ncreated_by_user_id: \n- 1\n- 3\ndata_value: \n- \n- 4.0\ncreated_at: \n- \n- *id001\n','2007-06-08 11:08:19'),(557,78,'TaskValue',3,NULL,NULL,'create','--- \nstorage_unit: \n- \n- \"\"\ndisplay_unit: \n- \n- \"\"\nupdated_at: \n- \n- &id001 2007-06-08 11:08:21.202316 Z\ntask_id: \n- \n- 3\nupdated_by_user_id: \n- 1\n- 3\ntask_context_id: \n- \n- 44\nid: \n- \n- 78\nparameter_id: \n- \n- 28\ncreated_by_user_id: \n- 1\n- 3\ndata_value: \n- \n- 8.0\ncreated_at: \n- \n- *id001\n','2007-06-08 11:08:21'),(558,79,'TaskValue',3,NULL,NULL,'create','--- \nstorage_unit: \n- \n- \"\"\ndisplay_unit: \n- \n- \"\"\nupdated_at: \n- \n- &id001 2007-06-08 11:08:28.716306 Z\ntask_id: \n- \n- 3\nupdated_by_user_id: \n- 1\n- 3\ntask_context_id: \n- \n- 45\nid: \n- \n- 79\nparameter_id: \n- \n- 28\ncreated_by_user_id: \n- 1\n- 3\ndata_value: \n- \n- 16.0\ncreated_at: \n- \n- *id001\n','2007-06-08 11:08:28'),(559,80,'TaskValue',3,NULL,NULL,'create','--- \nstorage_unit: \n- \n- \"\"\ndisplay_unit: \n- \n- \"\"\nupdated_at: \n- \n- &id001 2007-06-08 11:08:30.572768 Z\ntask_id: \n- \n- 3\nupdated_by_user_id: \n- 1\n- 3\ntask_context_id: \n- \n- 46\nid: \n- \n- 80\nparameter_id: \n- \n- 28\ncreated_by_user_id: \n- 1\n- 3\ndata_value: \n- \n- 32.0\ncreated_at: \n- \n- *id001\n','2007-06-08 11:08:30'),(560,81,'TaskValue',3,NULL,NULL,'create','--- \nstorage_unit: \n- \n- \"\"\ndisplay_unit: \n- \n- \"\"\nupdated_at: \n- \n- &id001 2007-06-08 11:08:33.016791 Z\ntask_id: \n- \n- 3\nupdated_by_user_id: \n- 1\n- 3\ntask_context_id: \n- \n- 47\nid: \n- \n- 81\nparameter_id: \n- \n- 28\ncreated_by_user_id: \n- 1\n- 3\ndata_value: \n- \n- 64.0\ncreated_at: \n- \n- *id001\n','2007-06-08 11:08:33'),(561,82,'TaskValue',3,NULL,NULL,'create','--- \nstorage_unit: \n- \n- \"\"\ndisplay_unit: \n- \n- \"\"\nupdated_at: \n- \n- &id001 2007-06-08 11:08:35.719632 Z\ntask_id: \n- \n- 3\nupdated_by_user_id: \n- 1\n- 3\ntask_context_id: \n- \n- 48\nid: \n- \n- 82\nparameter_id: \n- \n- 28\ncreated_by_user_id: \n- 1\n- 3\ndata_value: \n- \n- 128.0\ncreated_at: \n- \n- *id001\n','2007-06-08 11:08:35'),(562,83,'TaskValue',3,NULL,NULL,'create','--- \nstorage_unit: \n- \n- \"\"\ndisplay_unit: \n- \n- \"\"\nupdated_at: \n- \n- &id001 2007-06-08 11:08:37.339782 Z\ntask_id: \n- \n- 3\nupdated_by_user_id: \n- 1\n- 3\ntask_context_id: \n- \n- 49\nid: \n- \n- 83\nparameter_id: \n- \n- 28\ncreated_by_user_id: \n- 1\n- 3\ndata_value: \n- \n- 256.0\ncreated_at: \n- \n- *id001\n','2007-06-08 11:08:37'),(563,84,'TaskValue',3,NULL,NULL,'create','--- \nstorage_unit: \n- \n- \"\"\ndisplay_unit: \n- \n- \"\"\nupdated_at: \n- \n- &id001 2007-06-08 11:08:39.680885 Z\ntask_id: \n- \n- 3\nupdated_by_user_id: \n- 1\n- 3\ntask_context_id: \n- \n- 50\nid: \n- \n- 84\nparameter_id: \n- \n- 28\ncreated_by_user_id: \n- 1\n- 3\ndata_value: \n- \n- 512.0\ncreated_at: \n- \n- *id001\n','2007-06-08 11:08:39'),(564,85,'TaskValue',3,NULL,NULL,'create','--- \nstorage_unit: \n- \n- \"\"\ndisplay_unit: \n- \n- \"\"\nupdated_at: \n- \n- &id001 2007-06-08 11:08:42.439880 Z\ntask_id: \n- \n- 3\nupdated_by_user_id: \n- 1\n- 3\ntask_context_id: \n- \n- 51\nid: \n- \n- 85\nparameter_id: \n- \n- 28\ncreated_by_user_id: \n- 1\n- 3\ndata_value: \n- \n- 1024.0\ncreated_at: \n- \n- *id001\n','2007-06-08 11:08:42'),(565,86,'TaskValue',3,NULL,NULL,'create','--- \nstorage_unit: \n- \n- \"\"\ndisplay_unit: \n- \n- \"\"\nupdated_at: \n- \n- &id001 2007-06-08 11:08:44.652768 Z\ntask_id: \n- \n- 3\nupdated_by_user_id: \n- 1\n- 3\ntask_context_id: \n- \n- 52\nid: \n- \n- 86\nparameter_id: \n- \n- 28\ncreated_by_user_id: \n- 1\n- 3\ndata_value: \n- \n- 2048.0\ncreated_at: \n- \n- *id001\n','2007-06-08 11:08:44'),(566,87,'TaskValue',3,NULL,NULL,'create','--- \nstorage_unit: \n- \n- \"\"\ndisplay_unit: \n- \n- \"\"\nupdated_at: \n- \n- &id001 2007-06-08 11:08:51.614473 Z\ntask_id: \n- \n- 3\nupdated_by_user_id: \n- 1\n- 3\ntask_context_id: \n- \n- 53\nid: \n- \n- 87\nparameter_id: \n- \n- 28\ncreated_by_user_id: \n- 1\n- 3\ndata_value: \n- \n- 4196.0\ncreated_at: \n- \n- *id001\n','2007-06-08 11:08:51'),(567,88,'TaskValue',3,NULL,NULL,'create','--- \nstorage_unit: \n- \n- \"\"\ndisplay_unit: \n- \n- \"\"\nupdated_at: \n- \n- &id001 2007-06-08 11:09:31.064556 Z\ntask_id: \n- \n- 3\nupdated_by_user_id: \n- 1\n- 3\ntask_context_id: \n- \n- 54\nid: \n- \n- 88\nparameter_id: \n- \n- 28\ncreated_by_user_id: \n- 1\n- 3\ndata_value: \n- \n- 8392.0\ncreated_at: \n- \n- *id001\n','2007-06-08 11:09:31'),(568,89,'TaskValue',3,NULL,NULL,'create','--- \nstorage_unit: \n- \n- \"\"\ndisplay_unit: \n- \n- \"\"\nupdated_at: \n- \n- &id001 2007-06-08 11:09:44.351492 Z\ntask_id: \n- \n- 3\nupdated_by_user_id: \n- 1\n- 3\ntask_context_id: \n- \n- 55\nid: \n- \n- 89\nparameter_id: \n- \n- 28\ncreated_by_user_id: \n- 1\n- 3\ndata_value: \n- \n- 16784.0\ncreated_at: \n- \n- *id001\n','2007-06-08 11:09:44'),(569,90,'TaskValue',3,NULL,NULL,'create','--- \nstorage_unit: \n- \n- \"\"\ndisplay_unit: \n- \n- \"\"\nupdated_at: \n- \n- &id001 2007-06-08 11:10:26.371309 Z\ntask_id: \n- \n- 3\nupdated_by_user_id: \n- 1\n- 3\ntask_context_id: \n- \n- 56\nid: \n- \n- 90\nparameter_id: \n- \n- 28\ncreated_by_user_id: \n- 1\n- 3\ndata_value: \n- \n- 33568.0\ncreated_at: \n- \n- *id001\n','2007-06-08 11:10:26'),(570,91,'TaskValue',3,NULL,NULL,'create','--- \nstorage_unit: \n- \n- each\ndisplay_unit: \n- \n- count\nupdated_at: \n- \n- &id001 2007-06-08 11:10:34.588592 Z\ntask_id: \n- \n- 3\nupdated_by_user_id: \n- 1\n- 3\ntask_context_id: \n- \n- 41\nid: \n- \n- 91\nparameter_id: \n- \n- 27\ncreated_by_user_id: \n- 1\n- 3\ndata_value: \n- \n- 123.0\ncreated_at: \n- \n- *id001\n','2007-06-08 11:10:34'),(571,92,'TaskValue',3,NULL,NULL,'create','--- \nstorage_unit: \n- \n- each\ndisplay_unit: \n- \n- count\nupdated_at: \n- \n- &id001 2007-06-08 11:10:37.503933 Z\ntask_id: \n- \n- 3\nupdated_by_user_id: \n- 1\n- 3\ntask_context_id: \n- \n- 42\nid: \n- \n- 92\nparameter_id: \n- \n- 27\ncreated_by_user_id: \n- 1\n- 3\ndata_value: \n- \n- 123.0\ncreated_at: \n- \n- *id001\n','2007-06-08 11:10:37'),(572,92,'TaskValue',3,NULL,NULL,'update','--- \nupdated_at: \n- 2007-06-08 11:10:37 Z\n- 2007-06-08 11:10:41.320147 Z\nlock_version: \n- 0\n- 1\ndata_value: \n- 123.0\n- 145.0\n','2007-06-08 11:10:41'),(573,93,'TaskValue',3,NULL,NULL,'create','--- \nstorage_unit: \n- \n- each\ndisplay_unit: \n- \n- count\nupdated_at: \n- \n- &id001 2007-06-08 11:10:46.797821 Z\ntask_id: \n- \n- 3\nupdated_by_user_id: \n- 1\n- 3\ntask_context_id: \n- \n- 43\nid: \n- \n- 93\nparameter_id: \n- \n- 27\ncreated_by_user_id: \n- 1\n- 3\ndata_value: \n- \n- 153.0\ncreated_at: \n- \n- *id001\n','2007-06-08 11:10:46'),(574,94,'TaskValue',3,NULL,NULL,'create','--- \nstorage_unit: \n- \n- each\ndisplay_unit: \n- \n- count\nupdated_at: \n- \n- &id001 2007-06-08 11:10:48.611986 Z\ntask_id: \n- \n- 3\nupdated_by_user_id: \n- 1\n- 3\ntask_context_id: \n- \n- 44\nid: \n- \n- 94\nparameter_id: \n- \n- 27\ncreated_by_user_id: \n- 1\n- 3\ndata_value: \n- \n- 2233.0\ncreated_at: \n- \n- *id001\n','2007-06-08 11:10:48'),(575,95,'TaskValue',3,NULL,NULL,'create','--- \nstorage_unit: \n- \n- each\ndisplay_unit: \n- \n- count\nupdated_at: \n- \n- &id001 2007-06-08 11:10:50.255578 Z\ntask_id: \n- \n- 3\nupdated_by_user_id: \n- 1\n- 3\ntask_context_id: \n- \n- 45\nid: \n- \n- 95\nparameter_id: \n- \n- 27\ncreated_by_user_id: \n- 1\n- 3\ndata_value: \n- \n- 34333.0\ncreated_at: \n- \n- *id001\n','2007-06-08 11:10:50'),(576,96,'TaskValue',3,NULL,NULL,'create','--- \nstorage_unit: \n- \n- each\ndisplay_unit: \n- \n- count\nupdated_at: \n- \n- &id001 2007-06-08 11:10:52.055073 Z\ntask_id: \n- \n- 3\nupdated_by_user_id: \n- 1\n- 3\ntask_context_id: \n- \n- 46\nid: \n- \n- 96\nparameter_id: \n- \n- 27\ncreated_by_user_id: \n- 1\n- 3\ndata_value: \n- \n- 454.0\ncreated_at: \n- \n- *id001\n','2007-06-08 11:10:52'),(577,97,'TaskValue',3,NULL,NULL,'create','--- \nstorage_unit: \n- \n- each\ndisplay_unit: \n- \n- count\nupdated_at: \n- \n- &id001 2007-06-08 11:10:53.717003 Z\ntask_id: \n- \n- 3\nupdated_by_user_id: \n- 1\n- 3\ntask_context_id: \n- \n- 47\nid: \n- \n- 97\nparameter_id: \n- \n- 27\ncreated_by_user_id: \n- 1\n- 3\ndata_value: \n- \n- 4.0\ncreated_at: \n- \n- *id001\n','2007-06-08 11:10:53'),(578,98,'TaskValue',3,NULL,NULL,'create','--- \nstorage_unit: \n- \n- each\ndisplay_unit: \n- \n- count\nupdated_at: \n- \n- &id001 2007-06-08 11:10:55.352190 Z\ntask_id: \n- \n- 3\nupdated_by_user_id: \n- 1\n- 3\ntask_context_id: \n- \n- 48\nid: \n- \n- 98\nparameter_id: \n- \n- 27\ncreated_by_user_id: \n- 1\n- 3\ndata_value: \n- \n- 444.0\ncreated_at: \n- \n- *id001\n','2007-06-08 11:10:55'),(579,99,'TaskValue',3,NULL,NULL,'create','--- \nstorage_unit: \n- \n- each\ndisplay_unit: \n- \n- count\nupdated_at: \n- \n- &id001 2007-06-08 11:10:57.221746 Z\ntask_id: \n- \n- 3\nupdated_by_user_id: \n- 1\n- 3\ntask_context_id: \n- \n- 49\nid: \n- \n- 99\nparameter_id: \n- \n- 27\ncreated_by_user_id: \n- 1\n- 3\ndata_value: \n- \n- 44.0\ncreated_at: \n- \n- *id001\n','2007-06-08 11:10:57'),(580,100,'TaskValue',3,NULL,NULL,'create','--- \nstorage_unit: \n- \n- each\ndisplay_unit: \n- \n- count\nupdated_at: \n- \n- &id001 2007-06-08 11:10:59.028998 Z\ntask_id: \n- \n- 3\nupdated_by_user_id: \n- 1\n- 3\ntask_context_id: \n- \n- 50\nid: \n- \n- 100\nparameter_id: \n- \n- 27\ncreated_by_user_id: \n- 1\n- 3\ndata_value: \n- \n- 44444.0\ncreated_at: \n- \n- *id001\n','2007-06-08 11:10:59'),(581,99,'TaskValue',3,NULL,NULL,'update','--- \nupdated_at: \n- 2007-06-08 11:10:57 Z\n- 2007-06-08 11:11:00.703602 Z\nlock_version: \n- 0\n- 1\ndata_value: \n- 44.0\n- 333.0\n','2007-06-08 11:11:00'),(582,98,'TaskValue',3,NULL,NULL,'update','--- \nupdated_at: \n- 2007-06-08 11:10:55 Z\n- 2007-06-08 11:11:02.726242 Z\nlock_version: \n- 0\n- 1\ndata_value: \n- 444.0\n- 33333.0\n','2007-06-08 11:11:02'),(583,97,'TaskValue',3,NULL,NULL,'update','--- \nupdated_at: \n- 2007-06-08 11:10:53 Z\n- 2007-06-08 11:11:04.426695 Z\nlock_version: \n- 0\n- 1\ndata_value: \n- 4.0\n- 43222.0\n','2007-06-08 11:11:04'),(584,96,'TaskValue',3,NULL,NULL,'update','--- \nupdated_at: \n- 2007-06-08 11:10:52 Z\n- 2007-06-08 11:11:06.187505 Z\nlock_version: \n- 0\n- 1\ndata_value: \n- 454.0\n- 2222.0\n','2007-06-08 11:11:06'),(585,95,'TaskValue',3,NULL,NULL,'update','--- \nupdated_at: \n- 2007-06-08 11:10:50 Z\n- 2007-06-08 11:11:07.849125 Z\nlock_version: \n- 0\n- 1\ndata_value: \n- 34333.0\n- 3443.0\n','2007-06-08 11:11:07'),(586,96,'TaskValue',3,NULL,NULL,'update','--- \nupdated_at: \n- 2007-06-08 11:11:06 Z\n- 2007-06-08 11:11:09.663716 Z\nlock_version: \n- 1\n- 2\ndata_value: \n- 2222.0\n- 43222.0\n','2007-06-08 11:11:09'),(587,96,'TaskValue',3,NULL,NULL,'update','--- \nupdated_at: \n- 2007-06-08 11:11:09 Z\n- 2007-06-08 11:11:11.340876 Z\nlock_version: \n- 2\n- 3\ndata_value: \n- 43222.0\n- 4543.0\n','2007-06-08 11:11:11'),(588,97,'TaskValue',3,NULL,NULL,'update','--- \nupdated_at: \n- 2007-06-08 11:11:04 Z\n- 2007-06-08 11:11:12.997672 Z\nlock_version: \n- 1\n- 2\ndata_value: \n- 43222.0\n- 5433.0\n','2007-06-08 11:11:13'),(589,98,'TaskValue',3,NULL,NULL,'update','--- \nupdated_at: \n- 2007-06-08 11:11:02 Z\n- 2007-06-08 11:11:15.788639 Z\nlock_version: \n- 1\n- 2\ndata_value: \n- 33333.0\n- 10222.0\n','2007-06-08 11:11:15'),(590,99,'TaskValue',3,NULL,NULL,'update','--- \nupdated_at: \n- 2007-06-08 11:11:00 Z\n- 2007-06-08 11:11:20.547090 Z\nlock_version: \n- 1\n- 2\ndata_value: \n- 333.0\n- 23454.0\n','2007-06-08 11:11:20'),(591,101,'TaskValue',3,NULL,NULL,'create','--- \nstorage_unit: \n- \n- each\ndisplay_unit: \n- \n- count\nupdated_at: \n- \n- &id001 2007-06-08 11:11:26.017965 Z\ntask_id: \n- \n- 3\nupdated_by_user_id: \n- 1\n- 3\ntask_context_id: \n- \n- 51\nid: \n- \n- 101\nparameter_id: \n- \n- 27\ncreated_by_user_id: \n- 1\n- 3\ndata_value: \n- \n- 53534.0\ncreated_at: \n- \n- *id001\n','2007-06-08 11:11:26'),(592,102,'TaskValue',3,NULL,NULL,'create','--- \nstorage_unit: \n- \n- each\ndisplay_unit: \n- \n- count\nupdated_at: \n- \n- &id001 2007-06-08 11:11:30.029102 Z\ntask_id: \n- \n- 3\nupdated_by_user_id: \n- 1\n- 3\ntask_context_id: \n- \n- 52\nid: \n- \n- 102\nparameter_id: \n- \n- 27\ncreated_by_user_id: \n- 1\n- 3\ndata_value: \n- \n- 65543.0\ncreated_at: \n- \n- *id001\n','2007-06-08 11:11:30'),(593,103,'TaskValue',3,NULL,NULL,'create','--- \nstorage_unit: \n- \n- each\ndisplay_unit: \n- \n- count\nupdated_at: \n- \n- &id001 2007-06-08 11:11:33.436998 Z\ntask_id: \n- \n- 3\nupdated_by_user_id: \n- 1\n- 3\ntask_context_id: \n- \n- 53\nid: \n- \n- 103\nparameter_id: \n- \n- 27\ncreated_by_user_id: \n- 1\n- 3\ndata_value: \n- \n- 564444.0\ncreated_at: \n- \n- *id001\n','2007-06-08 11:11:33'),(594,104,'TaskValue',3,NULL,NULL,'create','--- \nstorage_unit: \n- \n- each\ndisplay_unit: \n- \n- count\nupdated_at: \n- \n- &id001 2007-06-08 11:11:35.518023 Z\ntask_id: \n- \n- 3\nupdated_by_user_id: \n- 1\n- 3\ntask_context_id: \n- \n- 54\nid: \n- \n- 104\nparameter_id: \n- \n- 27\ncreated_by_user_id: \n- 1\n- 3\ndata_value: \n- \n- 644444.0\ncreated_at: \n- \n- *id001\n','2007-06-08 11:11:35'),(595,105,'TaskValue',3,NULL,NULL,'create','--- \nstorage_unit: \n- \n- each\ndisplay_unit: \n- \n- count\nupdated_at: \n- \n- &id001 2007-06-08 11:11:37.331064 Z\ntask_id: \n- \n- 3\nupdated_by_user_id: \n- 1\n- 3\ntask_context_id: \n- \n- 55\nid: \n- \n- 105\nparameter_id: \n- \n- 27\ncreated_by_user_id: \n- 1\n- 3\ndata_value: \n- \n- 654655.0\ncreated_at: \n- \n- *id001\n','2007-06-08 11:11:37'),(596,106,'TaskValue',3,NULL,NULL,'create','--- \nstorage_unit: \n- \n- each\ndisplay_unit: \n- \n- count\nupdated_at: \n- \n- &id001 2007-06-08 11:11:39.216667 Z\ntask_id: \n- \n- 3\nupdated_by_user_id: \n- 1\n- 3\ntask_context_id: \n- \n- 56\nid: \n- \n- 106\nparameter_id: \n- \n- 27\ncreated_by_user_id: \n- 1\n- 3\ndata_value: \n- \n- 656555.0\ncreated_at: \n- \n- *id001\n','2007-06-08 11:11:39'),(597,107,'TaskValue',3,NULL,NULL,'create','--- \nstorage_unit: \n- \n- s\ndisplay_unit: \n- \n- s\nupdated_at: \n- \n- &id001 2007-06-08 11:11:45.859145 Z\ntask_id: \n- \n- 3\nupdated_by_user_id: \n- 1\n- 3\ntask_context_id: \n- \n- 42\nid: \n- \n- 107\nparameter_id: \n- \n- 37\ncreated_by_user_id: \n- 1\n- 3\ndata_value: \n- \n- 10.0\ncreated_at: \n- \n- *id001\n','2007-06-08 11:11:45'),(598,108,'TaskValue',3,NULL,NULL,'create','--- \nstorage_unit: \n- \n- s\ndisplay_unit: \n- \n- min\nupdated_at: \n- \n- &id001 2007-06-08 11:11:49.676268 Z\ntask_id: \n- \n- 3\nupdated_by_user_id: \n- 1\n- 3\ntask_context_id: \n- \n- 43\nid: \n- \n- 108\nparameter_id: \n- \n- 37\ncreated_by_user_id: \n- 1\n- 3\ndata_value: \n- \n- 60.0\ncreated_at: \n- \n- *id001\n','2007-06-08 11:11:49'),(599,109,'TaskValue',3,NULL,NULL,'create','--- \nstorage_unit: \n- \n- s\ndisplay_unit: \n- \n- min\nupdated_at: \n- \n- &id001 2007-06-08 11:11:54.500597 Z\ntask_id: \n- \n- 3\nupdated_by_user_id: \n- 1\n- 3\ntask_context_id: \n- \n- 44\nid: \n- \n- 109\nparameter_id: \n- \n- 37\ncreated_by_user_id: \n- 1\n- 3\ndata_value: \n- \n- 120.0\ncreated_at: \n- \n- *id001\n','2007-06-08 11:11:54'),(600,110,'TaskValue',3,NULL,NULL,'create','--- \nstorage_unit: \n- \n- s\ndisplay_unit: \n- \n- min\nupdated_at: \n- \n- &id001 2007-06-08 11:11:56.164535 Z\ntask_id: \n- \n- 3\nupdated_by_user_id: \n- 1\n- 3\ntask_context_id: \n- \n- 45\nid: \n- \n- 110\nparameter_id: \n- \n- 37\ncreated_by_user_id: \n- 1\n- 3\ndata_value: \n- \n- 180.0\ncreated_at: \n- \n- *id001\n','2007-06-08 11:11:56'),(601,111,'TaskValue',3,NULL,NULL,'create','--- \nstorage_unit: \n- \n- s\ndisplay_unit: \n- \n- min\nupdated_at: \n- \n- &id001 2007-06-08 11:11:57.856431 Z\ntask_id: \n- \n- 3\nupdated_by_user_id: \n- 1\n- 3\ntask_context_id: \n- \n- 46\nid: \n- \n- 111\nparameter_id: \n- \n- 37\ncreated_by_user_id: \n- 1\n- 3\ndata_value: \n- \n- 240.0\ncreated_at: \n- \n- *id001\n','2007-06-08 11:11:57'),(602,112,'TaskValue',3,NULL,NULL,'create','--- \nstorage_unit: \n- \n- s\ndisplay_unit: \n- \n- min\nupdated_at: \n- \n- &id001 2007-06-08 11:11:59.533795 Z\ntask_id: \n- \n- 3\nupdated_by_user_id: \n- 1\n- 3\ntask_context_id: \n- \n- 47\nid: \n- \n- 112\nparameter_id: \n- \n- 37\ncreated_by_user_id: \n- 1\n- 3\ndata_value: \n- \n- 300.0\ncreated_at: \n- \n- *id001\n','2007-06-08 11:11:59'),(603,113,'TaskValue',3,NULL,NULL,'create','--- \nstorage_unit: \n- \n- s\ndisplay_unit: \n- \n- min\nupdated_at: \n- \n- &id001 2007-06-08 11:12:01.222055 Z\ntask_id: \n- \n- 3\nupdated_by_user_id: \n- 1\n- 3\ntask_context_id: \n- \n- 48\nid: \n- \n- 113\nparameter_id: \n- \n- 37\ncreated_by_user_id: \n- 1\n- 3\ndata_value: \n- \n- 360.0\ncreated_at: \n- \n- *id001\n','2007-06-08 11:12:01'),(604,114,'TaskValue',3,NULL,NULL,'create','--- \nstorage_unit: \n- \n- s\ndisplay_unit: \n- \n- min\nupdated_at: \n- \n- &id001 2007-06-08 11:12:02.992109 Z\ntask_id: \n- \n- 3\nupdated_by_user_id: \n- 1\n- 3\ntask_context_id: \n- \n- 49\nid: \n- \n- 114\nparameter_id: \n- \n- 37\ncreated_by_user_id: \n- 1\n- 3\ndata_value: \n- \n- 420.0\ncreated_at: \n- \n- *id001\n','2007-06-08 11:12:02'),(605,115,'TaskValue',3,NULL,NULL,'create','--- \nstorage_unit: \n- \n- s\ndisplay_unit: \n- \n- min\nupdated_at: \n- \n- &id001 2007-06-08 11:12:04.681901 Z\ntask_id: \n- \n- 3\nupdated_by_user_id: \n- 1\n- 3\ntask_context_id: \n- \n- 50\nid: \n- \n- 115\nparameter_id: \n- \n- 37\ncreated_by_user_id: \n- 1\n- 3\ndata_value: \n- \n- 480.0\ncreated_at: \n- \n- *id001\n','2007-06-08 11:12:04'),(606,116,'TaskValue',3,NULL,NULL,'create','--- \nstorage_unit: \n- \n- s\ndisplay_unit: \n- \n- min\nupdated_at: \n- \n- &id001 2007-06-08 11:12:06.412289 Z\ntask_id: \n- \n- 3\nupdated_by_user_id: \n- 1\n- 3\ntask_context_id: \n- \n- 51\nid: \n- \n- 116\nparameter_id: \n- \n- 37\ncreated_by_user_id: \n- 1\n- 3\ndata_value: \n- \n- 540.0\ncreated_at: \n- \n- *id001\n','2007-06-08 11:12:06'),(607,117,'TaskValue',3,NULL,NULL,'create','--- \nstorage_unit: \n- \n- s\ndisplay_unit: \n- \n- min\nupdated_at: \n- \n- &id001 2007-06-08 11:12:08.257585 Z\ntask_id: \n- \n- 3\nupdated_by_user_id: \n- 1\n- 3\ntask_context_id: \n- \n- 52\nid: \n- \n- 117\nparameter_id: \n- \n- 37\ncreated_by_user_id: \n- 1\n- 3\ndata_value: \n- \n- 600.0\ncreated_at: \n- \n- *id001\n','2007-06-08 11:12:08'),(608,118,'TaskValue',3,NULL,NULL,'create','--- \nstorage_unit: \n- \n- s\ndisplay_unit: \n- \n- min\nupdated_at: \n- \n- &id001 2007-06-08 11:12:10.097832 Z\ntask_id: \n- \n- 3\nupdated_by_user_id: \n- 1\n- 3\ntask_context_id: \n- \n- 53\nid: \n- \n- 118\nparameter_id: \n- \n- 37\ncreated_by_user_id: \n- 1\n- 3\ndata_value: \n- \n- 660.0\ncreated_at: \n- \n- *id001\n','2007-06-08 11:12:10'),(609,119,'TaskValue',3,NULL,NULL,'create','--- \nstorage_unit: \n- \n- s\ndisplay_unit: \n- \n- min\nupdated_at: \n- \n- &id001 2007-06-08 11:12:12.045803 Z\ntask_id: \n- \n- 3\nupdated_by_user_id: \n- 1\n- 3\ntask_context_id: \n- \n- 54\nid: \n- \n- 119\nparameter_id: \n- \n- 37\ncreated_by_user_id: \n- 1\n- 3\ndata_value: \n- \n- 720.0\ncreated_at: \n- \n- *id001\n','2007-06-08 11:12:12'),(610,120,'TaskValue',3,NULL,NULL,'create','--- \nstorage_unit: \n- \n- s\ndisplay_unit: \n- \n- min\nupdated_at: \n- \n- &id001 2007-06-08 11:12:13.825969 Z\ntask_id: \n- \n- 3\nupdated_by_user_id: \n- 1\n- 3\ntask_context_id: \n- \n- 55\nid: \n- \n- 120\nparameter_id: \n- \n- 37\ncreated_by_user_id: \n- 1\n- 3\ndata_value: \n- \n- 780.0\ncreated_at: \n- \n- *id001\n','2007-06-08 11:12:13'),(611,121,'TaskValue',3,NULL,NULL,'create','--- \nstorage_unit: \n- \n- s\ndisplay_unit: \n- \n- min\nupdated_at: \n- \n- &id001 2007-06-08 11:12:15.496536 Z\ntask_id: \n- \n- 3\nupdated_by_user_id: \n- 1\n- 3\ntask_context_id: \n- \n- 56\nid: \n- \n- 121\nparameter_id: \n- \n- 37\ncreated_by_user_id: \n- 1\n- 3\ndata_value: \n- \n- 840.0\ncreated_at: \n- \n- *id001\n','2007-06-08 11:12:15'),(612,120,'TaskValue',3,NULL,NULL,'update','--- \nupdated_at: \n- 2007-06-08 11:12:13 Z\n- 2007-06-08 11:12:27.708367 Z\nlock_version: \n- 0\n- 1\n','2007-06-08 11:12:27'),(613,7,'TaskText',3,NULL,NULL,'update','--- \nupdated_at: \n- 2007-06-08 11:07:00 Z\n- 2007-06-08 11:12:34.209073 Z\nlock_version: \n- 0\n- 1\n','2007-06-08 11:12:34'),(614,9,'TaskText',3,NULL,NULL,'create','--- \nupdated_at: \n- \n- &id001 2007-06-08 11:12:45.956069 Z\ntask_id: \n- \n- 3\nupdated_by_user_id: \n- 1\n- 3\ntask_context_id: \n- \n- 39\nid: \n- \n- 9\nparameter_id: \n- \n- 31\ndata_content: \n- \n- A\ncreated_by_user_id: \n- 1\n- 3\ncreated_at: \n- \n- *id001\n','2007-06-08 11:12:45'),(615,122,'TaskValue',3,NULL,NULL,'create','--- \nstorage_unit: \n- \n- each\ndisplay_unit: \n- \n- count\nupdated_at: \n- \n- &id001 2007-06-08 11:13:00.466969 Z\ntask_id: \n- \n- 3\nupdated_by_user_id: \n- 1\n- 3\ntask_context_id: \n- \n- 40\nid: \n- \n- 122\nparameter_id: \n- \n- 35\ncreated_by_user_id: \n- 1\n- 3\ndata_value: \n- \n- 693921.0\ncreated_at: \n- \n- *id001\n','2007-06-08 11:13:00'),(616,123,'TaskValue',3,NULL,NULL,'create','--- \nstorage_unit: \n- \n- each\ndisplay_unit: \n- \n- count\nupdated_at: \n- \n- &id001 2007-06-08 11:13:03.809178 Z\ntask_id: \n- \n- 3\nupdated_by_user_id: \n- 1\n- 3\ntask_context_id: \n- \n- 40\nid: \n- \n- 123\nparameter_id: \n- \n- 34\ncreated_by_user_id: \n- 1\n- 3\ndata_value: \n- \n- 10.0\ncreated_at: \n- \n- *id001\n','2007-06-08 11:13:03'),(617,124,'TaskValue',3,NULL,NULL,'create','--- \nstorage_unit: \n- \n- degK\ndisplay_unit: \n- \n- degK\nupdated_at: \n- \n- &id001 2007-06-08 11:13:13.628988 Z\ntask_id: \n- \n- 3\nupdated_by_user_id: \n- 1\n- 3\ntask_context_id: \n- \n- 40\nid: \n- \n- 124\nparameter_id: \n- \n- 38\ncreated_by_user_id: \n- 1\n- 3\ndata_value: \n- \n- 291.0\ncreated_at: \n- \n- *id001\n','2007-06-08 11:13:13'),(618,10,'TaskText',3,NULL,NULL,'create','--- \nupdated_at: \n- \n- &id001 2007-06-08 11:13:30.616126 Z\ntask_id: \n- \n- 3\nupdated_by_user_id: \n- 1\n- 3\ntask_context_id: \n- \n- 40\nid: \n- \n- 10\nparameter_id: \n- \n- 33\ndata_content: \n- \n- AAAAAA\ncreated_by_user_id: \n- 1\n- 3\ncreated_at: \n- \n- *id001\n','2007-06-08 11:13:30'),(619,125,'TaskValue',3,NULL,NULL,'create','--- \nstorage_unit: \n- \n- mol/m^3\ndisplay_unit: \n- \n- mM\nupdated_at: \n- \n- &id001 2007-06-08 11:15:58.928733 Z\ntask_id: \n- \n- 3\nupdated_by_user_id: \n- 1\n- 3\ntask_context_id: \n- \n- 39\nid: \n- \n- 125\nparameter_id: \n- \n- 32\ncreated_by_user_id: \n- 1\n- 3\ndata_value: \n- \n- 10.1\ncreated_at: \n- \n- *id001\n','2007-06-08 11:15:58'),(620,125,'TaskValue',3,NULL,NULL,'update','--- \nupdated_at: \n- 2007-06-08 11:15:58 Z\n- 2007-06-08 11:19:15.493142 Z\nlock_version: \n- 0\n- 1\ndata_value: \n- 10.1\n- 10.0\n','2007-06-08 11:19:15'),(621,126,'TaskValue',3,NULL,NULL,'create','--- \nstorage_unit: \n- \n- mol/m^3\ndisplay_unit: \n- \n- uM\nupdated_at: \n- \n- &id001 2007-06-08 11:24:15.715032 Z\ntask_id: \n- \n- 3\nupdated_by_user_id: \n- 1\n- 3\ntask_context_id: \n- \n- 38\nid: \n- \n- 126\nparameter_id: \n- \n- 32\ncreated_by_user_id: \n- 1\n- 3\ndata_value: \n- \n- 0.01\ncreated_at: \n- \n- *id001\n','2007-06-08 11:24:15'),(622,27,'DataFormat',3,NULL,NULL,'update','--- \nupdated_at: \n- 2007-06-06 20:20:26 Z\n- 2007-06-08 11:24:56.388280 Z\nlock_version: \n- 0\n- 1\nformat_regex: \n- ^[-+]?[0-9]*\\.?[0-9]* ?[m,u,u,p]?M$\n- ^[-+]?[0-9]*\\.?[0-9]* ?[m,u,u,p]?M?$\n','2007-06-08 11:24:56'),(623,126,'TaskValue',3,NULL,NULL,'update','--- \ndisplay_unit: \n- uM\n- mM\nupdated_at: \n- 2007-06-08 11:24:15 Z\n- 2007-06-08 11:25:15.357902 Z\nlock_version: \n- 0\n- 1\ndata_value: \n- 0.01\n- 11.0\n','2007-06-08 11:25:15'),(624,126,'TaskValue',3,NULL,NULL,'update','--- \ndisplay_unit: \n- mM\n- uM\nupdated_at: \n- 2007-06-08 11:25:15 Z\n- 2007-06-08 11:25:45.225332 Z\nlock_version: \n- 1\n- 2\ndata_value: \n- 11.0\n- 0.0122\n','2007-06-08 11:25:45'),(625,127,'TaskValue',3,NULL,NULL,'create','--- \nstorage_unit: \n- \n- each\ndisplay_unit: \n- \n- count\nupdated_at: \n- \n- &id001 2007-06-08 11:35:24.013574 Z\ntask_id: \n- \n- 3\nupdated_by_user_id: \n- 1\n- 3\ntask_context_id: \n- \n- 57\nid: \n- \n- 127\nparameter_id: \n- \n- 27\ncreated_by_user_id: \n- 1\n- 3\ndata_value: \n- \n- 1.0\ncreated_at: \n- \n- *id001\n','2007-06-08 11:35:24'),(626,128,'TaskValue',3,NULL,NULL,'create','--- \nstorage_unit: \n- \n- s\ndisplay_unit: \n- \n- min\nupdated_at: \n- \n- &id001 2007-06-08 11:35:24.035159 Z\ntask_id: \n- \n- 3\nupdated_by_user_id: \n- 1\n- 3\ntask_context_id: \n- \n- 57\nid: \n- \n- 128\nparameter_id: \n- \n- 37\ncreated_by_user_id: \n- 1\n- 3\ndata_value: \n- \n- 0.0\ncreated_at: \n- \n- *id001\n','2007-06-08 11:35:24'),(627,129,'TaskValue',3,NULL,NULL,'create','--- \nstorage_unit: \n- \n- each\ndisplay_unit: \n- \n- count\nupdated_at: \n- \n- &id001 2007-06-08 11:35:24.050713 Z\ntask_id: \n- \n- 3\nupdated_by_user_id: \n- 1\n- 3\ntask_context_id: \n- \n- 58\nid: \n- \n- 129\nparameter_id: \n- \n- 27\ncreated_by_user_id: \n- 1\n- 3\ndata_value: \n- \n- 1.0\ncreated_at: \n- \n- *id001\n','2007-06-08 11:35:24'),(628,130,'TaskValue',3,NULL,NULL,'create','--- \nstorage_unit: \n- \n- s\ndisplay_unit: \n- \n- min\nupdated_at: \n- \n- &id001 2007-06-08 11:35:24.067330 Z\ntask_id: \n- \n- 3\nupdated_by_user_id: \n- 1\n- 3\ntask_context_id: \n- \n- 58\nid: \n- \n- 130\nparameter_id: \n- \n- 37\ncreated_by_user_id: \n- 1\n- 3\ndata_value: \n- \n- 0.0\ncreated_at: \n- \n- *id001\n','2007-06-08 11:35:24'),(629,131,'TaskValue',3,NULL,NULL,'create','--- \nstorage_unit: \n- \n- each\ndisplay_unit: \n- \n- count\nupdated_at: \n- \n- &id001 2007-06-08 11:35:24.082825 Z\ntask_id: \n- \n- 3\nupdated_by_user_id: \n- 1\n- 3\ntask_context_id: \n- \n- 59\nid: \n- \n- 131\nparameter_id: \n- \n- 27\ncreated_by_user_id: \n- 1\n- 3\ndata_value: \n- \n- 1.0\ncreated_at: \n- \n- *id001\n','2007-06-08 11:35:24'),(630,132,'TaskValue',3,NULL,NULL,'create','--- \nstorage_unit: \n- \n- s\ndisplay_unit: \n- \n- min\nupdated_at: \n- \n- &id001 2007-06-08 11:35:24.099371 Z\ntask_id: \n- \n- 3\nupdated_by_user_id: \n- 1\n- 3\ntask_context_id: \n- \n- 59\nid: \n- \n- 132\nparameter_id: \n- \n- 37\ncreated_by_user_id: \n- 1\n- 3\ndata_value: \n- \n- 0.0\ncreated_at: \n- \n- *id001\n','2007-06-08 11:35:24'),(631,133,'TaskValue',3,NULL,NULL,'create','--- \nstorage_unit: \n- \n- each\ndisplay_unit: \n- \n- count\nupdated_at: \n- \n- &id001 2007-06-08 11:35:24.114695 Z\ntask_id: \n- \n- 3\nupdated_by_user_id: \n- 1\n- 3\ntask_context_id: \n- \n- 60\nid: \n- \n- 133\nparameter_id: \n- \n- 27\ncreated_by_user_id: \n- 1\n- 3\ndata_value: \n- \n- 1.0\ncreated_at: \n- \n- *id001\n','2007-06-08 11:35:24'),(632,134,'TaskValue',3,NULL,NULL,'create','--- \nstorage_unit: \n- \n- s\ndisplay_unit: \n- \n- min\nupdated_at: \n- \n- &id001 2007-06-08 11:35:24.132862 Z\ntask_id: \n- \n- 3\nupdated_by_user_id: \n- 1\n- 3\ntask_context_id: \n- \n- 60\nid: \n- \n- 134\nparameter_id: \n- \n- 37\ncreated_by_user_id: \n- 1\n- 3\ndata_value: \n- \n- 0.0\ncreated_at: \n- \n- *id001\n','2007-06-08 11:35:24'),(633,135,'TaskValue',3,NULL,NULL,'create','--- \nstorage_unit: \n- \n- each\ndisplay_unit: \n- \n- count\nupdated_at: \n- \n- &id001 2007-06-08 11:35:24.317536 Z\ntask_id: \n- \n- 3\nupdated_by_user_id: \n- 1\n- 3\ntask_context_id: \n- \n- 61\nid: \n- \n- 135\nparameter_id: \n- \n- 27\ncreated_by_user_id: \n- 1\n- 3\ndata_value: \n- \n- 1.0\ncreated_at: \n- \n- *id001\n','2007-06-08 11:35:24'),(634,136,'TaskValue',3,NULL,NULL,'create','--- \nstorage_unit: \n- \n- s\ndisplay_unit: \n- \n- min\nupdated_at: \n- \n- &id001 2007-06-08 11:35:24.334928 Z\ntask_id: \n- \n- 3\nupdated_by_user_id: \n- 1\n- 3\ntask_context_id: \n- \n- 61\nid: \n- \n- 136\nparameter_id: \n- \n- 37\ncreated_by_user_id: \n- 1\n- 3\ndata_value: \n- \n- 0.0\ncreated_at: \n- \n- *id001\n','2007-06-08 11:35:24'),(635,137,'TaskValue',3,NULL,NULL,'create','--- \nstorage_unit: \n- \n- each\ndisplay_unit: \n- \n- count\nupdated_at: \n- \n- &id001 2007-06-08 11:35:24.351665 Z\ntask_id: \n- \n- 3\nupdated_by_user_id: \n- 1\n- 3\ntask_context_id: \n- \n- 62\nid: \n- \n- 137\nparameter_id: \n- \n- 27\ncreated_by_user_id: \n- 1\n- 3\ndata_value: \n- \n- 1.0\ncreated_at: \n- \n- *id001\n','2007-06-08 11:35:24'),(636,138,'TaskValue',3,NULL,NULL,'create','--- \nstorage_unit: \n- \n- s\ndisplay_unit: \n- \n- min\nupdated_at: \n- \n- &id001 2007-06-08 11:35:24.368337 Z\ntask_id: \n- \n- 3\nupdated_by_user_id: \n- 1\n- 3\ntask_context_id: \n- \n- 62\nid: \n- \n- 138\nparameter_id: \n- \n- 37\ncreated_by_user_id: \n- 1\n- 3\ndata_value: \n- \n- 0.0\ncreated_at: \n- \n- *id001\n','2007-06-08 11:35:24'),(637,139,'TaskValue',3,NULL,NULL,'create','--- \nstorage_unit: \n- \n- each\ndisplay_unit: \n- \n- count\nupdated_at: \n- \n- &id001 2007-06-08 11:35:24.383761 Z\ntask_id: \n- \n- 3\nupdated_by_user_id: \n- 1\n- 3\ntask_context_id: \n- \n- 63\nid: \n- \n- 139\nparameter_id: \n- \n- 27\ncreated_by_user_id: \n- 1\n- 3\ndata_value: \n- \n- 1.0\ncreated_at: \n- \n- *id001\n','2007-06-08 11:35:24'),(638,140,'TaskValue',3,NULL,NULL,'create','--- \nstorage_unit: \n- \n- s\ndisplay_unit: \n- \n- min\nupdated_at: \n- \n- &id001 2007-06-08 11:35:24.399944 Z\ntask_id: \n- \n- 3\nupdated_by_user_id: \n- 1\n- 3\ntask_context_id: \n- \n- 63\nid: \n- \n- 140\nparameter_id: \n- \n- 37\ncreated_by_user_id: \n- 1\n- 3\ndata_value: \n- \n- 0.0\ncreated_at: \n- \n- *id001\n','2007-06-08 11:35:24'),(639,141,'TaskValue',3,NULL,NULL,'create','--- \nstorage_unit: \n- \n- each\ndisplay_unit: \n- \n- count\nupdated_at: \n- \n- &id001 2007-06-08 11:35:24.415354 Z\ntask_id: \n- \n- 3\nupdated_by_user_id: \n- 1\n- 3\ntask_context_id: \n- \n- 64\nid: \n- \n- 141\nparameter_id: \n- \n- 27\ncreated_by_user_id: \n- 1\n- 3\ndata_value: \n- \n- 1.0\ncreated_at: \n- \n- *id001\n','2007-06-08 11:35:24'),(640,142,'TaskValue',3,NULL,NULL,'create','--- \nstorage_unit: \n- \n- s\ndisplay_unit: \n- \n- min\nupdated_at: \n- \n- &id001 2007-06-08 11:35:24.431485 Z\ntask_id: \n- \n- 3\nupdated_by_user_id: \n- 1\n- 3\ntask_context_id: \n- \n- 64\nid: \n- \n- 142\nparameter_id: \n- \n- 37\ncreated_by_user_id: \n- 1\n- 3\ndata_value: \n- \n- 0.0\ncreated_at: \n- \n- *id001\n','2007-06-08 11:35:24'),(641,143,'TaskValue',3,NULL,NULL,'create','--- \nstorage_unit: \n- \n- each\ndisplay_unit: \n- \n- count\nupdated_at: \n- \n- &id001 2007-06-08 11:35:24.447901 Z\ntask_id: \n- \n- 3\nupdated_by_user_id: \n- 1\n- 3\ntask_context_id: \n- \n- 65\nid: \n- \n- 143\nparameter_id: \n- \n- 27\ncreated_by_user_id: \n- 1\n- 3\ndata_value: \n- \n- 1.0\ncreated_at: \n- \n- *id001\n','2007-06-08 11:35:24'),(642,144,'TaskValue',3,NULL,NULL,'create','--- \nstorage_unit: \n- \n- s\ndisplay_unit: \n- \n- min\nupdated_at: \n- \n- &id001 2007-06-08 11:35:24.493701 Z\ntask_id: \n- \n- 3\nupdated_by_user_id: \n- 1\n- 3\ntask_context_id: \n- \n- 65\nid: \n- \n- 144\nparameter_id: \n- \n- 37\ncreated_by_user_id: \n- 1\n- 3\ndata_value: \n- \n- 0.0\ncreated_at: \n- \n- *id001\n','2007-06-08 11:35:24'),(643,145,'TaskValue',3,NULL,NULL,'create','--- \nstorage_unit: \n- \n- each\ndisplay_unit: \n- \n- count\nupdated_at: \n- \n- &id001 2007-06-08 11:35:24.677359 Z\ntask_id: \n- \n- 3\nupdated_by_user_id: \n- 1\n- 3\ntask_context_id: \n- \n- 66\nid: \n- \n- 145\nparameter_id: \n- \n- 27\ncreated_by_user_id: \n- 1\n- 3\ndata_value: \n- \n- 1.0\ncreated_at: \n- \n- *id001\n','2007-06-08 11:35:24'),(644,146,'TaskValue',3,NULL,NULL,'create','--- \nstorage_unit: \n- \n- s\ndisplay_unit: \n- \n- min\nupdated_at: \n- \n- &id001 2007-06-08 11:35:24.694410 Z\ntask_id: \n- \n- 3\nupdated_by_user_id: \n- 1\n- 3\ntask_context_id: \n- \n- 66\nid: \n- \n- 146\nparameter_id: \n- \n- 37\ncreated_by_user_id: \n- 1\n- 3\ndata_value: \n- \n- 0.0\ncreated_at: \n- \n- *id001\n','2007-06-08 11:35:24'),(645,147,'TaskValue',3,NULL,NULL,'create','--- \nstorage_unit: \n- \n- each\ndisplay_unit: \n- \n- count\nupdated_at: \n- \n- &id001 2007-06-08 11:35:24.710049 Z\ntask_id: \n- \n- 3\nupdated_by_user_id: \n- 1\n- 3\ntask_context_id: \n- \n- 67\nid: \n- \n- 147\nparameter_id: \n- \n- 27\ncreated_by_user_id: \n- 1\n- 3\ndata_value: \n- \n- 1.0\ncreated_at: \n- \n- *id001\n','2007-06-08 11:35:24'),(646,148,'TaskValue',3,NULL,NULL,'create','--- \nstorage_unit: \n- \n- s\ndisplay_unit: \n- \n- min\nupdated_at: \n- \n- &id001 2007-06-08 11:35:24.726330 Z\ntask_id: \n- \n- 3\nupdated_by_user_id: \n- 1\n- 3\ntask_context_id: \n- \n- 67\nid: \n- \n- 148\nparameter_id: \n- \n- 37\ncreated_by_user_id: \n- 1\n- 3\ndata_value: \n- \n- 0.0\ncreated_at: \n- \n- *id001\n','2007-06-08 11:35:24'),(647,149,'TaskValue',3,NULL,NULL,'create','--- \nstorage_unit: \n- \n- each\ndisplay_unit: \n- \n- count\nupdated_at: \n- \n- &id001 2007-06-08 11:35:24.741911 Z\ntask_id: \n- \n- 3\nupdated_by_user_id: \n- 1\n- 3\ntask_context_id: \n- \n- 68\nid: \n- \n- 149\nparameter_id: \n- \n- 27\ncreated_by_user_id: \n- 1\n- 3\ndata_value: \n- \n- 1.0\ncreated_at: \n- \n- *id001\n','2007-06-08 11:35:24'),(648,150,'TaskValue',3,NULL,NULL,'create','--- \nstorage_unit: \n- \n- s\ndisplay_unit: \n- \n- min\nupdated_at: \n- \n- &id001 2007-06-08 11:35:24.758138 Z\ntask_id: \n- \n- 3\nupdated_by_user_id: \n- 1\n- 3\ntask_context_id: \n- \n- 68\nid: \n- \n- 150\nparameter_id: \n- \n- 37\ncreated_by_user_id: \n- 1\n- 3\ndata_value: \n- \n- 0.0\ncreated_at: \n- \n- *id001\n','2007-06-08 11:35:24'),(649,151,'TaskValue',3,NULL,NULL,'create','--- \nstorage_unit: \n- \n- each\ndisplay_unit: \n- \n- count\nupdated_at: \n- \n- &id001 2007-06-08 11:35:24.773168 Z\ntask_id: \n- \n- 3\nupdated_by_user_id: \n- 1\n- 3\ntask_context_id: \n- \n- 69\nid: \n- \n- 151\nparameter_id: \n- \n- 27\ncreated_by_user_id: \n- 1\n- 3\ndata_value: \n- \n- 1.0\ncreated_at: \n- \n- *id001\n','2007-06-08 11:35:24'),(650,152,'TaskValue',3,NULL,NULL,'create','--- \nstorage_unit: \n- \n- s\ndisplay_unit: \n- \n- min\nupdated_at: \n- \n- &id001 2007-06-08 11:35:24.789548 Z\ntask_id: \n- \n- 3\nupdated_by_user_id: \n- 1\n- 3\ntask_context_id: \n- \n- 69\nid: \n- \n- 152\nparameter_id: \n- \n- 37\ncreated_by_user_id: \n- 1\n- 3\ndata_value: \n- \n- 0.0\ncreated_at: \n- \n- *id001\n','2007-06-08 11:35:24'),(651,153,'TaskValue',3,NULL,NULL,'create','--- \nstorage_unit: \n- \n- each\ndisplay_unit: \n- \n- count\nupdated_at: \n- \n- &id001 2007-06-08 11:35:24.805446 Z\ntask_id: \n- \n- 3\nupdated_by_user_id: \n- 1\n- 3\ntask_context_id: \n- \n- 70\nid: \n- \n- 153\nparameter_id: \n- \n- 27\ncreated_by_user_id: \n- 1\n- 3\ndata_value: \n- \n- 1.0\ncreated_at: \n- \n- *id001\n','2007-06-08 11:35:24'),(652,154,'TaskValue',3,NULL,NULL,'create','--- \nstorage_unit: \n- \n- s\ndisplay_unit: \n- \n- min\nupdated_at: \n- \n- &id001 2007-06-08 11:35:24.821554 Z\ntask_id: \n- \n- 3\nupdated_by_user_id: \n- 1\n- 3\ntask_context_id: \n- \n- 70\nid: \n- \n- 154\nparameter_id: \n- \n- 37\ncreated_by_user_id: \n- 1\n- 3\ndata_value: \n- \n- 0.0\ncreated_at: \n- \n- *id001\n','2007-06-08 11:35:24'),(653,155,'TaskValue',3,NULL,NULL,'create','--- \nstorage_unit: \n- \n- each\ndisplay_unit: \n- \n- count\nupdated_at: \n- \n- &id001 2007-06-08 11:35:25.012223 Z\ntask_id: \n- \n- 3\nupdated_by_user_id: \n- 1\n- 3\ntask_context_id: \n- \n- 71\nid: \n- \n- 155\nparameter_id: \n- \n- 27\ncreated_by_user_id: \n- 1\n- 3\ndata_value: \n- \n- 1.0\ncreated_at: \n- \n- *id001\n','2007-06-08 11:35:25'),(654,156,'TaskValue',3,NULL,NULL,'create','--- \nstorage_unit: \n- \n- s\ndisplay_unit: \n- \n- min\nupdated_at: \n- \n- &id001 2007-06-08 11:35:25.029319 Z\ntask_id: \n- \n- 3\nupdated_by_user_id: \n- 1\n- 3\ntask_context_id: \n- \n- 71\nid: \n- \n- 156\nparameter_id: \n- \n- 37\ncreated_by_user_id: \n- 1\n- 3\ndata_value: \n- \n- 0.0\ncreated_at: \n- \n- *id001\n','2007-06-08 11:35:25'),(655,157,'TaskValue',3,NULL,NULL,'create','--- \nstorage_unit: \n- \n- each\ndisplay_unit: \n- \n- count\nupdated_at: \n- \n- &id001 2007-06-08 11:35:25.046842 Z\ntask_id: \n- \n- 3\nupdated_by_user_id: \n- 1\n- 3\ntask_context_id: \n- \n- 72\nid: \n- \n- 157\nparameter_id: \n- \n- 27\ncreated_by_user_id: \n- 1\n- 3\ndata_value: \n- \n- 1.0\ncreated_at: \n- \n- *id001\n','2007-06-08 11:35:25'),(656,158,'TaskValue',3,NULL,NULL,'create','--- \nstorage_unit: \n- \n- s\ndisplay_unit: \n- \n- min\nupdated_at: \n- \n- &id001 2007-06-08 11:35:25.065719 Z\ntask_id: \n- \n- 3\nupdated_by_user_id: \n- 1\n- 3\ntask_context_id: \n- \n- 72\nid: \n- \n- 158\nparameter_id: \n- \n- 37\ncreated_by_user_id: \n- 1\n- 3\ndata_value: \n- \n- 0.0\ncreated_at: \n- \n- *id001\n','2007-06-08 11:35:25'),(657,159,'TaskValue',3,NULL,NULL,'create','--- \nstorage_unit: \n- \n- s\ndisplay_unit: \n- \n- min\nupdated_at: \n- \n- &id001 2007-06-08 11:35:25.085483 Z\ntask_id: \n- \n- 3\nupdated_by_user_id: \n- 1\n- 3\ntask_context_id: \n- \n- 41\nid: \n- \n- 159\nparameter_id: \n- \n- 37\ncreated_by_user_id: \n- 1\n- 3\ndata_value: \n- \n- 0.0\ncreated_at: \n- \n- *id001\n','2007-06-08 11:35:25'),(658,3,'Task',3,NULL,NULL,'update','--- \nupdated_at: \n- 2007-06-08 11:04:28 Z\n- 2007-06-08 11:35:25.125340 Z\nlock_version: \n- 0\n- 1\n','2007-06-08 11:35:25'),(659,126,'TaskValue',3,NULL,NULL,'update','--- \nupdated_at: \n- 2007-06-08 11:25:45 Z\n- 2007-06-08 11:35:25.185661 Z\nlock_version: \n- 2\n- 3\ndata_value: \n- 0.0122\n- 0.012\n','2007-06-08 11:35:25'),(660,127,'TaskValue',3,NULL,NULL,'update','--- \nupdated_at: \n- 2007-06-08 11:35:24.013574 Z\n- 2007-06-08 11:35:25.200338 Z\nlock_version: \n- 0\n- 1\n','2007-06-08 11:35:25'),(661,128,'TaskValue',3,NULL,NULL,'update','--- \nupdated_at: \n- 2007-06-08 11:35:24.035159 Z\n- 2007-06-08 11:35:25.215492 Z\nlock_version: \n- 0\n- 1\n','2007-06-08 11:35:25'),(662,129,'TaskValue',3,NULL,NULL,'update','--- \nupdated_at: \n- 2007-06-08 11:35:24.050713 Z\n- 2007-06-08 11:35:25.229384 Z\nlock_version: \n- 0\n- 1\n','2007-06-08 11:35:25'),(663,130,'TaskValue',3,NULL,NULL,'update','--- \nupdated_at: \n- 2007-06-08 11:35:24.067330 Z\n- 2007-06-08 11:35:25.244182 Z\nlock_version: \n- 0\n- 1\n','2007-06-08 11:35:25'),(664,131,'TaskValue',3,NULL,NULL,'update','--- \nupdated_at: \n- 2007-06-08 11:35:24.082825 Z\n- 2007-06-08 11:35:25.499910 Z\nlock_version: \n- 0\n- 1\n','2007-06-08 11:35:25'),(665,132,'TaskValue',3,NULL,NULL,'update','--- \nupdated_at: \n- 2007-06-08 11:35:24.099371 Z\n- 2007-06-08 11:35:25.553282 Z\nlock_version: \n- 0\n- 1\n','2007-06-08 11:35:25'),(666,133,'TaskValue',3,NULL,NULL,'update','--- \nupdated_at: \n- 2007-06-08 11:35:24.114695 Z\n- 2007-06-08 11:35:25.569495 Z\nlock_version: \n- 0\n- 1\n','2007-06-08 11:35:25'),(667,134,'TaskValue',3,NULL,NULL,'update','--- \nupdated_at: \n- 2007-06-08 11:35:24.132862 Z\n- 2007-06-08 11:35:25.586672 Z\nlock_version: \n- 0\n- 1\n','2007-06-08 11:35:25'),(668,135,'TaskValue',3,NULL,NULL,'update','--- \nupdated_at: \n- 2007-06-08 11:35:24.317536 Z\n- 2007-06-08 11:35:25.601189 Z\nlock_version: \n- 0\n- 1\n','2007-06-08 11:35:25'),(669,136,'TaskValue',3,NULL,NULL,'update','--- \nupdated_at: \n- 2007-06-08 11:35:24.334928 Z\n- 2007-06-08 11:35:25.617298 Z\nlock_version: \n- 0\n- 1\n','2007-06-08 11:35:25'),(670,137,'TaskValue',3,NULL,NULL,'update','--- \nupdated_at: \n- 2007-06-08 11:35:24.351665 Z\n- 2007-06-08 11:35:25.631958 Z\nlock_version: \n- 0\n- 1\n','2007-06-08 11:35:25'),(671,138,'TaskValue',3,NULL,NULL,'update','--- \nupdated_at: \n- 2007-06-08 11:35:24.368337 Z\n- 2007-06-08 11:35:25.647569 Z\nlock_version: \n- 0\n- 1\n','2007-06-08 11:35:25'),(672,139,'TaskValue',3,NULL,NULL,'update','--- \nupdated_at: \n- 2007-06-08 11:35:24.383761 Z\n- 2007-06-08 11:35:25.662067 Z\nlock_version: \n- 0\n- 1\n','2007-06-08 11:35:25'),(673,140,'TaskValue',3,NULL,NULL,'update','--- \nupdated_at: \n- 2007-06-08 11:35:24.399944 Z\n- 2007-06-08 11:35:25.677700 Z\nlock_version: \n- 0\n- 1\n','2007-06-08 11:35:25'),(674,141,'TaskValue',3,NULL,NULL,'update','--- \nupdated_at: \n- 2007-06-08 11:35:24.415354 Z\n- 2007-06-08 11:35:25.696075 Z\nlock_version: \n- 0\n- 1\n','2007-06-08 11:35:25'),(675,142,'TaskValue',3,NULL,NULL,'update','--- \nupdated_at: \n- 2007-06-08 11:35:24.431485 Z\n- 2007-06-08 11:35:25.715109 Z\nlock_version: \n- 0\n- 1\n','2007-06-08 11:35:25'),(676,143,'TaskValue',3,NULL,NULL,'update','--- \nupdated_at: \n- 2007-06-08 11:35:24.447901 Z\n- 2007-06-08 11:35:25.732260 Z\nlock_version: \n- 0\n- 1\n','2007-06-08 11:35:25'),(677,144,'TaskValue',3,NULL,NULL,'update','--- \nupdated_at: \n- 2007-06-08 11:35:24.493701 Z\n- 2007-06-08 11:35:25.750164 Z\nlock_version: \n- 0\n- 1\n','2007-06-08 11:35:25'),(678,145,'TaskValue',3,NULL,NULL,'update','--- \nupdated_at: \n- 2007-06-08 11:35:24.677359 Z\n- 2007-06-08 11:35:25.766644 Z\nlock_version: \n- 0\n- 1\n','2007-06-08 11:35:25'),(679,146,'TaskValue',3,NULL,NULL,'update','--- \nupdated_at: \n- 2007-06-08 11:35:24.694410 Z\n- 2007-06-08 11:35:25.785023 Z\nlock_version: \n- 0\n- 1\n','2007-06-08 11:35:25'),(680,147,'TaskValue',3,NULL,NULL,'update','--- \nupdated_at: \n- 2007-06-08 11:35:24.710049 Z\n- 2007-06-08 11:35:25.800533 Z\nlock_version: \n- 0\n- 1\n','2007-06-08 11:35:25'),(681,148,'TaskValue',3,NULL,NULL,'update','--- \nupdated_at: \n- 2007-06-08 11:35:24.726330 Z\n- 2007-06-08 11:35:25.817871 Z\nlock_version: \n- 0\n- 1\n','2007-06-08 11:35:25'),(682,149,'TaskValue',3,NULL,NULL,'update','--- \nupdated_at: \n- 2007-06-08 11:35:24.741911 Z\n- 2007-06-08 11:35:25.835784 Z\nlock_version: \n- 0\n- 1\n','2007-06-08 11:35:25'),(683,150,'TaskValue',3,NULL,NULL,'update','--- \nupdated_at: \n- 2007-06-08 11:35:24.758138 Z\n- 2007-06-08 11:35:25.849983 Z\nlock_version: \n- 0\n- 1\n','2007-06-08 11:35:25'),(684,151,'TaskValue',3,NULL,NULL,'update','--- \nupdated_at: \n- 2007-06-08 11:35:24.773168 Z\n- 2007-06-08 11:35:25.862504 Z\nlock_version: \n- 0\n- 1\n','2007-06-08 11:35:26'),(685,152,'TaskValue',3,NULL,NULL,'update','--- \nupdated_at: \n- 2007-06-08 11:35:24.789548 Z\n- 2007-06-08 11:35:26.048358 Z\nlock_version: \n- 0\n- 1\n','2007-06-08 11:35:26'),(686,153,'TaskValue',3,NULL,NULL,'update','--- \nupdated_at: \n- 2007-06-08 11:35:24.805446 Z\n- 2007-06-08 11:35:26.061758 Z\nlock_version: \n- 0\n- 1\n','2007-06-08 11:35:26'),(687,154,'TaskValue',3,NULL,NULL,'update','--- \nupdated_at: \n- 2007-06-08 11:35:24.821554 Z\n- 2007-06-08 11:35:26.075901 Z\nlock_version: \n- 0\n- 1\n','2007-06-08 11:35:26'),(688,155,'TaskValue',3,NULL,NULL,'update','--- \nupdated_at: \n- 2007-06-08 11:35:25.012223 Z\n- 2007-06-08 11:35:26.089079 Z\nlock_version: \n- 0\n- 1\n','2007-06-08 11:35:26'),(689,156,'TaskValue',3,NULL,NULL,'update','--- \nupdated_at: \n- 2007-06-08 11:35:25.029319 Z\n- 2007-06-08 11:35:26.102975 Z\nlock_version: \n- 0\n- 1\n','2007-06-08 11:35:26'),(690,157,'TaskValue',3,NULL,NULL,'update','--- \nupdated_at: \n- 2007-06-08 11:35:25.046842 Z\n- 2007-06-08 11:35:26.115983 Z\nlock_version: \n- 0\n- 1\n','2007-06-08 11:35:26'),(691,158,'TaskValue',3,NULL,NULL,'update','--- \nupdated_at: \n- 2007-06-08 11:35:25.065719 Z\n- 2007-06-08 11:35:26.129758 Z\nlock_version: \n- 0\n- 1\n','2007-06-08 11:35:26'),(692,125,'TaskValue',3,NULL,NULL,'update','--- \nupdated_at: \n- 2007-06-08 11:19:15 Z\n- 2007-06-08 11:35:26.141860 Z\nlock_version: \n- 1\n- 2\n','2007-06-08 11:35:26'),(693,91,'TaskValue',3,NULL,NULL,'update','--- \nupdated_at: \n- 2007-06-08 11:10:34 Z\n- 2007-06-08 11:35:26.155304 Z\nlock_version: \n- 0\n- 1\n','2007-06-08 11:35:26'),(694,159,'TaskValue',3,NULL,NULL,'update','--- \nupdated_at: \n- 2007-06-08 11:35:25.085483 Z\n- 2007-06-08 11:35:26.168982 Z\nlock_version: \n- 0\n- 1\n','2007-06-08 11:35:26'),(695,92,'TaskValue',3,NULL,NULL,'update','--- \nupdated_at: \n- 2007-06-08 11:10:41 Z\n- 2007-06-08 11:35:26.182010 Z\nlock_version: \n- 1\n- 2\n','2007-06-08 11:35:26'),(696,93,'TaskValue',3,NULL,NULL,'update','--- \nupdated_at: \n- 2007-06-08 11:10:46 Z\n- 2007-06-08 11:35:26.196441 Z\nlock_version: \n- 0\n- 1\n','2007-06-08 11:35:26'),(697,108,'TaskValue',3,NULL,NULL,'update','--- \nupdated_at: \n- 2007-06-08 11:11:49 Z\n- 2007-06-08 11:35:26.208643 Z\nlock_version: \n- 0\n- 1\n','2007-06-08 11:35:26'),(698,94,'TaskValue',3,NULL,NULL,'update','--- \nupdated_at: \n- 2007-06-08 11:10:48 Z\n- 2007-06-08 11:35:26.221558 Z\nlock_version: \n- 0\n- 1\n','2007-06-08 11:35:26'),(699,109,'TaskValue',3,NULL,NULL,'update','--- \nupdated_at: \n- 2007-06-08 11:11:54 Z\n- 2007-06-08 11:35:26.233703 Z\nlock_version: \n- 0\n- 1\n','2007-06-08 11:35:26'),(700,95,'TaskValue',3,NULL,NULL,'update','--- \nupdated_at: \n- 2007-06-08 11:11:07 Z\n- 2007-06-08 11:35:26.247094 Z\nlock_version: \n- 1\n- 2\n','2007-06-08 11:35:26'),(701,110,'TaskValue',3,NULL,NULL,'update','--- \nupdated_at: \n- 2007-06-08 11:11:56 Z\n- 2007-06-08 11:35:26.259435 Z\nlock_version: \n- 0\n- 1\n','2007-06-08 11:35:26'),(702,96,'TaskValue',3,NULL,NULL,'update','--- \nupdated_at: \n- 2007-06-08 11:11:11 Z\n- 2007-06-08 11:35:26.272463 Z\nlock_version: \n- 3\n- 4\n','2007-06-08 11:35:26'),(703,111,'TaskValue',3,NULL,NULL,'update','--- \nupdated_at: \n- 2007-06-08 11:11:57 Z\n- 2007-06-08 11:35:26.284729 Z\nlock_version: \n- 0\n- 1\n','2007-06-08 11:35:26'),(704,97,'TaskValue',3,NULL,NULL,'update','--- \nupdated_at: \n- 2007-06-08 11:11:12 Z\n- 2007-06-08 11:35:26.297685 Z\nlock_version: \n- 2\n- 3\n','2007-06-08 11:35:26'),(705,112,'TaskValue',3,NULL,NULL,'update','--- \nupdated_at: \n- 2007-06-08 11:11:59 Z\n- 2007-06-08 11:35:26.309921 Z\nlock_version: \n- 0\n- 1\n','2007-06-08 11:35:26'),(706,98,'TaskValue',3,NULL,NULL,'update','--- \nupdated_at: \n- 2007-06-08 11:11:15 Z\n- 2007-06-08 11:35:26.496263 Z\nlock_version: \n- 2\n- 3\n','2007-06-08 11:35:26'),(707,113,'TaskValue',3,NULL,NULL,'update','--- \nupdated_at: \n- 2007-06-08 11:12:01 Z\n- 2007-06-08 11:35:26.509842 Z\nlock_version: \n- 0\n- 1\n','2007-06-08 11:35:26'),(708,99,'TaskValue',3,NULL,NULL,'update','--- \nupdated_at: \n- 2007-06-08 11:11:20 Z\n- 2007-06-08 11:35:26.523953 Z\nlock_version: \n- 2\n- 3\n','2007-06-08 11:35:26'),(709,114,'TaskValue',3,NULL,NULL,'update','--- \nupdated_at: \n- 2007-06-08 11:12:02 Z\n- 2007-06-08 11:35:26.536824 Z\nlock_version: \n- 0\n- 1\n','2007-06-08 11:35:26'),(710,100,'TaskValue',3,NULL,NULL,'update','--- \nupdated_at: \n- 2007-06-08 11:10:59 Z\n- 2007-06-08 11:35:26.566971 Z\nlock_version: \n- 0\n- 1\n','2007-06-08 11:35:26'),(711,115,'TaskValue',3,NULL,NULL,'update','--- \nupdated_at: \n- 2007-06-08 11:12:04 Z\n- 2007-06-08 11:35:26.614424 Z\nlock_version: \n- 0\n- 1\n','2007-06-08 11:35:26'),(712,101,'TaskValue',3,NULL,NULL,'update','--- \nupdated_at: \n- 2007-06-08 11:11:26 Z\n- 2007-06-08 11:35:26.629552 Z\nlock_version: \n- 0\n- 1\n','2007-06-08 11:35:26'),(713,116,'TaskValue',3,NULL,NULL,'update','--- \nupdated_at: \n- 2007-06-08 11:12:06 Z\n- 2007-06-08 11:35:26.645237 Z\nlock_version: \n- 0\n- 1\n','2007-06-08 11:35:26'),(714,102,'TaskValue',3,NULL,NULL,'update','--- \nupdated_at: \n- 2007-06-08 11:11:30 Z\n- 2007-06-08 11:35:26.659906 Z\nlock_version: \n- 0\n- 1\n','2007-06-08 11:35:26'),(715,117,'TaskValue',3,NULL,NULL,'update','--- \nupdated_at: \n- 2007-06-08 11:12:08 Z\n- 2007-06-08 11:35:26.673230 Z\nlock_version: \n- 0\n- 1\n','2007-06-08 11:35:26'),(716,103,'TaskValue',3,NULL,NULL,'update','--- \nupdated_at: \n- 2007-06-08 11:11:33 Z\n- 2007-06-08 11:35:26.687770 Z\nlock_version: \n- 0\n- 1\n','2007-06-08 11:35:26'),(717,118,'TaskValue',3,NULL,NULL,'update','--- \nupdated_at: \n- 2007-06-08 11:12:10 Z\n- 2007-06-08 11:35:26.700760 Z\nlock_version: \n- 0\n- 1\n','2007-06-08 11:35:26'),(718,104,'TaskValue',3,NULL,NULL,'update','--- \nupdated_at: \n- 2007-06-08 11:11:35 Z\n- 2007-06-08 11:35:26.715181 Z\nlock_version: \n- 0\n- 1\n','2007-06-08 11:35:26'),(719,119,'TaskValue',3,NULL,NULL,'update','--- \nupdated_at: \n- 2007-06-08 11:12:12 Z\n- 2007-06-08 11:35:26.728047 Z\nlock_version: \n- 0\n- 1\n','2007-06-08 11:35:26'),(720,105,'TaskValue',3,NULL,NULL,'update','--- \nupdated_at: \n- 2007-06-08 11:11:37 Z\n- 2007-06-08 11:35:26.742165 Z\nlock_version: \n- 0\n- 1\n','2007-06-08 11:35:26'),(721,120,'TaskValue',3,NULL,NULL,'update','--- \nupdated_at: \n- 2007-06-08 11:12:27 Z\n- 2007-06-08 11:35:26.755625 Z\nlock_version: \n- 1\n- 2\n','2007-06-08 11:35:26'),(722,106,'TaskValue',3,NULL,NULL,'update','--- \nupdated_at: \n- 2007-06-08 11:11:39 Z\n- 2007-06-08 11:35:26.770101 Z\nlock_version: \n- 0\n- 1\n','2007-06-08 11:35:26'),(723,121,'TaskValue',3,NULL,NULL,'update','--- \nupdated_at: \n- 2007-06-08 11:12:15 Z\n- 2007-06-08 11:35:26.784460 Z\nlock_version: \n- 0\n- 1\n','2007-06-08 11:35:26'),(724,123,'TaskValue',3,NULL,NULL,'update','--- \nupdated_at: \n- 2007-06-08 11:13:03 Z\n- 2007-06-08 11:35:26.799451 Z\nlock_version: \n- 0\n- 1\n','2007-06-08 11:35:26'),(725,122,'TaskValue',3,NULL,NULL,'update','--- \nupdated_at: \n- 2007-06-08 11:13:00 Z\n- 2007-06-08 11:35:26.813659 Z\nlock_version: \n- 0\n- 1\n','2007-06-08 11:35:26'),(726,3,'Task',3,NULL,NULL,'update','--- \nupdated_at: \n- 2007-06-08 11:35:25 Z\n- 2007-06-08 11:47:41.422668 Z\nlock_version: \n- 1\n- 2\n','2007-06-08 11:47:41'),(727,126,'TaskValue',3,NULL,NULL,'update','--- \nupdated_at: \n- 2007-06-08 11:35:25 Z\n- 2007-06-08 11:47:42.019566 Z\nlock_version: \n- 3\n- 4\n','2007-06-08 11:47:42'),(728,127,'TaskValue',3,NULL,NULL,'update','--- \nupdated_at: \n- 2007-06-08 11:35:25 Z\n- 2007-06-08 11:47:42.052563 Z\nlock_version: \n- 1\n- 2\n','2007-06-08 11:47:42'),(729,128,'TaskValue',3,NULL,NULL,'update','--- \nupdated_at: \n- 2007-06-08 11:35:25 Z\n- 2007-06-08 11:47:42.071516 Z\nlock_version: \n- 1\n- 2\n','2007-06-08 11:47:42'),(730,129,'TaskValue',3,NULL,NULL,'update','--- \nupdated_at: \n- 2007-06-08 11:35:25 Z\n- 2007-06-08 11:47:42.091968 Z\nlock_version: \n- 1\n- 2\n','2007-06-08 11:47:42'),(731,130,'TaskValue',3,NULL,NULL,'update','--- \nupdated_at: \n- 2007-06-08 11:35:25 Z\n- 2007-06-08 11:47:42.110315 Z\nlock_version: \n- 1\n- 2\n','2007-06-08 11:47:42'),(732,131,'TaskValue',3,NULL,NULL,'update','--- \nupdated_at: \n- 2007-06-08 11:35:25 Z\n- 2007-06-08 11:47:42.129848 Z\nlock_version: \n- 1\n- 2\n','2007-06-08 11:47:42'),(733,132,'TaskValue',3,NULL,NULL,'update','--- \nupdated_at: \n- 2007-06-08 11:35:25 Z\n- 2007-06-08 11:47:42.335918 Z\nlock_version: \n- 1\n- 2\n','2007-06-08 11:47:42'),(734,133,'TaskValue',3,NULL,NULL,'update','--- \nupdated_at: \n- 2007-06-08 11:35:25 Z\n- 2007-06-08 11:47:42.371857 Z\nlock_version: \n- 1\n- 2\n','2007-06-08 11:47:42'),(735,134,'TaskValue',3,NULL,NULL,'update','--- \nupdated_at: \n- 2007-06-08 11:35:25 Z\n- 2007-06-08 11:47:42.396074 Z\nlock_version: \n- 1\n- 2\n','2007-06-08 11:47:42'),(736,135,'TaskValue',3,NULL,NULL,'update','--- \nupdated_at: \n- 2007-06-08 11:35:25 Z\n- 2007-06-08 11:47:42.413507 Z\nlock_version: \n- 1\n- 2\n','2007-06-08 11:47:42'),(737,136,'TaskValue',3,NULL,NULL,'update','--- \nupdated_at: \n- 2007-06-08 11:35:25 Z\n- 2007-06-08 11:47:42.432218 Z\nlock_version: \n- 1\n- 2\n','2007-06-08 11:47:42'),(738,137,'TaskValue',3,NULL,NULL,'update','--- \nupdated_at: \n- 2007-06-08 11:35:25 Z\n- 2007-06-08 11:47:42.451957 Z\nlock_version: \n- 1\n- 2\n','2007-06-08 11:47:42'),(739,138,'TaskValue',3,NULL,NULL,'update','--- \nupdated_at: \n- 2007-06-08 11:35:25 Z\n- 2007-06-08 11:47:42.469482 Z\nlock_version: \n- 1\n- 2\n','2007-06-08 11:47:42'),(740,139,'TaskValue',3,NULL,NULL,'update','--- \nupdated_at: \n- 2007-06-08 11:35:25 Z\n- 2007-06-08 11:47:42.487326 Z\nlock_version: \n- 1\n- 2\n','2007-06-08 11:47:42'),(741,140,'TaskValue',3,NULL,NULL,'update','--- \nupdated_at: \n- 2007-06-08 11:35:25 Z\n- 2007-06-08 11:47:42.514940 Z\nlock_version: \n- 1\n- 2\n','2007-06-08 11:47:42'),(742,141,'TaskValue',3,NULL,NULL,'update','--- \nupdated_at: \n- 2007-06-08 11:35:25 Z\n- 2007-06-08 11:47:42.531676 Z\nlock_version: \n- 1\n- 2\n','2007-06-08 11:47:42'),(743,142,'TaskValue',3,NULL,NULL,'update','--- \nupdated_at: \n- 2007-06-08 11:35:25 Z\n- 2007-06-08 11:47:42.718492 Z\nlock_version: \n- 1\n- 2\n','2007-06-08 11:47:42'),(744,143,'TaskValue',3,NULL,NULL,'update','--- \nupdated_at: \n- 2007-06-08 11:35:25 Z\n- 2007-06-08 11:47:42.734893 Z\nlock_version: \n- 1\n- 2\n','2007-06-08 11:47:42'),(745,144,'TaskValue',3,NULL,NULL,'update','--- \nupdated_at: \n- 2007-06-08 11:35:25 Z\n- 2007-06-08 11:47:42.751879 Z\nlock_version: \n- 1\n- 2\n','2007-06-08 11:47:42'),(746,145,'TaskValue',3,NULL,NULL,'update','--- \nupdated_at: \n- 2007-06-08 11:35:25 Z\n- 2007-06-08 11:47:42.768016 Z\nlock_version: \n- 1\n- 2\n','2007-06-08 11:47:42'),(747,146,'TaskValue',3,NULL,NULL,'update','--- \nupdated_at: \n- 2007-06-08 11:35:25 Z\n- 2007-06-08 11:47:42.785562 Z\nlock_version: \n- 1\n- 2\n','2007-06-08 11:47:42'),(748,147,'TaskValue',3,NULL,NULL,'update','--- \nupdated_at: \n- 2007-06-08 11:35:25 Z\n- 2007-06-08 11:47:42.802757 Z\nlock_version: \n- 1\n- 2\n','2007-06-08 11:47:42'),(749,148,'TaskValue',3,NULL,NULL,'update','--- \nupdated_at: \n- 2007-06-08 11:35:25 Z\n- 2007-06-08 11:47:42.820810 Z\nlock_version: \n- 1\n- 2\n','2007-06-08 11:47:42'),(750,149,'TaskValue',3,NULL,NULL,'update','--- \nupdated_at: \n- 2007-06-08 11:35:25 Z\n- 2007-06-08 11:47:42.836909 Z\nlock_version: \n- 1\n- 2\n','2007-06-08 11:47:42'),(751,150,'TaskValue',3,NULL,NULL,'update','--- \nupdated_at: \n- 2007-06-08 11:35:25 Z\n- 2007-06-08 11:47:42.855105 Z\nlock_version: \n- 1\n- 2\n','2007-06-08 11:47:42'),(752,151,'TaskValue',3,NULL,NULL,'update','--- \nupdated_at: \n- 2007-06-08 11:35:25 Z\n- 2007-06-08 11:47:42.870604 Z\nlock_version: \n- 1\n- 2\n','2007-06-08 11:47:42'),(753,152,'TaskValue',3,NULL,NULL,'update','--- \nupdated_at: \n- 2007-06-08 11:35:26 Z\n- 2007-06-08 11:47:42.888706 Z\nlock_version: \n- 1\n- 2\n','2007-06-08 11:47:42'),(754,153,'TaskValue',3,NULL,NULL,'update','--- \nupdated_at: \n- 2007-06-08 11:35:26 Z\n- 2007-06-08 11:47:43.100913 Z\nlock_version: \n- 1\n- 2\n','2007-06-08 11:47:43'),(755,154,'TaskValue',3,NULL,NULL,'update','--- \nupdated_at: \n- 2007-06-08 11:35:26 Z\n- 2007-06-08 11:47:43.119187 Z\nlock_version: \n- 1\n- 2\n','2007-06-08 11:47:43'),(756,155,'TaskValue',3,NULL,NULL,'update','--- \nupdated_at: \n- 2007-06-08 11:35:26 Z\n- 2007-06-08 11:47:43.136203 Z\nlock_version: \n- 1\n- 2\n','2007-06-08 11:47:43'),(757,156,'TaskValue',3,NULL,NULL,'update','--- \nupdated_at: \n- 2007-06-08 11:35:26 Z\n- 2007-06-08 11:47:43.163038 Z\nlock_version: \n- 1\n- 2\n','2007-06-08 11:47:43'),(758,157,'TaskValue',3,NULL,NULL,'update','--- \nupdated_at: \n- 2007-06-08 11:35:26 Z\n- 2007-06-08 11:47:43.199633 Z\nlock_version: \n- 1\n- 2\n','2007-06-08 11:47:43'),(759,158,'TaskValue',3,NULL,NULL,'update','--- \nupdated_at: \n- 2007-06-08 11:35:26 Z\n- 2007-06-08 11:47:43.215797 Z\nlock_version: \n- 1\n- 2\n','2007-06-08 11:47:43'),(760,125,'TaskValue',3,NULL,NULL,'update','--- \nupdated_at: \n- 2007-06-08 11:35:26 Z\n- 2007-06-08 11:47:43.231267 Z\nlock_version: \n- 2\n- 3\n','2007-06-08 11:47:43'),(761,91,'TaskValue',3,NULL,NULL,'update','--- \nupdated_at: \n- 2007-06-08 11:35:26 Z\n- 2007-06-08 11:47:43.246894 Z\nlock_version: \n- 1\n- 2\n','2007-06-08 11:47:43'),(762,159,'TaskValue',3,NULL,NULL,'update','--- \nupdated_at: \n- 2007-06-08 11:35:26 Z\n- 2007-06-08 11:47:43.262219 Z\nlock_version: \n- 1\n- 2\n','2007-06-08 11:47:43'),(763,92,'TaskValue',3,NULL,NULL,'update','--- \nupdated_at: \n- 2007-06-08 11:35:26 Z\n- 2007-06-08 11:47:43.277816 Z\nlock_version: \n- 2\n- 3\n','2007-06-08 11:47:43'),(764,93,'TaskValue',3,NULL,NULL,'update','--- \nupdated_at: \n- 2007-06-08 11:35:26 Z\n- 2007-06-08 11:47:43.294349 Z\nlock_version: \n- 1\n- 2\n','2007-06-08 11:47:43'),(765,108,'TaskValue',3,NULL,NULL,'update','--- \nupdated_at: \n- 2007-06-08 11:35:26 Z\n- 2007-06-08 11:47:43.565118 Z\nlock_version: \n- 1\n- 2\n','2007-06-08 11:47:43'),(766,94,'TaskValue',3,NULL,NULL,'update','--- \nupdated_at: \n- 2007-06-08 11:35:26 Z\n- 2007-06-08 11:47:43.586421 Z\nlock_version: \n- 1\n- 2\n','2007-06-08 11:47:43'),(767,109,'TaskValue',3,NULL,NULL,'update','--- \nupdated_at: \n- 2007-06-08 11:35:26 Z\n- 2007-06-08 11:47:43.608906 Z\nlock_version: \n- 1\n- 2\n','2007-06-08 11:47:43'),(768,95,'TaskValue',3,NULL,NULL,'update','--- \nupdated_at: \n- 2007-06-08 11:35:26 Z\n- 2007-06-08 11:47:43.676875 Z\nlock_version: \n- 2\n- 3\n','2007-06-08 11:47:43'),(769,110,'TaskValue',3,NULL,NULL,'update','--- \nupdated_at: \n- 2007-06-08 11:35:26 Z\n- 2007-06-08 11:47:43.692615 Z\nlock_version: \n- 1\n- 2\n','2007-06-08 11:47:43'),(770,96,'TaskValue',3,NULL,NULL,'update','--- \nupdated_at: \n- 2007-06-08 11:35:26 Z\n- 2007-06-08 11:47:43.706608 Z\nlock_version: \n- 4\n- 5\n','2007-06-08 11:47:43'),(771,111,'TaskValue',3,NULL,NULL,'update','--- \nupdated_at: \n- 2007-06-08 11:35:26 Z\n- 2007-06-08 11:47:43.721941 Z\nlock_version: \n- 1\n- 2\n','2007-06-08 11:47:43'),(772,97,'TaskValue',3,NULL,NULL,'update','--- \nupdated_at: \n- 2007-06-08 11:35:26 Z\n- 2007-06-08 11:47:43.737111 Z\nlock_version: \n- 3\n- 4\n','2007-06-08 11:47:43'),(773,112,'TaskValue',3,NULL,NULL,'update','--- \nupdated_at: \n- 2007-06-08 11:35:26 Z\n- 2007-06-08 11:47:43.750713 Z\nlock_version: \n- 1\n- 2\n','2007-06-08 11:47:43'),(774,98,'TaskValue',3,NULL,NULL,'update','--- \nupdated_at: \n- 2007-06-08 11:35:26 Z\n- 2007-06-08 11:47:43.765091 Z\nlock_version: \n- 3\n- 4\n','2007-06-08 11:47:43'),(775,113,'TaskValue',3,NULL,NULL,'update','--- \nupdated_at: \n- 2007-06-08 11:35:26 Z\n- 2007-06-08 11:47:43.924435 Z\nlock_version: \n- 1\n- 2\n','2007-06-08 11:47:43'),(776,99,'TaskValue',3,NULL,NULL,'update','--- \nupdated_at: \n- 2007-06-08 11:35:26 Z\n- 2007-06-08 11:47:43.948111 Z\nlock_version: \n- 3\n- 4\n','2007-06-08 11:47:43'),(777,114,'TaskValue',3,NULL,NULL,'update','--- \nupdated_at: \n- 2007-06-08 11:35:26 Z\n- 2007-06-08 11:47:43.962230 Z\nlock_version: \n- 1\n- 2\n','2007-06-08 11:47:43'),(778,100,'TaskValue',3,NULL,NULL,'update','--- \nupdated_at: \n- 2007-06-08 11:35:26 Z\n- 2007-06-08 11:47:43.977244 Z\nlock_version: \n- 1\n- 2\n','2007-06-08 11:47:43'),(779,115,'TaskValue',3,NULL,NULL,'update','--- \nupdated_at: \n- 2007-06-08 11:35:26 Z\n- 2007-06-08 11:47:43.990825 Z\nlock_version: \n- 1\n- 2\n','2007-06-08 11:47:43'),(780,101,'TaskValue',3,NULL,NULL,'update','--- \nupdated_at: \n- 2007-06-08 11:35:26 Z\n- 2007-06-08 11:47:44.006275 Z\nlock_version: \n- 1\n- 2\n','2007-06-08 11:47:44'),(781,116,'TaskValue',3,NULL,NULL,'update','--- \nupdated_at: \n- 2007-06-08 11:35:26 Z\n- 2007-06-08 11:47:44.020418 Z\nlock_version: \n- 1\n- 2\n','2007-06-08 11:47:44'),(782,102,'TaskValue',3,NULL,NULL,'update','--- \nupdated_at: \n- 2007-06-08 11:35:26 Z\n- 2007-06-08 11:47:44.035316 Z\nlock_version: \n- 1\n- 2\n','2007-06-08 11:47:44'),(783,117,'TaskValue',3,NULL,NULL,'update','--- \nupdated_at: \n- 2007-06-08 11:35:26 Z\n- 2007-06-08 11:47:44.048390 Z\nlock_version: \n- 1\n- 2\n','2007-06-08 11:47:44'),(784,103,'TaskValue',3,NULL,NULL,'update','--- \nupdated_at: \n- 2007-06-08 11:35:26 Z\n- 2007-06-08 11:47:44.062763 Z\nlock_version: \n- 1\n- 2\n','2007-06-08 11:47:44'),(785,118,'TaskValue',3,NULL,NULL,'update','--- \nupdated_at: \n- 2007-06-08 11:35:26 Z\n- 2007-06-08 11:47:44.076156 Z\nlock_version: \n- 1\n- 2\n','2007-06-08 11:47:44'),(786,104,'TaskValue',3,NULL,NULL,'update','--- \nupdated_at: \n- 2007-06-08 11:35:26 Z\n- 2007-06-08 11:47:44.227421 Z\nlock_version: \n- 1\n- 2\n','2007-06-08 11:47:44'),(787,119,'TaskValue',3,NULL,NULL,'update','--- \nupdated_at: \n- 2007-06-08 11:35:26 Z\n- 2007-06-08 11:47:44.255054 Z\nlock_version: \n- 1\n- 2\n','2007-06-08 11:47:44'),(788,105,'TaskValue',3,NULL,NULL,'update','--- \nupdated_at: \n- 2007-06-08 11:35:26 Z\n- 2007-06-08 11:47:44.273698 Z\nlock_version: \n- 1\n- 2\n','2007-06-08 11:47:44'),(789,120,'TaskValue',3,NULL,NULL,'update','--- \nupdated_at: \n- 2007-06-08 11:35:26 Z\n- 2007-06-08 11:47:44.289750 Z\nlock_version: \n- 2\n- 3\n','2007-06-08 11:47:44'),(790,106,'TaskValue',3,NULL,NULL,'update','--- \nupdated_at: \n- 2007-06-08 11:35:26 Z\n- 2007-06-08 11:47:44.306681 Z\nlock_version: \n- 1\n- 2\n','2007-06-08 11:47:44'),(791,121,'TaskValue',3,NULL,NULL,'update','--- \nupdated_at: \n- 2007-06-08 11:35:26 Z\n- 2007-06-08 11:47:44.321258 Z\nlock_version: \n- 1\n- 2\n','2007-06-08 11:47:44'),(792,123,'TaskValue',3,NULL,NULL,'update','--- \nupdated_at: \n- 2007-06-08 11:35:26 Z\n- 2007-06-08 11:47:44.337462 Z\nlock_version: \n- 1\n- 2\n','2007-06-08 11:47:44'),(793,122,'TaskValue',3,NULL,NULL,'update','--- \nupdated_at: \n- 2007-06-08 11:35:26 Z\n- 2007-06-08 11:47:44.404754 Z\nlock_version: \n- 1\n- 2\n','2007-06-08 11:47:44'),(794,3,'Task',3,NULL,NULL,'update','--- \nupdated_at: \n- 2007-06-08 11:47:41 Z\n- 2007-06-08 14:36:33.812378 Z\nlock_version: \n- 2\n- 3\n','2007-06-08 14:36:33'),(795,126,'TaskValue',3,NULL,NULL,'update','--- \nupdated_at: \n- 2007-06-08 11:47:42 Z\n- 2007-06-08 14:36:33.993907 Z\nlock_version: \n- 4\n- 5\n','2007-06-08 14:36:33'),(796,127,'TaskValue',3,NULL,NULL,'update','--- \nupdated_at: \n- 2007-06-08 11:47:42 Z\n- 2007-06-08 14:36:34.009850 Z\nlock_version: \n- 2\n- 3\n','2007-06-08 14:36:34'),(797,128,'TaskValue',3,NULL,NULL,'update','--- \nupdated_at: \n- 2007-06-08 11:47:42 Z\n- 2007-06-08 14:36:34.027891 Z\nlock_version: \n- 2\n- 3\n','2007-06-08 14:36:34'),(798,129,'TaskValue',3,NULL,NULL,'update','--- \nupdated_at: \n- 2007-06-08 11:47:42 Z\n- 2007-06-08 14:36:34.244879 Z\nlock_version: \n- 2\n- 3\n','2007-06-08 14:36:34'),(799,130,'TaskValue',3,NULL,NULL,'update','--- \nupdated_at: \n- 2007-06-08 11:47:42 Z\n- 2007-06-08 14:36:34.293017 Z\nlock_version: \n- 2\n- 3\n','2007-06-08 14:36:34'),(800,131,'TaskValue',3,NULL,NULL,'update','--- \nupdated_at: \n- 2007-06-08 11:47:42 Z\n- 2007-06-08 14:36:34.315822 Z\nlock_version: \n- 2\n- 3\n','2007-06-08 14:36:34'),(801,132,'TaskValue',3,NULL,NULL,'update','--- \nupdated_at: \n- 2007-06-08 11:47:42 Z\n- 2007-06-08 14:36:34.329984 Z\nlock_version: \n- 2\n- 3\n','2007-06-08 14:36:34'),(802,133,'TaskValue',3,NULL,NULL,'update','--- \nupdated_at: \n- 2007-06-08 11:47:42 Z\n- 2007-06-08 14:36:34.382123 Z\nlock_version: \n- 2\n- 3\n','2007-06-08 14:36:34'),(803,134,'TaskValue',3,NULL,NULL,'update','--- \nupdated_at: \n- 2007-06-08 11:47:42 Z\n- 2007-06-08 14:36:34.396473 Z\nlock_version: \n- 2\n- 3\n','2007-06-08 14:36:34'),(804,135,'TaskValue',3,NULL,NULL,'update','--- \nupdated_at: \n- 2007-06-08 11:47:42 Z\n- 2007-06-08 14:36:34.410316 Z\nlock_version: \n- 2\n- 3\n','2007-06-08 14:36:34'),(805,136,'TaskValue',3,NULL,NULL,'update','--- \nupdated_at: \n- 2007-06-08 11:47:42 Z\n- 2007-06-08 14:36:34.424775 Z\nlock_version: \n- 2\n- 3\n','2007-06-08 14:36:34'),(806,137,'TaskValue',3,NULL,NULL,'update','--- \nupdated_at: \n- 2007-06-08 11:47:42 Z\n- 2007-06-08 14:36:34.438175 Z\nlock_version: \n- 2\n- 3\n','2007-06-08 14:36:34'),(807,138,'TaskValue',3,NULL,NULL,'update','--- \nupdated_at: \n- 2007-06-08 11:47:42 Z\n- 2007-06-08 14:36:34.452209 Z\nlock_version: \n- 2\n- 3\n','2007-06-08 14:36:34'),(808,139,'TaskValue',3,NULL,NULL,'update','--- \nupdated_at: \n- 2007-06-08 11:47:42 Z\n- 2007-06-08 14:36:34.465674 Z\nlock_version: \n- 2\n- 3\n','2007-06-08 14:36:34'),(809,140,'TaskValue',3,NULL,NULL,'update','--- \nupdated_at: \n- 2007-06-08 11:47:42 Z\n- 2007-06-08 14:36:34.480667 Z\nlock_version: \n- 2\n- 3\n','2007-06-08 14:36:34'),(810,141,'TaskValue',3,NULL,NULL,'update','--- \nupdated_at: \n- 2007-06-08 11:47:42 Z\n- 2007-06-08 14:36:34.493661 Z\nlock_version: \n- 2\n- 3\n','2007-06-08 14:36:34'),(811,142,'TaskValue',3,NULL,NULL,'update','--- \nupdated_at: \n- 2007-06-08 11:47:42 Z\n- 2007-06-08 14:36:34.507507 Z\nlock_version: \n- 2\n- 3\n','2007-06-08 14:36:34'),(812,143,'TaskValue',3,NULL,NULL,'update','--- \nupdated_at: \n- 2007-06-08 11:47:42 Z\n- 2007-06-08 14:36:34.531447 Z\nlock_version: \n- 2\n- 3\n','2007-06-08 14:36:34'),(813,144,'TaskValue',3,NULL,NULL,'update','--- \nupdated_at: \n- 2007-06-08 11:47:42 Z\n- 2007-06-08 14:36:34.545919 Z\nlock_version: \n- 2\n- 3\n','2007-06-08 14:36:34'),(814,145,'TaskValue',3,NULL,NULL,'update','--- \nupdated_at: \n- 2007-06-08 11:47:42 Z\n- 2007-06-08 14:36:34.558673 Z\nlock_version: \n- 2\n- 3\n','2007-06-08 14:36:34'),(815,146,'TaskValue',3,NULL,NULL,'update','--- \nupdated_at: \n- 2007-06-08 11:47:42 Z\n- 2007-06-08 14:36:34.572673 Z\nlock_version: \n- 2\n- 3\n','2007-06-08 14:36:34'),(816,147,'TaskValue',3,NULL,NULL,'update','--- \nupdated_at: \n- 2007-06-08 11:47:42 Z\n- 2007-06-08 14:36:34.585399 Z\nlock_version: \n- 2\n- 3\n','2007-06-08 14:36:34'),(817,148,'TaskValue',3,NULL,NULL,'update','--- \nupdated_at: \n- 2007-06-08 11:47:42 Z\n- 2007-06-08 14:36:34.600449 Z\nlock_version: \n- 2\n- 3\n','2007-06-08 14:36:34'),(818,149,'TaskValue',3,NULL,NULL,'update','--- \nupdated_at: \n- 2007-06-08 11:47:42 Z\n- 2007-06-08 14:36:34.613270 Z\nlock_version: \n- 2\n- 3\n','2007-06-08 14:36:34'),(819,150,'TaskValue',3,NULL,NULL,'update','--- \nupdated_at: \n- 2007-06-08 11:47:42 Z\n- 2007-06-08 14:36:34.626941 Z\nlock_version: \n- 2\n- 3\n','2007-06-08 14:36:34'),(820,151,'TaskValue',3,NULL,NULL,'update','--- \nupdated_at: \n- 2007-06-08 11:47:42 Z\n- 2007-06-08 14:36:34.641548 Z\nlock_version: \n- 2\n- 3\n','2007-06-08 14:36:34'),(821,152,'TaskValue',3,NULL,NULL,'update','--- \nupdated_at: \n- 2007-06-08 11:47:42 Z\n- 2007-06-08 14:36:34.656697 Z\nlock_version: \n- 2\n- 3\n','2007-06-08 14:36:34'),(822,153,'TaskValue',3,NULL,NULL,'update','--- \nupdated_at: \n- 2007-06-08 11:47:43 Z\n- 2007-06-08 14:36:34.671191 Z\nlock_version: \n- 2\n- 3\n','2007-06-08 14:36:34'),(823,154,'TaskValue',3,NULL,NULL,'update','--- \nupdated_at: \n- 2007-06-08 11:47:43 Z\n- 2007-06-08 14:36:34.685704 Z\nlock_version: \n- 2\n- 3\n','2007-06-08 14:36:34'),(824,155,'TaskValue',3,NULL,NULL,'update','--- \nupdated_at: \n- 2007-06-08 11:47:43 Z\n- 2007-06-08 14:36:34.909227 Z\nlock_version: \n- 2\n- 3\n','2007-06-08 14:36:34'),(825,156,'TaskValue',3,NULL,NULL,'update','--- \nupdated_at: \n- 2007-06-08 11:47:43 Z\n- 2007-06-08 14:36:34.923677 Z\nlock_version: \n- 2\n- 3\n','2007-06-08 14:36:34'),(826,157,'TaskValue',3,NULL,NULL,'update','--- \nupdated_at: \n- 2007-06-08 11:47:43 Z\n- 2007-06-08 14:36:34.937818 Z\nlock_version: \n- 2\n- 3\n','2007-06-08 14:36:34'),(827,158,'TaskValue',3,NULL,NULL,'update','--- \nupdated_at: \n- 2007-06-08 11:47:43 Z\n- 2007-06-08 14:36:34.952336 Z\nlock_version: \n- 2\n- 3\n','2007-06-08 14:36:35'),(828,125,'TaskValue',3,NULL,NULL,'update','--- \nupdated_at: \n- 2007-06-08 11:47:43 Z\n- 2007-06-08 14:36:35.142593 Z\nlock_version: \n- 3\n- 4\n','2007-06-08 14:36:35'),(829,91,'TaskValue',3,NULL,NULL,'update','--- \nupdated_at: \n- 2007-06-08 11:47:43 Z\n- 2007-06-08 14:36:35.158234 Z\nlock_version: \n- 2\n- 3\n','2007-06-08 14:36:35'),(830,159,'TaskValue',3,NULL,NULL,'update','--- \nupdated_at: \n- 2007-06-08 11:47:43 Z\n- 2007-06-08 14:36:35.172841 Z\nlock_version: \n- 2\n- 3\n','2007-06-08 14:36:35'),(831,92,'TaskValue',3,NULL,NULL,'update','--- \nupdated_at: \n- 2007-06-08 11:47:43 Z\n- 2007-06-08 14:36:35.195369 Z\nlock_version: \n- 3\n- 4\n','2007-06-08 14:36:35'),(832,93,'TaskValue',3,NULL,NULL,'update','--- \nupdated_at: \n- 2007-06-08 11:47:43 Z\n- 2007-06-08 14:36:35.210639 Z\nlock_version: \n- 2\n- 3\n','2007-06-08 14:36:35'),(833,108,'TaskValue',3,NULL,NULL,'update','--- \nupdated_at: \n- 2007-06-08 11:47:43 Z\n- 2007-06-08 14:36:35.224346 Z\nlock_version: \n- 2\n- 3\n','2007-06-08 14:36:35'),(834,94,'TaskValue',3,NULL,NULL,'update','--- \nupdated_at: \n- 2007-06-08 11:47:43 Z\n- 2007-06-08 14:36:35.242634 Z\nlock_version: \n- 2\n- 3\n','2007-06-08 14:36:35'),(835,109,'TaskValue',3,NULL,NULL,'update','--- \nupdated_at: \n- 2007-06-08 11:47:43 Z\n- 2007-06-08 14:36:35.259605 Z\nlock_version: \n- 2\n- 3\n','2007-06-08 14:36:35'),(836,95,'TaskValue',3,NULL,NULL,'update','--- \nupdated_at: \n- 2007-06-08 11:47:43 Z\n- 2007-06-08 14:36:35.274406 Z\nlock_version: \n- 3\n- 4\n','2007-06-08 14:36:35'),(837,110,'TaskValue',3,NULL,NULL,'update','--- \nupdated_at: \n- 2007-06-08 11:47:43 Z\n- 2007-06-08 14:36:35.329748 Z\nlock_version: \n- 2\n- 3\n','2007-06-08 14:36:35'),(838,96,'TaskValue',3,NULL,NULL,'update','--- \nupdated_at: \n- 2007-06-08 11:47:43 Z\n- 2007-06-08 14:36:35.342975 Z\nlock_version: \n- 5\n- 6\n','2007-06-08 14:36:35'),(839,111,'TaskValue',3,NULL,NULL,'update','--- \nupdated_at: \n- 2007-06-08 11:47:43 Z\n- 2007-06-08 14:36:35.355622 Z\nlock_version: \n- 2\n- 3\n','2007-06-08 14:36:35'),(840,97,'TaskValue',3,NULL,NULL,'update','--- \nupdated_at: \n- 2007-06-08 11:47:43 Z\n- 2007-06-08 14:36:35.368714 Z\nlock_version: \n- 4\n- 5\n','2007-06-08 14:36:35'),(841,112,'TaskValue',3,NULL,NULL,'update','--- \nupdated_at: \n- 2007-06-08 11:47:43 Z\n- 2007-06-08 14:36:35.380676 Z\nlock_version: \n- 2\n- 3\n','2007-06-08 14:36:35'),(842,98,'TaskValue',3,NULL,NULL,'update','--- \nupdated_at: \n- 2007-06-08 11:47:43 Z\n- 2007-06-08 14:36:35.393474 Z\nlock_version: \n- 4\n- 5\n','2007-06-08 14:36:35'),(843,113,'TaskValue',3,NULL,NULL,'update','--- \nupdated_at: \n- 2007-06-08 11:47:43 Z\n- 2007-06-08 14:36:35.405519 Z\nlock_version: \n- 2\n- 3\n','2007-06-08 14:36:35'),(844,99,'TaskValue',3,NULL,NULL,'update','--- \nupdated_at: \n- 2007-06-08 11:47:43 Z\n- 2007-06-08 14:36:35.418270 Z\nlock_version: \n- 4\n- 5\n','2007-06-08 14:36:35'),(845,114,'TaskValue',3,NULL,NULL,'update','--- \nupdated_at: \n- 2007-06-08 11:47:43 Z\n- 2007-06-08 14:36:35.430118 Z\nlock_version: \n- 2\n- 3\n','2007-06-08 14:36:35'),(846,100,'TaskValue',3,NULL,NULL,'update','--- \nupdated_at: \n- 2007-06-08 11:47:43 Z\n- 2007-06-08 14:36:35.443174 Z\nlock_version: \n- 2\n- 3\n','2007-06-08 14:36:35'),(847,115,'TaskValue',3,NULL,NULL,'update','--- \nupdated_at: \n- 2007-06-08 11:47:43 Z\n- 2007-06-08 14:36:35.455501 Z\nlock_version: \n- 2\n- 3\n','2007-06-08 14:36:35'),(848,101,'TaskValue',3,NULL,NULL,'update','--- \nupdated_at: \n- 2007-06-08 11:47:44 Z\n- 2007-06-08 14:36:35.468727 Z\nlock_version: \n- 2\n- 3\n','2007-06-08 14:36:35'),(849,116,'TaskValue',3,NULL,NULL,'update','--- \nupdated_at: \n- 2007-06-08 11:47:44 Z\n- 2007-06-08 14:36:35.480893 Z\nlock_version: \n- 2\n- 3\n','2007-06-08 14:36:35'),(850,102,'TaskValue',3,NULL,NULL,'update','--- \nupdated_at: \n- 2007-06-08 11:47:44 Z\n- 2007-06-08 14:36:35.493829 Z\nlock_version: \n- 2\n- 3\n','2007-06-08 14:36:35'),(851,117,'TaskValue',3,NULL,NULL,'update','--- \nupdated_at: \n- 2007-06-08 11:47:44 Z\n- 2007-06-08 14:36:35.506164 Z\nlock_version: \n- 2\n- 3\n','2007-06-08 14:36:35'),(852,103,'TaskValue',3,NULL,NULL,'update','--- \nupdated_at: \n- 2007-06-08 11:47:44 Z\n- 2007-06-08 14:36:35.519579 Z\nlock_version: \n- 2\n- 3\n','2007-06-08 14:36:35'),(853,118,'TaskValue',3,NULL,NULL,'update','--- \nupdated_at: \n- 2007-06-08 11:47:44 Z\n- 2007-06-08 14:36:35.532214 Z\nlock_version: \n- 2\n- 3\n','2007-06-08 14:36:35'),(854,104,'TaskValue',3,NULL,NULL,'update','--- \nupdated_at: \n- 2007-06-08 11:47:44 Z\n- 2007-06-08 14:36:35.545654 Z\nlock_version: \n- 2\n- 3\n','2007-06-08 14:36:35'),(855,119,'TaskValue',3,NULL,NULL,'update','--- \nupdated_at: \n- 2007-06-08 11:47:44 Z\n- 2007-06-08 14:36:35.557815 Z\nlock_version: \n- 2\n- 3\n','2007-06-08 14:36:35'),(856,105,'TaskValue',3,NULL,NULL,'update','--- \nupdated_at: \n- 2007-06-08 11:47:44 Z\n- 2007-06-08 14:36:35.571167 Z\nlock_version: \n- 2\n- 3\n','2007-06-08 14:36:35'),(857,120,'TaskValue',3,NULL,NULL,'update','--- \nupdated_at: \n- 2007-06-08 11:47:44 Z\n- 2007-06-08 14:36:35.583511 Z\nlock_version: \n- 3\n- 4\n','2007-06-08 14:36:35'),(858,106,'TaskValue',3,NULL,NULL,'update','--- \nupdated_at: \n- 2007-06-08 11:47:44 Z\n- 2007-06-08 14:36:35.769651 Z\nlock_version: \n- 2\n- 3\n','2007-06-08 14:36:35'),(859,121,'TaskValue',3,NULL,NULL,'update','--- \nupdated_at: \n- 2007-06-08 11:47:44 Z\n- 2007-06-08 14:36:35.784309 Z\nlock_version: \n- 2\n- 3\n','2007-06-08 14:36:35'),(860,123,'TaskValue',3,NULL,NULL,'update','--- \nupdated_at: \n- 2007-06-08 11:47:44 Z\n- 2007-06-08 14:36:35.798640 Z\nlock_version: \n- 2\n- 3\n','2007-06-08 14:36:35'),(861,122,'TaskValue',3,NULL,NULL,'update','--- \nupdated_at: \n- 2007-06-08 11:47:44 Z\n- 2007-06-08 14:36:35.835359 Z\nlock_version: \n- 2\n- 3\n','2007-06-08 14:36:35'),(862,3,'Task',3,NULL,NULL,'update','--- \nupdated_at: \n- 2007-06-08 14:36:33 Z\n- 2007-06-08 14:40:53.815571 Z\nlock_version: \n- 3\n- 4\n','2007-06-08 14:40:53'),(863,126,'TaskValue',3,NULL,NULL,'update','--- \nupdated_at: \n- 2007-06-08 14:36:33 Z\n- 2007-06-08 14:40:53.887211 Z\nlock_version: \n- 5\n- 6\n','2007-06-08 14:40:53'),(864,127,'TaskValue',3,NULL,NULL,'update','--- \nupdated_at: \n- 2007-06-08 14:36:34 Z\n- 2007-06-08 14:40:53.901925 Z\nlock_version: \n- 3\n- 4\n','2007-06-08 14:40:53'),(865,128,'TaskValue',3,NULL,NULL,'update','--- \nupdated_at: \n- 2007-06-08 14:36:34 Z\n- 2007-06-08 14:40:53.917637 Z\nlock_version: \n- 3\n- 4\n','2007-06-08 14:40:53'),(866,129,'TaskValue',3,NULL,NULL,'update','--- \nupdated_at: \n- 2007-06-08 14:36:34 Z\n- 2007-06-08 14:40:53.931969 Z\nlock_version: \n- 3\n- 4\n','2007-06-08 14:40:53'),(867,130,'TaskValue',3,NULL,NULL,'update','--- \nupdated_at: \n- 2007-06-08 14:36:34 Z\n- 2007-06-08 14:40:53.948046 Z\nlock_version: \n- 3\n- 4\n','2007-06-08 14:40:53'),(868,131,'TaskValue',3,NULL,NULL,'update','--- \nupdated_at: \n- 2007-06-08 14:36:34 Z\n- 2007-06-08 14:40:53.962009 Z\nlock_version: \n- 3\n- 4\n','2007-06-08 14:40:53'),(869,132,'TaskValue',3,NULL,NULL,'update','--- \nupdated_at: \n- 2007-06-08 14:36:34 Z\n- 2007-06-08 14:40:54.121666 Z\nlock_version: \n- 3\n- 4\n','2007-06-08 14:40:54'),(870,133,'TaskValue',3,NULL,NULL,'update','--- \nupdated_at: \n- 2007-06-08 14:36:34 Z\n- 2007-06-08 14:40:54.135974 Z\nlock_version: \n- 3\n- 4\n','2007-06-08 14:40:54'),(871,134,'TaskValue',3,NULL,NULL,'update','--- \nupdated_at: \n- 2007-06-08 14:36:34 Z\n- 2007-06-08 14:40:54.150511 Z\nlock_version: \n- 3\n- 4\n','2007-06-08 14:40:54'),(872,135,'TaskValue',3,NULL,NULL,'update','--- \nupdated_at: \n- 2007-06-08 14:36:34 Z\n- 2007-06-08 14:40:54.163516 Z\nlock_version: \n- 3\n- 4\n','2007-06-08 14:40:54'),(873,136,'TaskValue',3,NULL,NULL,'update','--- \nupdated_at: \n- 2007-06-08 14:36:34 Z\n- 2007-06-08 14:40:54.179081 Z\nlock_version: \n- 3\n- 4\n','2007-06-08 14:40:54'),(874,137,'TaskValue',3,NULL,NULL,'update','--- \nupdated_at: \n- 2007-06-08 14:36:34 Z\n- 2007-06-08 14:40:54.192801 Z\nlock_version: \n- 3\n- 4\n','2007-06-08 14:40:54'),(875,138,'TaskValue',3,NULL,NULL,'update','--- \nupdated_at: \n- 2007-06-08 14:36:34 Z\n- 2007-06-08 14:40:54.206606 Z\nlock_version: \n- 3\n- 4\n','2007-06-08 14:40:54'),(876,139,'TaskValue',3,NULL,NULL,'update','--- \nupdated_at: \n- 2007-06-08 14:36:34 Z\n- 2007-06-08 14:40:54.219275 Z\nlock_version: \n- 3\n- 4\n','2007-06-08 14:40:54'),(877,140,'TaskValue',3,NULL,NULL,'update','--- \nupdated_at: \n- 2007-06-08 14:36:34 Z\n- 2007-06-08 14:40:54.233763 Z\nlock_version: \n- 3\n- 4\n','2007-06-08 14:40:54'),(878,141,'TaskValue',3,NULL,NULL,'update','--- \nupdated_at: \n- 2007-06-08 14:36:34 Z\n- 2007-06-08 14:40:54.246649 Z\nlock_version: \n- 3\n- 4\n','2007-06-08 14:40:54'),(879,142,'TaskValue',3,NULL,NULL,'update','--- \nupdated_at: \n- 2007-06-08 14:36:34 Z\n- 2007-06-08 14:40:54.408126 Z\nlock_version: \n- 3\n- 4\n','2007-06-08 14:40:54'),(880,143,'TaskValue',3,NULL,NULL,'update','--- \nupdated_at: \n- 2007-06-08 14:36:34 Z\n- 2007-06-08 14:40:54.440356 Z\nlock_version: \n- 3\n- 4\n','2007-06-08 14:40:54'),(881,144,'TaskValue',3,NULL,NULL,'update','--- \nupdated_at: \n- 2007-06-08 14:36:34 Z\n- 2007-06-08 14:40:54.491404 Z\nlock_version: \n- 3\n- 4\n','2007-06-08 14:40:54'),(882,145,'TaskValue',3,NULL,NULL,'update','--- \nupdated_at: \n- 2007-06-08 14:36:34 Z\n- 2007-06-08 14:40:54.507892 Z\nlock_version: \n- 3\n- 4\n','2007-06-08 14:40:54'),(883,146,'TaskValue',3,NULL,NULL,'update','--- \nupdated_at: \n- 2007-06-08 14:36:34 Z\n- 2007-06-08 14:40:54.524060 Z\nlock_version: \n- 3\n- 4\n','2007-06-08 14:40:54'),(884,147,'TaskValue',3,NULL,NULL,'update','--- \nupdated_at: \n- 2007-06-08 14:36:34 Z\n- 2007-06-08 14:40:54.537026 Z\nlock_version: \n- 3\n- 4\n','2007-06-08 14:40:54'),(885,148,'TaskValue',3,NULL,NULL,'update','--- \nupdated_at: \n- 2007-06-08 14:36:34 Z\n- 2007-06-08 14:40:54.551044 Z\nlock_version: \n- 3\n- 4\n','2007-06-08 14:40:54'),(886,149,'TaskValue',3,NULL,NULL,'update','--- \nupdated_at: \n- 2007-06-08 14:36:34 Z\n- 2007-06-08 14:40:54.563759 Z\nlock_version: \n- 3\n- 4\n','2007-06-08 14:40:54'),(887,150,'TaskValue',3,NULL,NULL,'update','--- \nupdated_at: \n- 2007-06-08 14:36:34 Z\n- 2007-06-08 14:40:54.577626 Z\nlock_version: \n- 3\n- 4\n','2007-06-08 14:40:54'),(888,151,'TaskValue',3,NULL,NULL,'update','--- \nupdated_at: \n- 2007-06-08 14:36:34 Z\n- 2007-06-08 14:40:54.591070 Z\nlock_version: \n- 3\n- 4\n','2007-06-08 14:40:54'),(889,152,'TaskValue',3,NULL,NULL,'update','--- \nupdated_at: \n- 2007-06-08 14:36:34 Z\n- 2007-06-08 14:40:54.604853 Z\nlock_version: \n- 3\n- 4\n','2007-06-08 14:40:54'),(890,153,'TaskValue',3,NULL,NULL,'update','--- \nupdated_at: \n- 2007-06-08 14:36:34 Z\n- 2007-06-08 14:40:54.761717 Z\nlock_version: \n- 3\n- 4\n','2007-06-08 14:40:54'),(891,154,'TaskValue',3,NULL,NULL,'update','--- \nupdated_at: \n- 2007-06-08 14:36:34 Z\n- 2007-06-08 14:40:54.816344 Z\nlock_version: \n- 3\n- 4\n','2007-06-08 14:40:54'),(892,155,'TaskValue',3,NULL,NULL,'update','--- \nupdated_at: \n- 2007-06-08 14:36:34 Z\n- 2007-06-08 14:40:54.829515 Z\nlock_version: \n- 3\n- 4\n','2007-06-08 14:40:54'),(893,156,'TaskValue',3,NULL,NULL,'update','--- \nupdated_at: \n- 2007-06-08 14:36:34 Z\n- 2007-06-08 14:40:54.894323 Z\nlock_version: \n- 3\n- 4\n','2007-06-08 14:40:54'),(894,157,'TaskValue',3,NULL,NULL,'update','--- \nupdated_at: \n- 2007-06-08 14:36:34 Z\n- 2007-06-08 14:40:54.923189 Z\nlock_version: \n- 3\n- 4\n','2007-06-08 14:40:54'),(895,158,'TaskValue',3,NULL,NULL,'update','--- \nupdated_at: \n- 2007-06-08 14:36:34 Z\n- 2007-06-08 14:40:54.953367 Z\nlock_version: \n- 3\n- 4\n','2007-06-08 14:40:54'),(896,125,'TaskValue',3,NULL,NULL,'update','--- \nupdated_at: \n- 2007-06-08 14:36:35 Z\n- 2007-06-08 14:40:54.972030 Z\nlock_version: \n- 4\n- 5\n','2007-06-08 14:40:54'),(897,91,'TaskValue',3,NULL,NULL,'update','--- \nupdated_at: \n- 2007-06-08 14:36:35 Z\n- 2007-06-08 14:40:54.988183 Z\nlock_version: \n- 3\n- 4\n','2007-06-08 14:40:54'),(898,159,'TaskValue',3,NULL,NULL,'update','--- \nupdated_at: \n- 2007-06-08 14:36:35 Z\n- 2007-06-08 14:40:55.002759 Z\nlock_version: \n- 3\n- 4\n','2007-06-08 14:40:55'),(899,92,'TaskValue',3,NULL,NULL,'update','--- \nupdated_at: \n- 2007-06-08 14:36:35 Z\n- 2007-06-08 14:40:55.019016 Z\nlock_version: \n- 4\n- 5\n','2007-06-08 14:40:55'),(900,93,'TaskValue',3,NULL,NULL,'update','--- \nupdated_at: \n- 2007-06-08 14:36:35 Z\n- 2007-06-08 14:40:55.037164 Z\nlock_version: \n- 3\n- 4\n','2007-06-08 14:40:55'),(901,108,'TaskValue',3,NULL,NULL,'update','--- \nupdated_at: \n- 2007-06-08 14:36:35 Z\n- 2007-06-08 14:40:55.206398 Z\nlock_version: \n- 3\n- 4\n','2007-06-08 14:40:55'),(902,94,'TaskValue',3,NULL,NULL,'update','--- \nupdated_at: \n- 2007-06-08 14:36:35 Z\n- 2007-06-08 14:40:55.222323 Z\nlock_version: \n- 3\n- 4\n','2007-06-08 14:40:55'),(903,109,'TaskValue',3,NULL,NULL,'update','--- \nupdated_at: \n- 2007-06-08 14:36:35 Z\n- 2007-06-08 14:40:55.239065 Z\nlock_version: \n- 3\n- 4\n','2007-06-08 14:40:55'),(904,95,'TaskValue',3,NULL,NULL,'update','--- \nupdated_at: \n- 2007-06-08 14:36:35 Z\n- 2007-06-08 14:40:55.254152 Z\nlock_version: \n- 4\n- 5\n','2007-06-08 14:40:55'),(905,110,'TaskValue',3,NULL,NULL,'update','--- \nupdated_at: \n- 2007-06-08 14:36:35 Z\n- 2007-06-08 14:40:55.269008 Z\nlock_version: \n- 3\n- 4\n','2007-06-08 14:40:55'),(906,96,'TaskValue',3,NULL,NULL,'update','--- \nupdated_at: \n- 2007-06-08 14:36:35 Z\n- 2007-06-08 14:40:55.284769 Z\nlock_version: \n- 6\n- 7\n','2007-06-08 14:40:55'),(907,111,'TaskValue',3,NULL,NULL,'update','--- \nupdated_at: \n- 2007-06-08 14:36:35 Z\n- 2007-06-08 14:40:55.298928 Z\nlock_version: \n- 3\n- 4\n','2007-06-08 14:40:55'),(908,97,'TaskValue',3,NULL,NULL,'update','--- \nupdated_at: \n- 2007-06-08 14:36:35 Z\n- 2007-06-08 14:40:55.313006 Z\nlock_version: \n- 5\n- 6\n','2007-06-08 14:40:55'),(909,112,'TaskValue',3,NULL,NULL,'update','--- \nupdated_at: \n- 2007-06-08 14:36:35 Z\n- 2007-06-08 14:40:55.327327 Z\nlock_version: \n- 3\n- 4\n','2007-06-08 14:40:55'),(910,98,'TaskValue',3,NULL,NULL,'update','--- \nupdated_at: \n- 2007-06-08 14:36:35 Z\n- 2007-06-08 14:40:55.343157 Z\nlock_version: \n- 5\n- 6\n','2007-06-08 14:40:55'),(911,113,'TaskValue',3,NULL,NULL,'update','--- \nupdated_at: \n- 2007-06-08 14:36:35 Z\n- 2007-06-08 14:40:55.357616 Z\nlock_version: \n- 3\n- 4\n','2007-06-08 14:40:55'),(912,99,'TaskValue',3,NULL,NULL,'update','--- \nupdated_at: \n- 2007-06-08 14:36:35 Z\n- 2007-06-08 14:40:55.528523 Z\nlock_version: \n- 5\n- 6\n','2007-06-08 14:40:55'),(913,114,'TaskValue',3,NULL,NULL,'update','--- \nupdated_at: \n- 2007-06-08 14:36:35 Z\n- 2007-06-08 14:40:55.542962 Z\nlock_version: \n- 3\n- 4\n','2007-06-08 14:40:55'),(914,100,'TaskValue',3,NULL,NULL,'update','--- \nupdated_at: \n- 2007-06-08 14:36:35 Z\n- 2007-06-08 14:40:55.558863 Z\nlock_version: \n- 3\n- 4\n','2007-06-08 14:40:55'),(915,115,'TaskValue',3,NULL,NULL,'update','--- \nupdated_at: \n- 2007-06-08 14:36:35 Z\n- 2007-06-08 14:40:55.572634 Z\nlock_version: \n- 3\n- 4\n','2007-06-08 14:40:55'),(916,101,'TaskValue',3,NULL,NULL,'update','--- \nupdated_at: \n- 2007-06-08 14:36:35 Z\n- 2007-06-08 14:40:55.588908 Z\nlock_version: \n- 3\n- 4\n','2007-06-08 14:40:55'),(917,116,'TaskValue',3,NULL,NULL,'update','--- \nupdated_at: \n- 2007-06-08 14:36:35 Z\n- 2007-06-08 14:40:55.604281 Z\nlock_version: \n- 3\n- 4\n','2007-06-08 14:40:55'),(918,102,'TaskValue',3,NULL,NULL,'update','--- \nupdated_at: \n- 2007-06-08 14:36:35 Z\n- 2007-06-08 14:40:55.621423 Z\nlock_version: \n- 3\n- 4\n','2007-06-08 14:40:55'),(919,117,'TaskValue',3,NULL,NULL,'update','--- \nupdated_at: \n- 2007-06-08 14:36:35 Z\n- 2007-06-08 14:40:55.637960 Z\nlock_version: \n- 3\n- 4\n','2007-06-08 14:40:55'),(920,103,'TaskValue',3,NULL,NULL,'update','--- \nupdated_at: \n- 2007-06-08 14:36:35 Z\n- 2007-06-08 14:40:55.653007 Z\nlock_version: \n- 3\n- 4\n','2007-06-08 14:40:55'),(921,118,'TaskValue',3,NULL,NULL,'update','--- \nupdated_at: \n- 2007-06-08 14:36:35 Z\n- 2007-06-08 14:40:55.667466 Z\nlock_version: \n- 3\n- 4\n','2007-06-08 14:40:55'),(922,104,'TaskValue',3,NULL,NULL,'update','--- \nupdated_at: \n- 2007-06-08 14:36:35 Z\n- 2007-06-08 14:40:55.833235 Z\nlock_version: \n- 3\n- 4\n','2007-06-08 14:40:55'),(923,119,'TaskValue',3,NULL,NULL,'update','--- \nupdated_at: \n- 2007-06-08 14:36:35 Z\n- 2007-06-08 14:40:55.886701 Z\nlock_version: \n- 3\n- 4\n','2007-06-08 14:40:55'),(924,105,'TaskValue',3,NULL,NULL,'update','--- \nupdated_at: \n- 2007-06-08 14:36:35 Z\n- 2007-06-08 14:40:55.953883 Z\nlock_version: \n- 3\n- 4\n','2007-06-08 14:40:55'),(925,120,'TaskValue',3,NULL,NULL,'update','--- \nupdated_at: \n- 2007-06-08 14:36:35 Z\n- 2007-06-08 14:40:55.967935 Z\nlock_version: \n- 4\n- 5\n','2007-06-08 14:40:55'),(926,106,'TaskValue',3,NULL,NULL,'update','--- \nupdated_at: \n- 2007-06-08 14:36:35 Z\n- 2007-06-08 14:40:56.010866 Z\nlock_version: \n- 3\n- 4\n','2007-06-08 14:40:56'),(927,121,'TaskValue',3,NULL,NULL,'update','--- \nupdated_at: \n- 2007-06-08 14:36:35 Z\n- 2007-06-08 14:40:56.025523 Z\nlock_version: \n- 3\n- 4\n','2007-06-08 14:40:56'),(928,123,'TaskValue',3,NULL,NULL,'update','--- \nupdated_at: \n- 2007-06-08 14:36:35 Z\n- 2007-06-08 14:40:56.040612 Z\nlock_version: \n- 3\n- 4\n','2007-06-08 14:40:56'),(929,122,'TaskValue',3,NULL,NULL,'update','--- \nupdated_at: \n- 2007-06-08 14:36:35 Z\n- 2007-06-08 14:40:56.054316 Z\nlock_version: \n- 3\n- 4\n','2007-06-08 14:40:56'),(930,3,'Task',3,NULL,NULL,'update','--- \nupdated_at: \n- 2007-06-08 14:40:53 Z\n- 2007-06-08 15:20:19.769882 Z\nlock_version: \n- 4\n- 5\n','2007-06-08 15:20:19'),(931,126,'TaskValue',3,NULL,NULL,'update','--- \nupdated_at: \n- 2007-06-08 14:40:53 Z\n- 2007-06-08 15:20:19.848135 Z\nlock_version: \n- 6\n- 7\n','2007-06-08 15:20:19'),(932,127,'TaskValue',3,NULL,NULL,'update','--- \nupdated_at: \n- 2007-06-08 14:40:53 Z\n- 2007-06-08 15:20:19.863368 Z\nlock_version: \n- 4\n- 5\n','2007-06-08 15:20:19'),(933,128,'TaskValue',3,NULL,NULL,'update','--- \nupdated_at: \n- 2007-06-08 14:40:53 Z\n- 2007-06-08 15:20:19.880874 Z\nlock_version: \n- 4\n- 5\n','2007-06-08 15:20:19'),(934,129,'TaskValue',3,NULL,NULL,'update','--- \nupdated_at: \n- 2007-06-08 14:40:53 Z\n- 2007-06-08 15:20:19.896382 Z\nlock_version: \n- 4\n- 5\n','2007-06-08 15:20:19'),(935,130,'TaskValue',3,NULL,NULL,'update','--- \nupdated_at: \n- 2007-06-08 14:40:53 Z\n- 2007-06-08 15:20:19.913425 Z\nlock_version: \n- 4\n- 5\n','2007-06-08 15:20:19'),(936,131,'TaskValue',3,NULL,NULL,'update','--- \nupdated_at: \n- 2007-06-08 14:40:53 Z\n- 2007-06-08 15:20:19.931722 Z\nlock_version: \n- 4\n- 5\n','2007-06-08 15:20:20'),(937,132,'TaskValue',3,NULL,NULL,'update','--- \nupdated_at: \n- 2007-06-08 14:40:54 Z\n- 2007-06-08 15:20:20.098328 Z\nlock_version: \n- 4\n- 5\n','2007-06-08 15:20:20'),(938,133,'TaskValue',3,NULL,NULL,'update','--- \nupdated_at: \n- 2007-06-08 14:40:54 Z\n- 2007-06-08 15:20:20.113557 Z\nlock_version: \n- 4\n- 5\n','2007-06-08 15:20:20'),(939,134,'TaskValue',3,NULL,NULL,'update','--- \nupdated_at: \n- 2007-06-08 14:40:54 Z\n- 2007-06-08 15:20:20.129781 Z\nlock_version: \n- 4\n- 5\n','2007-06-08 15:20:20'),(940,135,'TaskValue',3,NULL,NULL,'update','--- \nupdated_at: \n- 2007-06-08 14:40:54 Z\n- 2007-06-08 15:20:20.144445 Z\nlock_version: \n- 4\n- 5\n','2007-06-08 15:20:20'),(941,136,'TaskValue',3,NULL,NULL,'update','--- \nupdated_at: \n- 2007-06-08 14:40:54 Z\n- 2007-06-08 15:20:20.160136 Z\nlock_version: \n- 4\n- 5\n','2007-06-08 15:20:20'),(942,137,'TaskValue',3,NULL,NULL,'update','--- \nupdated_at: \n- 2007-06-08 14:40:54 Z\n- 2007-06-08 15:20:20.174638 Z\nlock_version: \n- 4\n- 5\n','2007-06-08 15:20:20'),(943,138,'TaskValue',3,NULL,NULL,'update','--- \nupdated_at: \n- 2007-06-08 14:40:54 Z\n- 2007-06-08 15:20:20.190021 Z\nlock_version: \n- 4\n- 5\n','2007-06-08 15:20:20'),(944,139,'TaskValue',3,NULL,NULL,'update','--- \nupdated_at: \n- 2007-06-08 14:40:54 Z\n- 2007-06-08 15:20:20.204332 Z\nlock_version: \n- 4\n- 5\n','2007-06-08 15:20:20'),(945,140,'TaskValue',3,NULL,NULL,'update','--- \nupdated_at: \n- 2007-06-08 14:40:54 Z\n- 2007-06-08 15:20:20.219958 Z\nlock_version: \n- 4\n- 5\n','2007-06-08 15:20:20'),(946,141,'TaskValue',3,NULL,NULL,'update','--- \nupdated_at: \n- 2007-06-08 14:40:54 Z\n- 2007-06-08 15:20:20.235357 Z\nlock_version: \n- 4\n- 5\n','2007-06-08 15:20:20'),(947,142,'TaskValue',3,NULL,NULL,'update','--- \nupdated_at: \n- 2007-06-08 14:40:54 Z\n- 2007-06-08 15:20:20.396048 Z\nlock_version: \n- 4\n- 5\n','2007-06-08 15:20:20'),(948,143,'TaskValue',3,NULL,NULL,'update','--- \nupdated_at: \n- 2007-06-08 14:40:54 Z\n- 2007-06-08 15:20:20.411383 Z\nlock_version: \n- 4\n- 5\n','2007-06-08 15:20:20'),(949,144,'TaskValue',3,NULL,NULL,'update','--- \nupdated_at: \n- 2007-06-08 14:40:54 Z\n- 2007-06-08 15:20:20.427858 Z\nlock_version: \n- 4\n- 5\n','2007-06-08 15:20:20'),(950,145,'TaskValue',3,NULL,NULL,'update','--- \nupdated_at: \n- 2007-06-08 14:40:54 Z\n- 2007-06-08 15:20:20.442872 Z\nlock_version: \n- 4\n- 5\n','2007-06-08 15:20:20'),(951,146,'TaskValue',3,NULL,NULL,'update','--- \nupdated_at: \n- 2007-06-08 14:40:54 Z\n- 2007-06-08 15:20:20.458610 Z\nlock_version: \n- 4\n- 5\n','2007-06-08 15:20:20'),(952,147,'TaskValue',3,NULL,NULL,'update','--- \nupdated_at: \n- 2007-06-08 14:40:54 Z\n- 2007-06-08 15:20:20.473421 Z\nlock_version: \n- 4\n- 5\n','2007-06-08 15:20:20'),(953,148,'TaskValue',3,NULL,NULL,'update','--- \nupdated_at: \n- 2007-06-08 14:40:54 Z\n- 2007-06-08 15:20:20.491467 Z\nlock_version: \n- 4\n- 5\n','2007-06-08 15:20:20'),(954,149,'TaskValue',3,NULL,NULL,'update','--- \nupdated_at: \n- 2007-06-08 14:40:54 Z\n- 2007-06-08 15:20:20.539149 Z\nlock_version: \n- 4\n- 5\n','2007-06-08 15:20:20'),(955,150,'TaskValue',3,NULL,NULL,'update','--- \nupdated_at: \n- 2007-06-08 14:40:54 Z\n- 2007-06-08 15:20:20.554744 Z\nlock_version: \n- 4\n- 5\n','2007-06-08 15:20:20'),(956,151,'TaskValue',3,NULL,NULL,'update','--- \nupdated_at: \n- 2007-06-08 14:40:54 Z\n- 2007-06-08 15:20:20.569045 Z\nlock_version: \n- 4\n- 5\n','2007-06-08 15:20:20'),(957,152,'TaskValue',3,NULL,NULL,'update','--- \nupdated_at: \n- 2007-06-08 14:40:54 Z\n- 2007-06-08 15:20:20.584458 Z\nlock_version: \n- 4\n- 5\n','2007-06-08 15:20:20'),(958,153,'TaskValue',3,NULL,NULL,'update','--- \nupdated_at: \n- 2007-06-08 14:40:54 Z\n- 2007-06-08 15:20:20.738133 Z\nlock_version: \n- 4\n- 5\n','2007-06-08 15:20:20'),(959,154,'TaskValue',3,NULL,NULL,'update','--- \nupdated_at: \n- 2007-06-08 14:40:54 Z\n- 2007-06-08 15:20:20.752599 Z\nlock_version: \n- 4\n- 5\n','2007-06-08 15:20:20'),(960,155,'TaskValue',3,NULL,NULL,'update','--- \nupdated_at: \n- 2007-06-08 14:40:54 Z\n- 2007-06-08 15:20:20.766138 Z\nlock_version: \n- 4\n- 5\n','2007-06-08 15:20:20'),(961,156,'TaskValue',3,NULL,NULL,'update','--- \nupdated_at: \n- 2007-06-08 14:40:54 Z\n- 2007-06-08 15:20:20.780418 Z\nlock_version: \n- 4\n- 5\n','2007-06-08 15:20:20'),(962,157,'TaskValue',3,NULL,NULL,'update','--- \nupdated_at: \n- 2007-06-08 14:40:54 Z\n- 2007-06-08 15:20:20.793235 Z\nlock_version: \n- 4\n- 5\n','2007-06-08 15:20:20'),(963,158,'TaskValue',3,NULL,NULL,'update','--- \nupdated_at: \n- 2007-06-08 14:40:54 Z\n- 2007-06-08 15:20:20.807143 Z\nlock_version: \n- 4\n- 5\n','2007-06-08 15:20:20'),(964,125,'TaskValue',3,NULL,NULL,'update','--- \nupdated_at: \n- 2007-06-08 14:40:54 Z\n- 2007-06-08 15:20:20.834074 Z\nlock_version: \n- 5\n- 6\n','2007-06-08 15:20:20'),(965,91,'TaskValue',3,NULL,NULL,'update','--- \nupdated_at: \n- 2007-06-08 14:40:54 Z\n- 2007-06-08 15:20:20.846858 Z\nlock_version: \n- 4\n- 5\n','2007-06-08 15:20:20'),(966,159,'TaskValue',3,NULL,NULL,'update','--- \nupdated_at: \n- 2007-06-08 14:40:55 Z\n- 2007-06-08 15:20:20.860514 Z\nlock_version: \n- 4\n- 5\n','2007-06-08 15:20:20'),(967,92,'TaskValue',3,NULL,NULL,'update','--- \nupdated_at: \n- 2007-06-08 14:40:55 Z\n- 2007-06-08 15:20:20.873931 Z\nlock_version: \n- 5\n- 6\n','2007-06-08 15:20:20'),(968,93,'TaskValue',3,NULL,NULL,'update','--- \nupdated_at: \n- 2007-06-08 14:40:55 Z\n- 2007-06-08 15:20:21.015147 Z\nlock_version: \n- 4\n- 5\n','2007-06-08 15:20:21'),(969,108,'TaskValue',3,NULL,NULL,'update','--- \nupdated_at: \n- 2007-06-08 14:40:55 Z\n- 2007-06-08 15:20:21.035736 Z\nlock_version: \n- 4\n- 5\n','2007-06-08 15:20:21'),(970,94,'TaskValue',3,NULL,NULL,'update','--- \nupdated_at: \n- 2007-06-08 14:40:55 Z\n- 2007-06-08 15:20:21.049661 Z\nlock_version: \n- 4\n- 5\n','2007-06-08 15:20:21'),(971,109,'TaskValue',3,NULL,NULL,'update','--- \nupdated_at: \n- 2007-06-08 14:40:55 Z\n- 2007-06-08 15:20:21.062743 Z\nlock_version: \n- 4\n- 5\n','2007-06-08 15:20:21'),(972,95,'TaskValue',3,NULL,NULL,'update','--- \nupdated_at: \n- 2007-06-08 14:40:55 Z\n- 2007-06-08 15:20:21.076596 Z\nlock_version: \n- 5\n- 6\n','2007-06-08 15:20:21'),(973,110,'TaskValue',3,NULL,NULL,'update','--- \nupdated_at: \n- 2007-06-08 14:40:55 Z\n- 2007-06-08 15:20:21.090090 Z\nlock_version: \n- 4\n- 5\n','2007-06-08 15:20:21'),(974,96,'TaskValue',3,NULL,NULL,'update','--- \nupdated_at: \n- 2007-06-08 14:40:55 Z\n- 2007-06-08 15:20:21.102870 Z\nlock_version: \n- 7\n- 8\n','2007-06-08 15:20:21'),(975,111,'TaskValue',3,NULL,NULL,'update','--- \nupdated_at: \n- 2007-06-08 14:40:55 Z\n- 2007-06-08 15:20:21.114940 Z\nlock_version: \n- 4\n- 5\n','2007-06-08 15:20:21'),(976,97,'TaskValue',3,NULL,NULL,'update','--- \nupdated_at: \n- 2007-06-08 14:40:55 Z\n- 2007-06-08 15:20:21.127928 Z\nlock_version: \n- 6\n- 7\n','2007-06-08 15:20:21'),(977,112,'TaskValue',3,NULL,NULL,'update','--- \nupdated_at: \n- 2007-06-08 14:40:55 Z\n- 2007-06-08 15:20:21.140172 Z\nlock_version: \n- 4\n- 5\n','2007-06-08 15:20:21'),(978,98,'TaskValue',3,NULL,NULL,'update','--- \nupdated_at: \n- 2007-06-08 14:40:55 Z\n- 2007-06-08 15:20:21.153924 Z\nlock_version: \n- 6\n- 7\n','2007-06-08 15:20:21'),(979,113,'TaskValue',3,NULL,NULL,'update','--- \nupdated_at: \n- 2007-06-08 14:40:55 Z\n- 2007-06-08 15:20:21.289599 Z\nlock_version: \n- 4\n- 5\n','2007-06-08 15:20:21'),(980,99,'TaskValue',3,NULL,NULL,'update','--- \nupdated_at: \n- 2007-06-08 14:40:55 Z\n- 2007-06-08 15:20:21.310760 Z\nlock_version: \n- 6\n- 7\n','2007-06-08 15:20:21'),(981,114,'TaskValue',3,NULL,NULL,'update','--- \nupdated_at: \n- 2007-06-08 14:40:55 Z\n- 2007-06-08 15:20:21.323543 Z\nlock_version: \n- 4\n- 5\n','2007-06-08 15:20:21'),(982,100,'TaskValue',3,NULL,NULL,'update','--- \nupdated_at: \n- 2007-06-08 14:40:55 Z\n- 2007-06-08 15:20:21.337216 Z\nlock_version: \n- 4\n- 5\n','2007-06-08 15:20:21'),(983,115,'TaskValue',3,NULL,NULL,'update','--- \nupdated_at: \n- 2007-06-08 14:40:55 Z\n- 2007-06-08 15:20:21.350005 Z\nlock_version: \n- 4\n- 5\n','2007-06-08 15:20:21'),(984,101,'TaskValue',3,NULL,NULL,'update','--- \nupdated_at: \n- 2007-06-08 14:40:55 Z\n- 2007-06-08 15:20:21.363158 Z\nlock_version: \n- 4\n- 5\n','2007-06-08 15:20:21'),(985,116,'TaskValue',3,NULL,NULL,'update','--- \nupdated_at: \n- 2007-06-08 14:40:55 Z\n- 2007-06-08 15:20:21.375523 Z\nlock_version: \n- 4\n- 5\n','2007-06-08 15:20:21'),(986,102,'TaskValue',3,NULL,NULL,'update','--- \nupdated_at: \n- 2007-06-08 14:40:55 Z\n- 2007-06-08 15:20:21.388590 Z\nlock_version: \n- 4\n- 5\n','2007-06-08 15:20:21'),(987,117,'TaskValue',3,NULL,NULL,'update','--- \nupdated_at: \n- 2007-06-08 14:40:55 Z\n- 2007-06-08 15:20:21.401293 Z\nlock_version: \n- 4\n- 5\n','2007-06-08 15:20:21'),(988,103,'TaskValue',3,NULL,NULL,'update','--- \nupdated_at: \n- 2007-06-08 14:40:55 Z\n- 2007-06-08 15:20:21.414515 Z\nlock_version: \n- 4\n- 5\n','2007-06-08 15:20:21'),(989,118,'TaskValue',3,NULL,NULL,'update','--- \nupdated_at: \n- 2007-06-08 14:40:55 Z\n- 2007-06-08 15:20:21.426724 Z\nlock_version: \n- 4\n- 5\n','2007-06-08 15:20:21'),(990,104,'TaskValue',3,NULL,NULL,'update','--- \nupdated_at: \n- 2007-06-08 14:40:55 Z\n- 2007-06-08 15:20:21.573201 Z\nlock_version: \n- 4\n- 5\n','2007-06-08 15:20:21'),(991,119,'TaskValue',3,NULL,NULL,'update','--- \nupdated_at: \n- 2007-06-08 14:40:55 Z\n- 2007-06-08 15:20:21.614478 Z\nlock_version: \n- 4\n- 5\n','2007-06-08 15:20:21'),(992,105,'TaskValue',3,NULL,NULL,'update','--- \nupdated_at: \n- 2007-06-08 14:40:55 Z\n- 2007-06-08 15:20:21.628417 Z\nlock_version: \n- 4\n- 5\n','2007-06-08 15:20:21'),(993,120,'TaskValue',3,NULL,NULL,'update','--- \nupdated_at: \n- 2007-06-08 14:40:55 Z\n- 2007-06-08 15:20:21.641654 Z\nlock_version: \n- 5\n- 6\n','2007-06-08 15:20:21'),(994,106,'TaskValue',3,NULL,NULL,'update','--- \nupdated_at: \n- 2007-06-08 14:40:56 Z\n- 2007-06-08 15:20:21.655192 Z\nlock_version: \n- 4\n- 5\n','2007-06-08 15:20:21'),(995,121,'TaskValue',3,NULL,NULL,'update','--- \nupdated_at: \n- 2007-06-08 14:40:56 Z\n- 2007-06-08 15:20:21.668258 Z\nlock_version: \n- 4\n- 5\n','2007-06-08 15:20:21'),(996,123,'TaskValue',3,NULL,NULL,'update','--- \nupdated_at: \n- 2007-06-08 14:40:56 Z\n- 2007-06-08 15:20:21.681442 Z\nlock_version: \n- 4\n- 5\n','2007-06-08 15:20:21'),(997,122,'TaskValue',3,NULL,NULL,'update','--- \nupdated_at: \n- 2007-06-08 14:40:56 Z\n- 2007-06-08 15:20:21.694840 Z\nlock_version: \n- 4\n- 5\n','2007-06-08 15:20:21'),(998,3,'Task',3,NULL,NULL,'update','--- \nupdated_at: \n- 2007-06-08 15:20:19 Z\n- 2007-06-08 15:35:30.740365 Z\nlock_version: \n- 5\n- 6\n','2007-06-08 15:35:30'),(999,126,'TaskValue',3,NULL,NULL,'update','--- \nupdated_at: \n- 2007-06-08 15:20:19 Z\n- 2007-06-08 15:35:31.003012 Z\nlock_version: \n- 7\n- 8\n','2007-06-08 15:35:31'),(1000,127,'TaskValue',3,NULL,NULL,'update','--- \nupdated_at: \n- 2007-06-08 15:20:19 Z\n- 2007-06-08 15:35:31.025720 Z\nlock_version: \n- 5\n- 6\n','2007-06-08 15:35:31'),(1001,128,'TaskValue',3,NULL,NULL,'update','--- \nupdated_at: \n- 2007-06-08 15:20:19 Z\n- 2007-06-08 15:35:31.044289 Z\nlock_version: \n- 5\n- 6\n','2007-06-08 15:35:31'),(1002,129,'TaskValue',3,NULL,NULL,'update','--- \nupdated_at: \n- 2007-06-08 15:20:19 Z\n- 2007-06-08 15:35:31.058498 Z\nlock_version: \n- 5\n- 6\n','2007-06-08 15:35:31'),(1003,130,'TaskValue',3,NULL,NULL,'update','--- \nupdated_at: \n- 2007-06-08 15:20:19 Z\n- 2007-06-08 15:35:31.073984 Z\nlock_version: \n- 5\n- 6\n','2007-06-08 15:35:31'),(1004,131,'TaskValue',3,NULL,NULL,'update','--- \nupdated_at: \n- 2007-06-08 15:20:19 Z\n- 2007-06-08 15:35:31.088415 Z\nlock_version: \n- 5\n- 6\n','2007-06-08 15:35:31'),(1005,132,'TaskValue',3,NULL,NULL,'update','--- \nupdated_at: \n- 2007-06-08 15:20:20 Z\n- 2007-06-08 15:35:31.103241 Z\nlock_version: \n- 5\n- 6\n','2007-06-08 15:35:31'),(1006,133,'TaskValue',3,NULL,NULL,'update','--- \nupdated_at: \n- 2007-06-08 15:20:20 Z\n- 2007-06-08 15:35:31.117833 Z\nlock_version: \n- 5\n- 6\n','2007-06-08 15:35:31'),(1007,134,'TaskValue',3,NULL,NULL,'update','--- \nupdated_at: \n- 2007-06-08 15:20:20 Z\n- 2007-06-08 15:35:31.133970 Z\nlock_version: \n- 5\n- 6\n','2007-06-08 15:35:31'),(1008,135,'TaskValue',3,NULL,NULL,'update','--- \nupdated_at: \n- 2007-06-08 15:20:20 Z\n- 2007-06-08 15:35:31.157026 Z\nlock_version: \n- 5\n- 6\n','2007-06-08 15:35:31'),(1009,136,'TaskValue',3,NULL,NULL,'update','--- \nupdated_at: \n- 2007-06-08 15:20:20 Z\n- 2007-06-08 15:35:31.315181 Z\nlock_version: \n- 5\n- 6\n','2007-06-08 15:35:31'),(1010,137,'TaskValue',3,NULL,NULL,'update','--- \nupdated_at: \n- 2007-06-08 15:20:20 Z\n- 2007-06-08 15:35:31.329408 Z\nlock_version: \n- 5\n- 6\n','2007-06-08 15:35:31'),(1011,138,'TaskValue',3,NULL,NULL,'update','--- \nupdated_at: \n- 2007-06-08 15:20:20 Z\n- 2007-06-08 15:35:31.344087 Z\nlock_version: \n- 5\n- 6\n','2007-06-08 15:35:31'),(1012,139,'TaskValue',3,NULL,NULL,'update','--- \nupdated_at: \n- 2007-06-08 15:20:20 Z\n- 2007-06-08 15:35:31.358590 Z\nlock_version: \n- 5\n- 6\n','2007-06-08 15:35:31'),(1013,140,'TaskValue',3,NULL,NULL,'update','--- \nupdated_at: \n- 2007-06-08 15:20:20 Z\n- 2007-06-08 15:35:31.373524 Z\nlock_version: \n- 5\n- 6\n','2007-06-08 15:35:31'),(1014,141,'TaskValue',3,NULL,NULL,'update','--- \nupdated_at: \n- 2007-06-08 15:20:20 Z\n- 2007-06-08 15:35:31.386577 Z\nlock_version: \n- 5\n- 6\n','2007-06-08 15:35:31'),(1015,142,'TaskValue',3,NULL,NULL,'update','--- \nupdated_at: \n- 2007-06-08 15:20:20 Z\n- 2007-06-08 15:35:31.401223 Z\nlock_version: \n- 5\n- 6\n','2007-06-08 15:35:31'),(1016,143,'TaskValue',3,NULL,NULL,'update','--- \nupdated_at: \n- 2007-06-08 15:20:20 Z\n- 2007-06-08 15:35:31.414287 Z\nlock_version: \n- 5\n- 6\n','2007-06-08 15:35:31'),(1017,144,'TaskValue',3,NULL,NULL,'update','--- \nupdated_at: \n- 2007-06-08 15:20:20 Z\n- 2007-06-08 15:35:31.467095 Z\nlock_version: \n- 5\n- 6\n','2007-06-08 15:35:31'),(1018,145,'TaskValue',3,NULL,NULL,'update','--- \nupdated_at: \n- 2007-06-08 15:20:20 Z\n- 2007-06-08 15:35:31.481395 Z\nlock_version: \n- 5\n- 6\n','2007-06-08 15:35:31'),(1019,146,'TaskValue',3,NULL,NULL,'update','--- \nupdated_at: \n- 2007-06-08 15:20:20 Z\n- 2007-06-08 15:35:31.638029 Z\nlock_version: \n- 5\n- 6\n','2007-06-08 15:35:31'),(1020,147,'TaskValue',3,NULL,NULL,'update','--- \nupdated_at: \n- 2007-06-08 15:20:20 Z\n- 2007-06-08 15:35:31.652478 Z\nlock_version: \n- 5\n- 6\n','2007-06-08 15:35:31'),(1021,148,'TaskValue',3,NULL,NULL,'update','--- \nupdated_at: \n- 2007-06-08 15:20:20 Z\n- 2007-06-08 15:35:31.668618 Z\nlock_version: \n- 5\n- 6\n','2007-06-08 15:35:31'),(1022,149,'TaskValue',3,NULL,NULL,'update','--- \nupdated_at: \n- 2007-06-08 15:20:20 Z\n- 2007-06-08 15:35:31.682790 Z\nlock_version: \n- 5\n- 6\n','2007-06-08 15:35:31'),(1023,150,'TaskValue',3,NULL,NULL,'update','--- \nupdated_at: \n- 2007-06-08 15:20:20 Z\n- 2007-06-08 15:35:31.698016 Z\nlock_version: \n- 5\n- 6\n','2007-06-08 15:35:31'),(1024,151,'TaskValue',3,NULL,NULL,'update','--- \nupdated_at: \n- 2007-06-08 15:20:20 Z\n- 2007-06-08 15:35:31.712054 Z\nlock_version: \n- 5\n- 6\n','2007-06-08 15:35:31'),(1025,152,'TaskValue',3,NULL,NULL,'update','--- \nupdated_at: \n- 2007-06-08 15:20:20 Z\n- 2007-06-08 15:35:31.726995 Z\nlock_version: \n- 5\n- 6\n','2007-06-08 15:35:31'),(1026,153,'TaskValue',3,NULL,NULL,'update','--- \nupdated_at: \n- 2007-06-08 15:20:20 Z\n- 2007-06-08 15:35:31.740896 Z\nlock_version: \n- 5\n- 6\n','2007-06-08 15:35:31'),(1027,154,'TaskValue',3,NULL,NULL,'update','--- \nupdated_at: \n- 2007-06-08 15:20:20 Z\n- 2007-06-08 15:35:31.756893 Z\nlock_version: \n- 5\n- 6\n','2007-06-08 15:35:31'),(1028,155,'TaskValue',3,NULL,NULL,'update','--- \nupdated_at: \n- 2007-06-08 15:20:20 Z\n- 2007-06-08 15:35:31.771500 Z\nlock_version: \n- 5\n- 6\n','2007-06-08 15:35:31'),(1029,156,'TaskValue',3,NULL,NULL,'update','--- \nupdated_at: \n- 2007-06-08 15:20:20 Z\n- 2007-06-08 15:35:31.785919 Z\nlock_version: \n- 5\n- 6\n','2007-06-08 15:35:31'),(1030,157,'TaskValue',3,NULL,NULL,'update','--- \nupdated_at: \n- 2007-06-08 15:20:20 Z\n- 2007-06-08 15:35:31.941458 Z\nlock_version: \n- 5\n- 6\n','2007-06-08 15:35:31'),(1031,158,'TaskValue',3,NULL,NULL,'update','--- \nupdated_at: \n- 2007-06-08 15:20:20 Z\n- 2007-06-08 15:35:31.957667 Z\nlock_version: \n- 5\n- 6\n','2007-06-08 15:35:31'),(1032,125,'TaskValue',3,NULL,NULL,'update','--- \nupdated_at: \n- 2007-06-08 15:20:20 Z\n- 2007-06-08 15:35:32.000756 Z\nlock_version: \n- 6\n- 7\n','2007-06-08 15:35:32'),(1033,91,'TaskValue',3,NULL,NULL,'update','--- \nupdated_at: \n- 2007-06-08 15:20:20 Z\n- 2007-06-08 15:35:32.018433 Z\nlock_version: \n- 5\n- 6\n','2007-06-08 15:35:32'),(1034,159,'TaskValue',3,NULL,NULL,'update','--- \nupdated_at: \n- 2007-06-08 15:20:20 Z\n- 2007-06-08 15:35:32.034326 Z\nlock_version: \n- 5\n- 6\n','2007-06-08 15:35:32'),(1035,92,'TaskValue',3,NULL,NULL,'update','--- \nupdated_at: \n- 2007-06-08 15:20:20 Z\n- 2007-06-08 15:35:32.049584 Z\nlock_version: \n- 6\n- 7\n','2007-06-08 15:35:32'),(1036,93,'TaskValue',3,NULL,NULL,'update','--- \nupdated_at: \n- 2007-06-08 15:20:21 Z\n- 2007-06-08 15:35:32.064740 Z\nlock_version: \n- 5\n- 6\n','2007-06-08 15:35:32'),(1037,108,'TaskValue',3,NULL,NULL,'update','--- \nupdated_at: \n- 2007-06-08 15:20:21 Z\n- 2007-06-08 15:35:32.079139 Z\nlock_version: \n- 5\n- 6\n','2007-06-08 15:35:32'),(1038,94,'TaskValue',3,NULL,NULL,'update','--- \nupdated_at: \n- 2007-06-08 15:20:21 Z\n- 2007-06-08 15:35:32.093999 Z\nlock_version: \n- 5\n- 6\n','2007-06-08 15:35:32'),(1039,109,'TaskValue',3,NULL,NULL,'update','--- \nupdated_at: \n- 2007-06-08 15:20:21 Z\n- 2007-06-08 15:35:32.107698 Z\nlock_version: \n- 5\n- 6\n','2007-06-08 15:35:32'),(1040,95,'TaskValue',3,NULL,NULL,'update','--- \nupdated_at: \n- 2007-06-08 15:20:21 Z\n- 2007-06-08 15:35:32.122409 Z\nlock_version: \n- 6\n- 7\n','2007-06-08 15:35:32'),(1041,110,'TaskValue',3,NULL,NULL,'update','--- \nupdated_at: \n- 2007-06-08 15:20:21 Z\n- 2007-06-08 15:35:32.279401 Z\nlock_version: \n- 5\n- 6\n','2007-06-08 15:35:32'),(1042,96,'TaskValue',3,NULL,NULL,'update','--- \nupdated_at: \n- 2007-06-08 15:20:21 Z\n- 2007-06-08 15:35:32.294617 Z\nlock_version: \n- 8\n- 9\n','2007-06-08 15:35:32'),(1043,111,'TaskValue',3,NULL,NULL,'update','--- \nupdated_at: \n- 2007-06-08 15:20:21 Z\n- 2007-06-08 15:35:32.309421 Z\nlock_version: \n- 5\n- 6\n','2007-06-08 15:35:32'),(1044,97,'TaskValue',3,NULL,NULL,'update','--- \nupdated_at: \n- 2007-06-08 15:20:21 Z\n- 2007-06-08 15:35:32.323698 Z\nlock_version: \n- 7\n- 8\n','2007-06-08 15:35:32'),(1045,112,'TaskValue',3,NULL,NULL,'update','--- \nupdated_at: \n- 2007-06-08 15:20:21 Z\n- 2007-06-08 15:35:32.338917 Z\nlock_version: \n- 5\n- 6\n','2007-06-08 15:35:32'),(1046,98,'TaskValue',3,NULL,NULL,'update','--- \nupdated_at: \n- 2007-06-08 15:20:21 Z\n- 2007-06-08 15:35:32.354264 Z\nlock_version: \n- 7\n- 8\n','2007-06-08 15:35:32'),(1047,113,'TaskValue',3,NULL,NULL,'update','--- \nupdated_at: \n- 2007-06-08 15:20:21 Z\n- 2007-06-08 15:35:32.367422 Z\nlock_version: \n- 5\n- 6\n','2007-06-08 15:35:32'),(1048,99,'TaskValue',3,NULL,NULL,'update','--- \nupdated_at: \n- 2007-06-08 15:20:21 Z\n- 2007-06-08 15:35:32.381695 Z\nlock_version: \n- 7\n- 8\n','2007-06-08 15:35:32'),(1049,114,'TaskValue',3,NULL,NULL,'update','--- \nupdated_at: \n- 2007-06-08 15:20:21 Z\n- 2007-06-08 15:35:32.395565 Z\nlock_version: \n- 5\n- 6\n','2007-06-08 15:35:32'),(1050,100,'TaskValue',3,NULL,NULL,'update','--- \nupdated_at: \n- 2007-06-08 15:20:21 Z\n- 2007-06-08 15:35:32.409266 Z\nlock_version: \n- 5\n- 6\n','2007-06-08 15:35:32'),(1051,115,'TaskValue',3,NULL,NULL,'update','--- \nupdated_at: \n- 2007-06-08 15:20:21 Z\n- 2007-06-08 15:35:32.423217 Z\nlock_version: \n- 5\n- 6\n','2007-06-08 15:35:32'),(1052,101,'TaskValue',3,NULL,NULL,'update','--- \nupdated_at: \n- 2007-06-08 15:20:21 Z\n- 2007-06-08 15:35:32.580931 Z\nlock_version: \n- 5\n- 6\n','2007-06-08 15:35:32'),(1053,116,'TaskValue',3,NULL,NULL,'update','--- \nupdated_at: \n- 2007-06-08 15:20:21 Z\n- 2007-06-08 15:35:32.595415 Z\nlock_version: \n- 5\n- 6\n','2007-06-08 15:35:32'),(1054,102,'TaskValue',3,NULL,NULL,'update','--- \nupdated_at: \n- 2007-06-08 15:20:21 Z\n- 2007-06-08 15:35:32.610347 Z\nlock_version: \n- 5\n- 6\n','2007-06-08 15:35:32'),(1055,117,'TaskValue',3,NULL,NULL,'update','--- \nupdated_at: \n- 2007-06-08 15:20:21 Z\n- 2007-06-08 15:35:32.625073 Z\nlock_version: \n- 5\n- 6\n','2007-06-08 15:35:32'),(1056,103,'TaskValue',3,NULL,NULL,'update','--- \nupdated_at: \n- 2007-06-08 15:20:21 Z\n- 2007-06-08 15:35:32.640518 Z\nlock_version: \n- 5\n- 6\n','2007-06-08 15:35:32'),(1057,118,'TaskValue',3,NULL,NULL,'update','--- \nupdated_at: \n- 2007-06-08 15:20:21 Z\n- 2007-06-08 15:35:32.655601 Z\nlock_version: \n- 5\n- 6\n','2007-06-08 15:35:32'),(1058,104,'TaskValue',3,NULL,NULL,'update','--- \nupdated_at: \n- 2007-06-08 15:20:21 Z\n- 2007-06-08 15:35:32.670254 Z\nlock_version: \n- 5\n- 6\n','2007-06-08 15:35:32'),(1059,119,'TaskValue',3,NULL,NULL,'update','--- \nupdated_at: \n- 2007-06-08 15:20:21 Z\n- 2007-06-08 15:35:32.683769 Z\nlock_version: \n- 5\n- 6\n','2007-06-08 15:35:32'),(1060,105,'TaskValue',3,NULL,NULL,'update','--- \nupdated_at: \n- 2007-06-08 15:20:21 Z\n- 2007-06-08 15:35:32.698014 Z\nlock_version: \n- 5\n- 6\n','2007-06-08 15:35:32'),(1061,120,'TaskValue',3,NULL,NULL,'update','--- \nupdated_at: \n- 2007-06-08 15:20:21 Z\n- 2007-06-08 15:35:32.711143 Z\nlock_version: \n- 6\n- 7\n','2007-06-08 15:35:32'),(1062,106,'TaskValue',3,NULL,NULL,'update','--- \nupdated_at: \n- 2007-06-08 15:20:21 Z\n- 2007-06-08 15:35:32.726099 Z\nlock_version: \n- 5\n- 6\n','2007-06-08 15:35:32'),(1063,121,'TaskValue',3,NULL,NULL,'update','--- \nupdated_at: \n- 2007-06-08 15:20:21 Z\n- 2007-06-08 15:35:32.954648 Z\nlock_version: \n- 5\n- 6\n','2007-06-08 15:35:32'),(1064,123,'TaskValue',3,NULL,NULL,'update','--- \nupdated_at: \n- 2007-06-08 15:20:21 Z\n- 2007-06-08 15:35:32.969895 Z\nlock_version: \n- 5\n- 6\n','2007-06-08 15:35:32'),(1065,122,'TaskValue',3,NULL,NULL,'update','--- \nupdated_at: \n- 2007-06-08 15:20:21 Z\n- 2007-06-08 15:35:32.985347 Z\nlock_version: \n- 5\n- 6\n','2007-06-08 15:35:32'),(1066,3,'Study',3,NULL,NULL,'create','--- \nname: \n- \"\"\n- Screening\nproject_id: \n- \n- 13\npurpose: \n- \n- demo\nupdated_at: \n- \n- 2007-06-08 15:46:30.718915 Z\nlock_version: \n- 0\n- 2\nupdated_by_user_id: \n- 1\n- 3\nexpected_at: \n- \n- 2007-06-30 00:00:00 Z\nid: \n- \n- 3\ndescription: \n- \n- Demo Study\ncreated_by_user_id: \n- 1\n- 3\nresearch_area: \n- \n- demo\ncreated_at: \n- \n- 2007-06-06 18:18:49 Z\nstarted_at: \n- \n- 2007-06-06 00:00:00 Z\n','2007-06-08 15:46:30'),(1067,26,'StudyParameter',3,NULL,NULL,'create','--- \nname: \n- \n- Count\ndefault_value: \n- \n- \"1\"\ndisplay_unit: \n- \n- count\nparameter_type_id: \n- \n- 2\nparameter_role_id: \n- \n- 1\ndata_format_id: \n- \n- 8\ndata_type_id: \n- \n- 2\nupdated_by_user_id: \n- 1\n- 3\nid: \n- \n- 26\nstudy_id: \n- 1\n- 3\ndescription: \n- \"\"\n- Number of Wells\ncreated_by_user_id: \n- 1\n- 3\n','2007-06-08 15:46:31'),(1068,27,'StudyParameter',3,NULL,NULL,'create','--- \nname: \n- \n- URL\nparameter_type_id: \n- \n- 11\nparameter_role_id: \n- \n- 3\ndata_format_id: \n- \n- 24\ndata_type_id: \n- \n- 6\nupdated_by_user_id: \n- 1\n- 3\nid: \n- \n- 27\nstudy_id: \n- 1\n- 3\ndescription: \n- \"\"\n- Url\ncreated_by_user_id: \n- 1\n- 3\n','2007-06-08 15:46:31'),(1069,28,'StudyParameter',3,NULL,NULL,'create','--- \nname: \n- \n- CPM\ndisplay_unit: \n- \n- cpm\nparameter_type_id: \n- \n- 8\nparameter_role_id: \n- \n- 4\ndata_format_id: \n- \n- 11\ndata_type_id: \n- \n- 2\nupdated_by_user_id: \n- 1\n- 3\nid: \n- \n- 28\nstudy_id: \n- 1\n- 3\ndescription: \n- \"\"\n- Count per minute\ncreated_by_user_id: \n- 1\n- 3\n','2007-06-08 15:46:31'),(1070,29,'StudyParameter',3,NULL,NULL,'create','--- \nname: \n- \n- Inhibition\ndisplay_unit: \n- \n- uM\nparameter_type_id: \n- \n- 3\nparameter_role_id: \n- \n- 6\ndata_format_id: \n- \n- 4\ndata_type_id: \n- \n- 2\nupdated_by_user_id: \n- 1\n- 3\nid: \n- \n- 29\nstudy_id: \n- 1\n- 3\ndescription: \n- \"\"\n- Inhibition\ncreated_by_user_id: \n- 1\n- 3\n','2007-06-08 15:46:31'),(1071,30,'StudyParameter',3,NULL,NULL,'create','--- \nname: \n- \n- Label\nparameter_type_id: \n- \n- 4\nparameter_role_id: \n- \n- 6\ndata_format_id: \n- \n- 1\ndata_type_id: \n- \n- 1\nupdated_by_user_id: \n- 1\n- 3\nid: \n- \n- 30\nstudy_id: \n- 1\n- 3\ndescription: \n- \"\"\n- Sample Label\ncreated_by_user_id: \n- 1\n- 3\n','2007-06-08 15:46:31'),(1072,31,'StudyParameter',3,NULL,NULL,'create','--- \nname: \n- \n- Compound\nparameter_type_id: \n- \n- 5\nparameter_role_id: \n- \n- 6\ndata_type_id: \n- \n- 5\nupdated_by_user_id: \n- 1\n- 3\nid: \n- \n- 31\nstudy_id: \n- 1\n- 3\ndescription: \n- \"\"\n- Compound lookup\ncreated_by_user_id: \n- 1\n- 3\ndata_element_id: \n- \n- 35\n','2007-06-08 15:46:32'),(1073,32,'StudyParameter',3,NULL,NULL,'create','--- \nname: \n- \n- FromTask\nparameter_type_id: \n- \n- 7\nparameter_role_id: \n- \n- 6\ndata_type_id: \n- \n- 5\nupdated_by_user_id: \n- 1\n- 3\nid: \n- \n- 32\nstudy_id: \n- 1\n- 3\ndescription: \n- \"\"\n- Source Task for this subject\ncreated_by_user_id: \n- 1\n- 3\ndata_element_id: \n- \n- 33\n','2007-06-08 15:46:32'),(1074,33,'StudyParameter',3,NULL,NULL,'create','--- \nname: \n- \n- Delta\ndefault_value: \n- \n- \"0\"\ndisplay_unit: \n- \n- min\nparameter_type_id: \n- \n- 9\nparameter_role_id: \n- \n- 6\ndata_format_id: \n- \n- 4\ndata_type_id: \n- \n- 2\nupdated_by_user_id: \n- 1\n- 3\nid: \n- \n- 33\nstudy_id: \n- 1\n- 3\ndescription: \n- \"\"\n- Delta from start of run\ncreated_by_user_id: \n- 1\n- 3\n','2007-06-08 15:46:32'),(1075,3,'StudyQueue',3,NULL,NULL,'create','--- \nname: \n- \"\"\n- Todo\nstudy_stage_id: \n- \n- 5\nupdated_at: \n- \n- 2007-06-08 15:46:33.030527 Z\nlock_version: \n- 0\n- 2\nupdated_by_user_id: \n- 1\n- 3\nid: \n- \n- 3\nstudy_id: \n- \n- 3\ndescription: \n- \n- Compounds to process\nassigned_to_user_id: \n- 1\n- 3\nstudy_parameter_id: \n- \n- 31\ncreated_by_user_id: \n- 1\n- 3\ncreated_at: \n- \n- 2007-06-06 20:31:48 Z\n','2007-06-08 15:46:33'),(1076,3,'StudyQueue',3,NULL,NULL,'update','--- \nupdated_at: \n- 2007-06-08 15:46:33.030527 Z\n- 2007-06-08 15:46:33.233682 Z\nlock_version: \n- 2\n- 3\n','2007-06-08 15:46:33'),(1077,4,'StudyProtocol',3,NULL,NULL,'create','--- \nstudy_stage_id: \n- 1\n- 5\nname: \n- \"\"\n- Prot-19\nupdated_at: \n- \n- 2007-06-08 15:46:33.530696 Z\nprotocol_status: \n- \n- \"44\"\nlock_version: \n- 0\n- 1\nupdated_by_user_id: \n- 1\n- 3\nid: \n- \n- 4\nprotocol_catagory: \n- \n- \"48\"\nstudy_id: \n- \n- 3\ndescription: \n- \n- new protocol created for study Demo_Study\ncreated_by_user_id: \n- 1\n- 3\ncurrent_process_id: \n- \n- 1\ncreated_at: \n- \n- 2007-06-06 22:14:07 Z\n','2007-06-08 15:46:33'),(1078,6,'ProtocolVersion',3,NULL,NULL,'create','--- \nname: \n- \n- Prot-19:1\nupdated_at: \n- \n- 2007-06-08 15:46:33.815821 Z\nlock_version: \n- 0\n- 1\nupdated_by_user_id: \n- 1\n- 3\nstudy_protocol_id: \n- \n- 4\nid: \n- \n- 6\nversion: \n- \n- 1\ncreated_by_user_id: \n- 1\n- 3\ncreated_at: \n- \n- 2000-01-01 22:14:07 Z\n','2007-06-08 15:46:33'),(1079,42,'Parameter',3,NULL,NULL,'create','--- \nname: \n- \n- Compound\nparameter_context_id: \n- \n- 12\nupdated_at: \n- \n- 2007-06-08 15:46:34.483771 Z\nprotocol_version_id: \n- \n- 6\ncolumn_no: \n- \n- 1\nparameter_type_id: \n- \n- 5\nparameter_role_id: \n- \n- 6\nlock_version: \n- 0\n- 5\ndata_type_id: \n- \n- 5\nupdated_by_user_id: \n- 1\n- 3\nid: \n- \n- 42\ndescription: \n- \n- Queue:Todo  [condition/Compound]\nstudy_parameter_id: \n- \n- 31\nsequence_num: \n- \n- 0\ncreated_by_user_id: \n- 1\n- 3\ndata_element_id: \n- \n- 35\ncreated_at: \n- \n- 2007-06-06 22:16:00 Z\n','2007-06-08 15:46:34'),(1080,42,'Parameter',3,NULL,NULL,'update','--- \nupdated_at: \n- 2007-06-08 15:46:34.483771 Z\n- 2007-06-08 15:46:34.689231 Z\nlock_version: \n- 5\n- 6\n','2007-06-08 15:46:34'),(1081,43,'Parameter',3,NULL,NULL,'create','--- \nname: \n- \n- Count\nparameter_context_id: \n- \n- 12\ndisplay_unit: \n- \n- count\nupdated_at: \n- \n- 2007-06-08 15:46:35.306050 Z\ndefault_value: \n- \n- \"1\"\nprotocol_version_id: \n- \n- 6\ncolumn_no: \n- \n- 2\nparameter_type_id: \n- \n- 2\ndata_format_id: \n- \n- 8\nparameter_role_id: \n- \n- 1\nlock_version: \n- 0\n- 11\ndata_type_id: \n- \n- 2\nupdated_by_user_id: \n- 1\n- 3\nid: \n- \n- 43\ndescription: \n- \n- Parameter   [observation/Count]\nstudy_parameter_id: \n- \n- 26\nsequence_num: \n- \n- 0\ncreated_by_user_id: \n- 1\n- 3\ncreated_at: \n- \n- 2007-06-06 22:14:18 Z\n','2007-06-08 15:46:35'),(1082,43,'Parameter',3,NULL,NULL,'update','--- \nupdated_at: \n- 2007-06-08 15:46:35.306050 Z\n- 2007-06-08 15:46:35.340616 Z\nlock_version: \n- 11\n- 12\n','2007-06-08 15:46:35'),(1083,44,'Parameter',3,NULL,NULL,'create','--- \nname: \n- \n- Delta\nparameter_context_id: \n- \n- 12\ndisplay_unit: \n- \n- min\nupdated_at: \n- \n- 2007-06-08 15:46:35.959473 Z\ndefault_value: \n- \n- \"0\"\nprotocol_version_id: \n- \n- 6\ncolumn_no: \n- \n- 3\nparameter_type_id: \n- \n- 9\ndata_format_id: \n- \n- 4\nparameter_role_id: \n- \n- 6\nlock_version: \n- 0\n- 12\ndata_type_id: \n- \n- 2\nupdated_by_user_id: \n- 1\n- 3\nid: \n- \n- 44\ndescription: \n- \n- Parameter   [condition/Duration]\nstudy_parameter_id: \n- \n- 33\nsequence_num: \n- \n- 0\ncreated_by_user_id: \n- 1\n- 3\ncreated_at: \n- \n- 2007-06-06 22:14:45 Z\n','2007-06-08 15:46:35'),(1084,44,'Parameter',3,NULL,NULL,'update','--- \nupdated_at: \n- 2007-06-08 15:46:35.959473 Z\n- 2007-06-08 15:46:36.164749 Z\nlock_version: \n- 12\n- 13\n','2007-06-08 15:46:36'),(1085,45,'Parameter',3,NULL,NULL,'create','--- \nname: \n- \n- Inhibition\nparameter_context_id: \n- \n- 12\ndisplay_unit: \n- \n- uM\nupdated_at: \n- \n- 2007-06-08 15:46:36.771225 Z\nprotocol_version_id: \n- \n- 6\ncolumn_no: \n- \n- 4\nparameter_type_id: \n- \n- 3\ndata_format_id: \n- \n- 4\nparameter_role_id: \n- \n- 6\nlock_version: \n- 0\n- 12\ndata_type_id: \n- \n- 2\nupdated_by_user_id: \n- 1\n- 3\nid: \n- \n- 45\ndescription: \n- \n- Parameter   [condition/Inhibition]\nstudy_parameter_id: \n- \n- 29\nsequence_num: \n- \n- 0\ncreated_by_user_id: \n- 1\n- 3\ncreated_at: \n- \n- 2007-06-06 22:14:49 Z\n','2007-06-08 15:46:36'),(1086,45,'Parameter',3,NULL,NULL,'update','--- \nupdated_at: \n- 2007-06-08 15:46:36.771225 Z\n- 2007-06-08 15:46:36.807797 Z\nlock_version: \n- 12\n- 13\n','2007-06-08 15:46:36'),(1087,6,'ProtocolVersion',3,NULL,NULL,'update','--- \nupdated_at: \n- 2007-06-08 15:46:33.815821 Z\n- 2007-06-08 15:46:36.835037 Z\nlock_version: \n- 1\n- 2\n','2007-06-08 15:46:36'),(1088,17,'ProjectElement',3,NULL,NULL,'create','--- \nname: \n- \"\"\n- Screening\nproject_id: \n- \n- 13\nupdated_at: \n- \n- &id001 2007-06-08 15:46:37.223500 Z\ntype: \n- ProjectElement\n- ProjectFolder\nupdated_by_user_id: \n- 1\n- 3\nid: \n- \n- 17\nreference_type: \n- \n- Study\nreference_id: \n- \n- 3\ncreated_by_user_id: \n- 1\n- 3\nposition: \n- 1\n- 3\nparent_id: \n- \n- 5\ncreated_at: \n- \n- *id001\n','2007-06-08 15:46:37'),(1089,17,'ProjectElement',3,NULL,NULL,'update','--- \nupdated_at: \n- 2007-06-08 15:46:37.223500 Z\n- 2007-06-08 15:46:37.412845 Z\nlock_version: \n- 0\n- 1\n','2007-06-08 15:46:37'),(1090,18,'ProjectElement',3,NULL,NULL,'create','--- \nname: \n- \"\"\n- Prot-19\nproject_id: \n- \n- 13\nupdated_at: \n- \n- &id001 2007-06-08 15:46:37.439122 Z\ntype: \n- ProjectElement\n- ProjectFolder\nupdated_by_user_id: \n- 1\n- 3\nid: \n- \n- 18\nreference_type: \n- \n- StudyProtocol\nreference_id: \n- \n- 4\ncreated_by_user_id: \n- 1\n- 3\nposition: \n- 1\n- 0\nparent_id: \n- \n- 17\ncreated_at: \n- \n- *id001\n','2007-06-08 15:46:37'),(1091,18,'ProjectElement',3,NULL,NULL,'update','--- \nupdated_at: \n- 2007-06-08 15:46:37.439122 Z\n- 2007-06-08 15:46:37.467108 Z\nlock_version: \n- 0\n- 1\n','2007-06-08 15:46:37'),(1092,4,'StudyProtocol',3,NULL,NULL,'update','--- \nupdated_at: \n- 2007-06-08 15:46:33.530696 Z\n- 2007-06-08 15:46:36.853897 Z\nlock_version: \n- 1\n- 2\n','2007-06-08 15:46:37'),(1093,5,'StudyProtocol',3,NULL,NULL,'create','--- \nstudy_stage_id: \n- 1\n- 5\nname: \n- \"\"\n- Prot-20\nupdated_at: \n- \n- 2007-06-08 15:46:37.896333 Z\nprotocol_status: \n- \n- \"44\"\nlock_version: \n- 0\n- 1\nupdated_by_user_id: \n- 1\n- 3\nid: \n- \n- 5\nprotocol_catagory: \n- \n- \"49\"\nstudy_id: \n- \n- 3\ndescription: \n- \n- new protocol created for study Demo_Study\ncreated_by_user_id: \n- 1\n- 3\ncurrent_process_id: \n- \n- 2\ncreated_at: \n- \n- 2007-06-06 22:17:23 Z\n','2007-06-08 15:46:37'),(1094,7,'ProtocolVersion',3,NULL,NULL,'create','--- \nname: \n- \n- Prot-20:1\nupdated_at: \n- \n- 2007-06-08 15:46:37.969301 Z\nlock_version: \n- 0\n- 1\nupdated_by_user_id: \n- 1\n- 3\nstudy_protocol_id: \n- \n- 5\nid: \n- \n- 7\nversion: \n- \n- 1\ncreated_by_user_id: \n- 1\n- 3\ncreated_at: \n- \n- 2000-01-01 22:17:24 Z\n','2007-06-08 15:46:37'),(1095,7,'ProtocolVersion',3,NULL,NULL,'update','--- \nupdated_at: \n- 2007-06-08 15:46:37.969301 Z\n- 2007-06-08 15:46:38.172628 Z\nlock_version: \n- 1\n- 2\n','2007-06-08 15:46:38'),(1096,19,'ProjectElement',3,NULL,NULL,'create','--- \nname: \n- \"\"\n- Prot-20\nproject_id: \n- \n- 13\nupdated_at: \n- \n- &id001 2007-06-08 15:46:38.251527 Z\ntype: \n- ProjectElement\n- ProjectFolder\nupdated_by_user_id: \n- 1\n- 3\nid: \n- \n- 19\nreference_type: \n- \n- StudyProtocol\nreference_id: \n- \n- 5\ncreated_by_user_id: \n- 1\n- 3\nparent_id: \n- \n- 17\ncreated_at: \n- \n- *id001\n','2007-06-08 15:46:38'),(1097,19,'ProjectElement',3,NULL,NULL,'update','--- \nupdated_at: \n- 2007-06-08 15:46:38.251527 Z\n- 2007-06-08 15:46:38.278367 Z\nlock_version: \n- 0\n- 1\n','2007-06-08 15:46:38'),(1098,5,'StudyProtocol',3,NULL,NULL,'update','--- \nupdated_at: \n- 2007-06-08 15:46:37.896333 Z\n- 2007-06-08 15:46:38.187444 Z\nlock_version: \n- 1\n- 2\n','2007-06-08 15:46:38'),(1099,3,'Study',3,NULL,NULL,'update','--- \nupdated_at: \n- 2007-06-08 15:46:30.718915 Z\n- 2007-06-08 15:46:38.461982 Z\nlock_version: \n- 2\n- 3\n','2007-06-08 15:46:38'),(1100,9,'ProjectElement',3,NULL,NULL,'update','--- \nname: \n- Demo1\n- Profiling\nupdated_at: \n- 2007-06-07 14:37:27 Z\n- 2007-06-08 15:47:29.092857 Z\nlock_version: \n- 1\n- 2\n','2007-06-08 15:47:29'),(1101,1,'Study',3,NULL,NULL,'update','--- \nname: \n- Demo1\n- Profiling\nupdated_at: \n- 2007-06-06 18:18:49 Z\n- 2007-06-08 15:47:29.084336 Z\nlock_version: \n- 1\n- 2\nresearch_area: \n- demo\n- \"\"\n','2007-06-08 15:47:29'),(1102,1,'Study',3,NULL,NULL,'update','--- \nupdated_at: \n- 2007-06-08 15:47:29.084336 Z\n- 2007-06-08 15:47:29.177587 Z\nlock_version: \n- 2\n- 3\n','2007-06-08 15:47:29'),(1103,2,'StudyProtocol',3,NULL,NULL,'update','--- \nupdated_at: \n- 2007-06-06 22:17:24 Z\n- 2007-06-08 16:25:25.476903 Z\nlock_version: \n- 1\n- 2\n','2007-06-08 16:25:25'),(1104,3,'Task',3,NULL,NULL,'update','--- \nupdated_at: \n- 2007-06-08 15:35:30 Z\n- 2007-06-08 19:34:58.454449 Z\nlock_version: \n- 6\n- 7\n','2007-06-08 19:34:58'),(1105,4,'TaskReference',3,NULL,NULL,'update','--- \ndata_name: \n- AB00105\n- AB00111\nupdated_at: \n- 2007-06-08 11:07:27 Z\n- 2007-06-08 19:34:58.703277 Z\nlock_version: \n- 0\n- 1\ndata_id: \n- 105\n- 111\n','2007-06-08 19:34:58'),(1106,126,'TaskValue',3,NULL,NULL,'update','--- \nupdated_at: \n- 2007-06-08 15:35:31 Z\n- 2007-06-08 19:34:58.732195 Z\nlock_version: \n- 8\n- 9\n','2007-06-08 19:34:58'),(1107,127,'TaskValue',3,NULL,NULL,'update','--- \nupdated_at: \n- 2007-06-08 15:35:31 Z\n- 2007-06-08 19:34:58.745923 Z\nlock_version: \n- 6\n- 7\n','2007-06-08 19:34:58'),(1108,160,'TaskValue',3,NULL,NULL,'create','--- \nstorage_unit: \n- \n- \"\"\ndisplay_unit: \n- \n- \"\"\nupdated_at: \n- \n- &id001 2007-06-08 19:34:58.756303 Z\ntask_id: \n- \n- 3\nupdated_by_user_id: \n- 1\n- 3\ntask_context_id: \n- \n- 57\nid: \n- \n- 160\nparameter_id: \n- \n- 28\ncreated_by_user_id: \n- 1\n- 3\ndata_value: \n- \n- 1.0\ncreated_at: \n- \n- *id001\n','2007-06-08 19:34:58'),(1109,128,'TaskValue',3,NULL,NULL,'update','--- \nupdated_at: \n- 2007-06-08 15:35:31 Z\n- 2007-06-08 19:34:58.775060 Z\nlock_version: \n- 6\n- 7\n','2007-06-08 19:34:58'),(1110,129,'TaskValue',3,NULL,NULL,'update','--- \nupdated_at: \n- 2007-06-08 15:35:31 Z\n- 2007-06-08 19:34:58.787670 Z\nlock_version: \n- 6\n- 7\n','2007-06-08 19:34:58'),(1111,161,'TaskValue',3,NULL,NULL,'create','--- \nstorage_unit: \n- \n- \"\"\ndisplay_unit: \n- \n- \"\"\nupdated_at: \n- \n- &id001 2007-06-08 19:34:58.967017 Z\ntask_id: \n- \n- 3\nupdated_by_user_id: \n- 1\n- 3\ntask_context_id: \n- \n- 58\nid: \n- \n- 161\nparameter_id: \n- \n- 28\ncreated_by_user_id: \n- 1\n- 3\ndata_value: \n- \n- 2.0\ncreated_at: \n- \n- *id001\n','2007-06-08 19:34:58'),(1112,130,'TaskValue',3,NULL,NULL,'update','--- \nupdated_at: \n- 2007-06-08 15:35:31 Z\n- 2007-06-08 19:34:58.988440 Z\nlock_version: \n- 6\n- 7\n','2007-06-08 19:34:58'),(1113,131,'TaskValue',3,NULL,NULL,'update','--- \nupdated_at: \n- 2007-06-08 15:35:31 Z\n- 2007-06-08 19:34:59.001653 Z\nlock_version: \n- 6\n- 7\n','2007-06-08 19:34:59'),(1114,162,'TaskValue',3,NULL,NULL,'create','--- \nstorage_unit: \n- \n- \"\"\ndisplay_unit: \n- \n- \"\"\nupdated_at: \n- \n- &id001 2007-06-08 19:34:59.013381 Z\ntask_id: \n- \n- 3\nupdated_by_user_id: \n- 1\n- 3\ntask_context_id: \n- \n- 59\nid: \n- \n- 162\nparameter_id: \n- \n- 28\ncreated_by_user_id: \n- 1\n- 3\ndata_value: \n- \n- 4.0\ncreated_at: \n- \n- *id001\n','2007-06-08 19:34:59'),(1115,132,'TaskValue',3,NULL,NULL,'update','--- \nupdated_at: \n- 2007-06-08 15:35:31 Z\n- 2007-06-08 19:34:59.031106 Z\nlock_version: \n- 6\n- 7\n','2007-06-08 19:34:59'),(1116,133,'TaskValue',3,NULL,NULL,'update','--- \nupdated_at: \n- 2007-06-08 15:35:31 Z\n- 2007-06-08 19:34:59.044393 Z\nlock_version: \n- 6\n- 7\n','2007-06-08 19:34:59'),(1117,163,'TaskValue',3,NULL,NULL,'create','--- \nstorage_unit: \n- \n- \"\"\ndisplay_unit: \n- \n- \"\"\nupdated_at: \n- \n- &id001 2007-06-08 19:34:59.054767 Z\ntask_id: \n- \n- 3\nupdated_by_user_id: \n- 1\n- 3\ntask_context_id: \n- \n- 60\nid: \n- \n- 163\nparameter_id: \n- \n- 28\ncreated_by_user_id: \n- 1\n- 3\ndata_value: \n- \n- 8.0\ncreated_at: \n- \n- *id001\n','2007-06-08 19:34:59'),(1118,134,'TaskValue',3,NULL,NULL,'update','--- \nupdated_at: \n- 2007-06-08 15:35:31 Z\n- 2007-06-08 19:34:59.246977 Z\nlock_version: \n- 6\n- 7\n','2007-06-08 19:34:59'),(1119,135,'TaskValue',3,NULL,NULL,'update','--- \nupdated_at: \n- 2007-06-08 15:35:31 Z\n- 2007-06-08 19:34:59.261037 Z\nlock_version: \n- 6\n- 7\n','2007-06-08 19:34:59'),(1120,164,'TaskValue',3,NULL,NULL,'create','--- \nstorage_unit: \n- \n- \"\"\ndisplay_unit: \n- \n- \"\"\nupdated_at: \n- \n- &id001 2007-06-08 19:34:59.272320 Z\ntask_id: \n- \n- 3\nupdated_by_user_id: \n- 1\n- 3\ntask_context_id: \n- \n- 61\nid: \n- \n- 164\nparameter_id: \n- \n- 28\ncreated_by_user_id: \n- 1\n- 3\ndata_value: \n- \n- 16.0\ncreated_at: \n- \n- *id001\n','2007-06-08 19:34:59'),(1121,136,'TaskValue',3,NULL,NULL,'update','--- \nupdated_at: \n- 2007-06-08 15:35:31 Z\n- 2007-06-08 19:34:59.290464 Z\nlock_version: \n- 6\n- 7\n','2007-06-08 19:34:59'),(1122,137,'TaskValue',3,NULL,NULL,'update','--- \nupdated_at: \n- 2007-06-08 15:35:31 Z\n- 2007-06-08 19:34:59.304478 Z\nlock_version: \n- 6\n- 7\n','2007-06-08 19:34:59'),(1123,165,'TaskValue',3,NULL,NULL,'create','--- \nstorage_unit: \n- \n- \"\"\ndisplay_unit: \n- \n- \"\"\nupdated_at: \n- \n- &id001 2007-06-08 19:34:59.316007 Z\ntask_id: \n- \n- 3\nupdated_by_user_id: \n- 1\n- 3\ntask_context_id: \n- \n- 62\nid: \n- \n- 165\nparameter_id: \n- \n- 28\ncreated_by_user_id: \n- 1\n- 3\ndata_value: \n- \n- 32.0\ncreated_at: \n- \n- *id001\n','2007-06-08 19:34:59'),(1124,138,'TaskValue',3,NULL,NULL,'update','--- \nupdated_at: \n- 2007-06-08 15:35:31 Z\n- 2007-06-08 19:34:59.333350 Z\nlock_version: \n- 6\n- 7\n','2007-06-08 19:34:59'),(1125,139,'TaskValue',3,NULL,NULL,'update','--- \nupdated_at: \n- 2007-06-08 15:35:31 Z\n- 2007-06-08 19:34:59.346432 Z\nlock_version: \n- 6\n- 7\n','2007-06-08 19:34:59'),(1126,166,'TaskValue',3,NULL,NULL,'create','--- \nstorage_unit: \n- \n- \"\"\ndisplay_unit: \n- \n- \"\"\nupdated_at: \n- \n- &id001 2007-06-08 19:34:59.357290 Z\ntask_id: \n- \n- 3\nupdated_by_user_id: \n- 1\n- 3\ntask_context_id: \n- \n- 63\nid: \n- \n- 166\nparameter_id: \n- \n- 28\ncreated_by_user_id: \n- 1\n- 3\ndata_value: \n- \n- 64.0\ncreated_at: \n- \n- *id001\n','2007-06-08 19:34:59'),(1127,140,'TaskValue',3,NULL,NULL,'update','--- \nupdated_at: \n- 2007-06-08 15:35:31 Z\n- 2007-06-08 19:34:59.517186 Z\nlock_version: \n- 6\n- 7\n','2007-06-08 19:34:59'),(1128,141,'TaskValue',3,NULL,NULL,'update','--- \nupdated_at: \n- 2007-06-08 15:35:31 Z\n- 2007-06-08 19:34:59.530542 Z\nlock_version: \n- 6\n- 7\n','2007-06-08 19:34:59'),(1129,167,'TaskValue',3,NULL,NULL,'create','--- \nstorage_unit: \n- \n- \"\"\ndisplay_unit: \n- \n- \"\"\nupdated_at: \n- \n- &id001 2007-06-08 19:34:59.541196 Z\ntask_id: \n- \n- 3\nupdated_by_user_id: \n- 1\n- 3\ntask_context_id: \n- \n- 64\nid: \n- \n- 167\nparameter_id: \n- \n- 28\ncreated_by_user_id: \n- 1\n- 3\ndata_value: \n- \n- 128.0\ncreated_at: \n- \n- *id001\n','2007-06-08 19:34:59'),(1130,142,'TaskValue',3,NULL,NULL,'update','--- \nupdated_at: \n- 2007-06-08 15:35:31 Z\n- 2007-06-08 19:34:59.559512 Z\nlock_version: \n- 6\n- 7\n','2007-06-08 19:34:59'),(1131,143,'TaskValue',3,NULL,NULL,'update','--- \nupdated_at: \n- 2007-06-08 15:35:31 Z\n- 2007-06-08 19:34:59.572528 Z\nlock_version: \n- 6\n- 7\n','2007-06-08 19:34:59'),(1132,168,'TaskValue',3,NULL,NULL,'create','--- \nstorage_unit: \n- \n- \"\"\ndisplay_unit: \n- \n- \"\"\nupdated_at: \n- \n- &id001 2007-06-08 19:34:59.583025 Z\ntask_id: \n- \n- 3\nupdated_by_user_id: \n- 1\n- 3\ntask_context_id: \n- \n- 65\nid: \n- \n- 168\nparameter_id: \n- \n- 28\ncreated_by_user_id: \n- 1\n- 3\ndata_value: \n- \n- 256.0\ncreated_at: \n- \n- *id001\n','2007-06-08 19:34:59'),(1133,144,'TaskValue',3,NULL,NULL,'update','--- \nupdated_at: \n- 2007-06-08 15:35:31 Z\n- 2007-06-08 19:34:59.600184 Z\nlock_version: \n- 6\n- 7\n','2007-06-08 19:34:59'),(1134,145,'TaskValue',3,NULL,NULL,'update','--- \nupdated_at: \n- 2007-06-08 15:35:31 Z\n- 2007-06-08 19:34:59.755049 Z\nlock_version: \n- 6\n- 7\n','2007-06-08 19:34:59'),(1135,169,'TaskValue',3,NULL,NULL,'create','--- \nstorage_unit: \n- \n- \"\"\ndisplay_unit: \n- \n- \"\"\nupdated_at: \n- \n- &id001 2007-06-08 19:34:59.766250 Z\ntask_id: \n- \n- 3\nupdated_by_user_id: \n- 1\n- 3\ntask_context_id: \n- \n- 66\nid: \n- \n- 169\nparameter_id: \n- \n- 28\ncreated_by_user_id: \n- 1\n- 3\ndata_value: \n- \n- 512.0\ncreated_at: \n- \n- *id001\n','2007-06-08 19:34:59'),(1136,146,'TaskValue',3,NULL,NULL,'update','--- \nupdated_at: \n- 2007-06-08 15:35:31 Z\n- 2007-06-08 19:34:59.784758 Z\nlock_version: \n- 6\n- 7\n','2007-06-08 19:34:59'),(1137,147,'TaskValue',3,NULL,NULL,'update','--- \nupdated_at: \n- 2007-06-08 15:35:31 Z\n- 2007-06-08 19:34:59.797905 Z\nlock_version: \n- 6\n- 7\n','2007-06-08 19:34:59'),(1138,170,'TaskValue',3,NULL,NULL,'create','--- \nstorage_unit: \n- \n- \"\"\ndisplay_unit: \n- \n- \"\"\nupdated_at: \n- \n- &id001 2007-06-08 19:34:59.808666 Z\ntask_id: \n- \n- 3\nupdated_by_user_id: \n- 1\n- 3\ntask_context_id: \n- \n- 67\nid: \n- \n- 170\nparameter_id: \n- \n- 28\ncreated_by_user_id: \n- 1\n- 3\ndata_value: \n- \n- 1024.0\ncreated_at: \n- \n- *id001\n','2007-06-08 19:34:59'),(1139,148,'TaskValue',3,NULL,NULL,'update','--- \nupdated_at: \n- 2007-06-08 15:35:31 Z\n- 2007-06-08 19:34:59.826624 Z\nlock_version: \n- 6\n- 7\n','2007-06-08 19:34:59'),(1140,149,'TaskValue',3,NULL,NULL,'update','--- \nupdated_at: \n- 2007-06-08 15:35:31 Z\n- 2007-06-08 19:34:59.839688 Z\nlock_version: \n- 6\n- 7\n','2007-06-08 19:34:59'),(1141,171,'TaskValue',3,NULL,NULL,'create','--- \nstorage_unit: \n- \n- \"\"\ndisplay_unit: \n- \n- \"\"\nupdated_at: \n- \n- &id001 2007-06-08 19:34:59.850136 Z\ntask_id: \n- \n- 3\nupdated_by_user_id: \n- 1\n- 3\ntask_context_id: \n- \n- 68\nid: \n- \n- 171\nparameter_id: \n- \n- 28\ncreated_by_user_id: \n- 1\n- 3\ndata_value: \n- \n- 2048.0\ncreated_at: \n- \n- *id001\n','2007-06-08 19:34:59'),(1142,150,'TaskValue',3,NULL,NULL,'update','--- \nupdated_at: \n- 2007-06-08 15:35:31 Z\n- 2007-06-08 19:35:00.028034 Z\nlock_version: \n- 6\n- 7\n','2007-06-08 19:35:00'),(1143,151,'TaskValue',3,NULL,NULL,'update','--- \nupdated_at: \n- 2007-06-08 15:35:31 Z\n- 2007-06-08 19:35:00.049733 Z\nlock_version: \n- 6\n- 7\n','2007-06-08 19:35:00'),(1144,172,'TaskValue',3,NULL,NULL,'create','--- \nstorage_unit: \n- \n- \"\"\ndisplay_unit: \n- \n- \"\"\nupdated_at: \n- \n- &id001 2007-06-08 19:35:00.064809 Z\ntask_id: \n- \n- 3\nupdated_by_user_id: \n- 1\n- 3\ntask_context_id: \n- \n- 69\nid: \n- \n- 172\nparameter_id: \n- \n- 28\ncreated_by_user_id: \n- 1\n- 3\ndata_value: \n- \n- 4096.0\ncreated_at: \n- \n- *id001\n','2007-06-08 19:35:00'),(1145,152,'TaskValue',3,NULL,NULL,'update','--- \nupdated_at: \n- 2007-06-08 15:35:31 Z\n- 2007-06-08 19:35:00.089285 Z\nlock_version: \n- 6\n- 7\n','2007-06-08 19:35:00'),(1146,153,'TaskValue',3,NULL,NULL,'update','--- \nupdated_at: \n- 2007-06-08 15:35:31 Z\n- 2007-06-08 19:35:00.106059 Z\nlock_version: \n- 6\n- 7\n','2007-06-08 19:35:00'),(1147,173,'TaskValue',3,NULL,NULL,'create','--- \nstorage_unit: \n- \n- \"\"\ndisplay_unit: \n- \n- \"\"\nupdated_at: \n- \n- &id001 2007-06-08 19:35:00.122498 Z\ntask_id: \n- \n- 3\nupdated_by_user_id: \n- 1\n- 3\ntask_context_id: \n- \n- 70\nid: \n- \n- 173\nparameter_id: \n- \n- 28\ncreated_by_user_id: \n- 1\n- 3\ndata_value: \n- \n- 8192.0\ncreated_at: \n- \n- *id001\n','2007-06-08 19:35:00'),(1148,154,'TaskValue',3,NULL,NULL,'update','--- \nupdated_at: \n- 2007-06-08 15:35:31 Z\n- 2007-06-08 19:35:00.144632 Z\nlock_version: \n- 6\n- 7\n','2007-06-08 19:35:00'),(1149,155,'TaskValue',3,NULL,NULL,'update','--- \nupdated_at: \n- 2007-06-08 15:35:31 Z\n- 2007-06-08 19:35:00.163140 Z\nlock_version: \n- 6\n- 7\n','2007-06-08 19:35:00'),(1150,174,'TaskValue',3,NULL,NULL,'create','--- \nstorage_unit: \n- \n- \"\"\ndisplay_unit: \n- \n- \"\"\nupdated_at: \n- \n- &id001 2007-06-08 19:35:00.325121 Z\ntask_id: \n- \n- 3\nupdated_by_user_id: \n- 1\n- 3\ntask_context_id: \n- \n- 71\nid: \n- \n- 174\nparameter_id: \n- \n- 28\ncreated_by_user_id: \n- 1\n- 3\ndata_value: \n- \n- 16384.0\ncreated_at: \n- \n- *id001\n','2007-06-08 19:35:00'),(1151,156,'TaskValue',3,NULL,NULL,'update','--- \nupdated_at: \n- 2007-06-08 15:35:31 Z\n- 2007-06-08 19:35:00.344516 Z\nlock_version: \n- 6\n- 7\n','2007-06-08 19:35:00'),(1152,157,'TaskValue',3,NULL,NULL,'update','--- \nupdated_at: \n- 2007-06-08 15:35:31 Z\n- 2007-06-08 19:35:00.357471 Z\nlock_version: \n- 6\n- 7\n','2007-06-08 19:35:00'),(1153,175,'TaskValue',3,NULL,NULL,'create','--- \nstorage_unit: \n- \n- \"\"\ndisplay_unit: \n- \n- \"\"\nupdated_at: \n- \n- &id001 2007-06-08 19:35:00.368670 Z\ntask_id: \n- \n- 3\nupdated_by_user_id: \n- 1\n- 3\ntask_context_id: \n- \n- 72\nid: \n- \n- 175\nparameter_id: \n- \n- 28\ncreated_by_user_id: \n- 1\n- 3\ndata_value: \n- \n- 32768.0\ncreated_at: \n- \n- *id001\n','2007-06-08 19:35:00'),(1154,158,'TaskValue',3,NULL,NULL,'update','--- \nupdated_at: \n- 2007-06-08 15:35:31 Z\n- 2007-06-08 19:35:00.386384 Z\nlock_version: \n- 6\n- 7\n','2007-06-08 19:35:00'),(1155,125,'TaskValue',3,NULL,NULL,'update','--- \nupdated_at: \n- 2007-06-08 15:35:32 Z\n- 2007-06-08 19:35:00.408007 Z\nlock_version: \n- 7\n- 8\n','2007-06-08 19:35:00'),(1156,91,'TaskValue',3,NULL,NULL,'update','--- \nupdated_at: \n- 2007-06-08 15:35:32 Z\n- 2007-06-08 19:35:00.420738 Z\nlock_version: \n- 6\n- 7\n','2007-06-08 19:35:00'),(1157,75,'TaskValue',3,NULL,NULL,'update','--- \nupdated_at: \n- 2007-06-08 11:08:15 Z\n- 2007-06-08 19:35:00.432611 Z\nlock_version: \n- 0\n- 1\n','2007-06-08 19:35:00'),(1158,59,'TaskValue',3,NULL,NULL,'update','--- \nupdated_at: \n- 2007-06-08 11:07:40 Z\n- 2007-06-08 19:35:00.587788 Z\nlock_version: \n- 0\n- 1\n','2007-06-08 19:35:00'),(1159,159,'TaskValue',3,NULL,NULL,'update','--- \nupdated_at: \n- 2007-06-08 15:35:32 Z\n- 2007-06-08 19:35:00.601303 Z\nlock_version: \n- 6\n- 7\n','2007-06-08 19:35:00'),(1160,92,'TaskValue',3,NULL,NULL,'update','--- \nupdated_at: \n- 2007-06-08 15:35:32 Z\n- 2007-06-08 19:35:00.614948 Z\nlock_version: \n- 7\n- 8\n','2007-06-08 19:35:00'),(1161,76,'TaskValue',3,NULL,NULL,'update','--- \nupdated_at: \n- 2007-06-08 11:08:17 Z\n- 2007-06-08 19:35:00.627470 Z\nlock_version: \n- 0\n- 1\n','2007-06-08 19:35:00'),(1162,60,'TaskValue',3,NULL,NULL,'update','--- \nupdated_at: \n- 2007-06-08 11:07:41 Z\n- 2007-06-08 19:35:00.640513 Z\nlock_version: \n- 0\n- 1\n','2007-06-08 19:35:00'),(1163,93,'TaskValue',3,NULL,NULL,'update','--- \nupdated_at: \n- 2007-06-08 15:35:32 Z\n- 2007-06-08 19:35:00.654212 Z\nlock_version: \n- 6\n- 7\n','2007-06-08 19:35:00'),(1164,77,'TaskValue',3,NULL,NULL,'update','--- \nupdated_at: \n- 2007-06-08 11:08:19 Z\n- 2007-06-08 19:35:00.667001 Z\nlock_version: \n- 0\n- 1\n','2007-06-08 19:35:00'),(1165,61,'TaskValue',3,NULL,NULL,'update','--- \nupdated_at: \n- 2007-06-08 11:07:43 Z\n- 2007-06-08 19:35:00.679626 Z\nlock_version: \n- 0\n- 1\ndata_value: \n- 0.12\n- 0.03\n','2007-06-08 19:35:00'),(1166,108,'TaskValue',3,NULL,NULL,'update','--- \nupdated_at: \n- 2007-06-08 15:35:32 Z\n- 2007-06-08 19:35:00.691711 Z\nlock_version: \n- 6\n- 7\n','2007-06-08 19:35:00'),(1167,94,'TaskValue',3,NULL,NULL,'update','--- \nupdated_at: \n- 2007-06-08 15:35:32 Z\n- 2007-06-08 19:35:00.704477 Z\nlock_version: \n- 6\n- 7\n','2007-06-08 19:35:00'),(1168,78,'TaskValue',3,NULL,NULL,'update','--- \nupdated_at: \n- 2007-06-08 11:08:21 Z\n- 2007-06-08 19:35:00.716656 Z\nlock_version: \n- 0\n- 1\n','2007-06-08 19:35:00'),(1169,62,'TaskValue',3,NULL,NULL,'update','--- \nupdated_at: \n- 2007-06-08 11:07:45 Z\n- 2007-06-08 19:35:00.871613 Z\nlock_version: \n- 0\n- 1\ndata_value: \n- 0.23\n- 0.04\n','2007-06-08 19:35:00'),(1170,109,'TaskValue',3,NULL,NULL,'update','--- \nupdated_at: \n- 2007-06-08 15:35:32 Z\n- 2007-06-08 19:35:00.885000 Z\nlock_version: \n- 6\n- 7\n','2007-06-08 19:35:00'),(1171,95,'TaskValue',3,NULL,NULL,'update','--- \nupdated_at: \n- 2007-06-08 15:35:32 Z\n- 2007-06-08 19:35:00.899548 Z\nlock_version: \n- 7\n- 8\n','2007-06-08 19:35:00'),(1172,79,'TaskValue',3,NULL,NULL,'update','--- \nupdated_at: \n- 2007-06-08 11:08:28 Z\n- 2007-06-08 19:35:00.912354 Z\nlock_version: \n- 0\n- 1\n','2007-06-08 19:35:00'),(1173,63,'TaskValue',3,NULL,NULL,'update','--- \nupdated_at: \n- 2007-06-08 11:07:47 Z\n- 2007-06-08 19:35:00.926398 Z\nlock_version: \n- 0\n- 1\n','2007-06-08 19:35:00'),(1174,110,'TaskValue',3,NULL,NULL,'update','--- \nupdated_at: \n- 2007-06-08 15:35:32 Z\n- 2007-06-08 19:35:00.938918 Z\nlock_version: \n- 6\n- 7\n','2007-06-08 19:35:00'),(1175,96,'TaskValue',3,NULL,NULL,'update','--- \nupdated_at: \n- 2007-06-08 15:35:32 Z\n- 2007-06-08 19:35:00.953078 Z\nlock_version: \n- 9\n- 10\n','2007-06-08 19:35:00'),(1176,80,'TaskValue',3,NULL,NULL,'update','--- \nupdated_at: \n- 2007-06-08 11:08:30 Z\n- 2007-06-08 19:35:00.965501 Z\nlock_version: \n- 0\n- 1\n','2007-06-08 19:35:00'),(1177,64,'TaskValue',3,NULL,NULL,'update','--- \nupdated_at: \n- 2007-06-08 11:07:49 Z\n- 2007-06-08 19:35:00.986125 Z\nlock_version: \n- 0\n- 1\n','2007-06-08 19:35:00'),(1178,111,'TaskValue',3,NULL,NULL,'update','--- \nupdated_at: \n- 2007-06-08 15:35:32 Z\n- 2007-06-08 19:35:01.001861 Z\nlock_version: \n- 6\n- 7\n','2007-06-08 19:35:01'),(1179,97,'TaskValue',3,NULL,NULL,'update','--- \nupdated_at: \n- 2007-06-08 15:35:32 Z\n- 2007-06-08 19:35:01.018779 Z\nlock_version: \n- 8\n- 9\n','2007-06-08 19:35:01'),(1180,81,'TaskValue',3,NULL,NULL,'update','--- \nupdated_at: \n- 2007-06-08 11:08:33 Z\n- 2007-06-08 19:35:01.239604 Z\nlock_version: \n- 0\n- 1\n','2007-06-08 19:35:01'),(1181,65,'TaskValue',3,NULL,NULL,'update','--- \nupdated_at: \n- 2007-06-08 11:07:51 Z\n- 2007-06-08 19:35:01.267663 Z\nlock_version: \n- 0\n- 1\n','2007-06-08 19:35:01'),(1182,112,'TaskValue',3,NULL,NULL,'update','--- \nupdated_at: \n- 2007-06-08 15:35:32 Z\n- 2007-06-08 19:35:01.282479 Z\nlock_version: \n- 6\n- 7\n','2007-06-08 19:35:01'),(1183,98,'TaskValue',3,NULL,NULL,'update','--- \nupdated_at: \n- 2007-06-08 15:35:32 Z\n- 2007-06-08 19:35:01.304544 Z\nlock_version: \n- 8\n- 9\n','2007-06-08 19:35:01'),(1184,82,'TaskValue',3,NULL,NULL,'update','--- \nupdated_at: \n- 2007-06-08 11:08:35 Z\n- 2007-06-08 19:35:01.318335 Z\nlock_version: \n- 0\n- 1\n','2007-06-08 19:35:01'),(1185,66,'TaskValue',3,NULL,NULL,'update','--- \nupdated_at: \n- 2007-06-08 11:07:52 Z\n- 2007-06-08 19:35:01.331728 Z\nlock_version: \n- 0\n- 1\n','2007-06-08 19:35:01'),(1186,113,'TaskValue',3,NULL,NULL,'update','--- \nupdated_at: \n- 2007-06-08 15:35:32 Z\n- 2007-06-08 19:35:01.343541 Z\nlock_version: \n- 6\n- 7\n','2007-06-08 19:35:01'),(1187,99,'TaskValue',3,NULL,NULL,'update','--- \nupdated_at: \n- 2007-06-08 15:35:32 Z\n- 2007-06-08 19:35:01.356824 Z\nlock_version: \n- 8\n- 9\n','2007-06-08 19:35:01'),(1188,83,'TaskValue',3,NULL,NULL,'update','--- \nupdated_at: \n- 2007-06-08 11:08:37 Z\n- 2007-06-08 19:35:01.369281 Z\nlock_version: \n- 0\n- 1\n','2007-06-08 19:35:01'),(1189,67,'TaskValue',3,NULL,NULL,'update','--- \nupdated_at: \n- 2007-06-08 11:07:54 Z\n- 2007-06-08 19:35:01.383004 Z\nlock_version: \n- 0\n- 1\ndata_value: \n- 0.91\n- 0.95\n','2007-06-08 19:35:01'),(1190,114,'TaskValue',3,NULL,NULL,'update','--- \nupdated_at: \n- 2007-06-08 15:35:32 Z\n- 2007-06-08 19:35:01.395041 Z\nlock_version: \n- 6\n- 7\n','2007-06-08 19:35:01'),(1191,100,'TaskValue',3,NULL,NULL,'update','--- \nupdated_at: \n- 2007-06-08 15:35:32 Z\n- 2007-06-08 19:35:01.570033 Z\nlock_version: \n- 6\n- 7\n','2007-06-08 19:35:01'),(1192,84,'TaskValue',3,NULL,NULL,'update','--- \nupdated_at: \n- 2007-06-08 11:08:39 Z\n- 2007-06-08 19:35:01.583610 Z\nlock_version: \n- 0\n- 1\n','2007-06-08 19:35:01'),(1193,68,'TaskValue',3,NULL,NULL,'update','--- \nupdated_at: \n- 2007-06-08 11:07:56 Z\n- 2007-06-08 19:35:01.598424 Z\nlock_version: \n- 0\n- 1\n','2007-06-08 19:35:01'),(1194,115,'TaskValue',3,NULL,NULL,'update','--- \nupdated_at: \n- 2007-06-08 15:35:32 Z\n- 2007-06-08 19:35:01.610888 Z\nlock_version: \n- 6\n- 7\n','2007-06-08 19:35:01'),(1195,101,'TaskValue',3,NULL,NULL,'update','--- \nupdated_at: \n- 2007-06-08 15:35:32 Z\n- 2007-06-08 19:35:01.624323 Z\nlock_version: \n- 6\n- 7\n','2007-06-08 19:35:01'),(1196,85,'TaskValue',3,NULL,NULL,'update','--- \nupdated_at: \n- 2007-06-08 11:08:42 Z\n- 2007-06-08 19:35:01.637618 Z\nlock_version: \n- 0\n- 1\n','2007-06-08 19:35:01'),(1197,69,'TaskValue',3,NULL,NULL,'update','--- \nupdated_at: \n- 2007-06-08 11:07:58 Z\n- 2007-06-08 19:35:01.650429 Z\nlock_version: \n- 0\n- 1\n','2007-06-08 19:35:01'),(1198,116,'TaskValue',3,NULL,NULL,'update','--- \nupdated_at: \n- 2007-06-08 15:35:32 Z\n- 2007-06-08 19:35:01.662457 Z\nlock_version: \n- 6\n- 7\n','2007-06-08 19:35:01'),(1199,102,'TaskValue',3,NULL,NULL,'update','--- \nupdated_at: \n- 2007-06-08 15:35:32 Z\n- 2007-06-08 19:35:01.675409 Z\nlock_version: \n- 6\n- 7\n','2007-06-08 19:35:01'),(1200,86,'TaskValue',3,NULL,NULL,'update','--- \nupdated_at: \n- 2007-06-08 11:08:44 Z\n- 2007-06-08 19:35:01.688263 Z\nlock_version: \n- 0\n- 1\n','2007-06-08 19:35:01'),(1201,70,'TaskValue',3,NULL,NULL,'update','--- \nupdated_at: \n- 2007-06-08 11:08:00 Z\n- 2007-06-08 19:35:01.701044 Z\nlock_version: \n- 0\n- 1\ndata_value: \n- 0.97\n- 0.98\n','2007-06-08 19:35:01'),(1202,117,'TaskValue',3,NULL,NULL,'update','--- \nupdated_at: \n- 2007-06-08 15:35:32 Z\n- 2007-06-08 19:35:01.858648 Z\nlock_version: \n- 6\n- 7\n','2007-06-08 19:35:01'),(1203,103,'TaskValue',3,NULL,NULL,'update','--- \nupdated_at: \n- 2007-06-08 15:35:32 Z\n- 2007-06-08 19:35:01.873690 Z\nlock_version: \n- 6\n- 7\n','2007-06-08 19:35:01'),(1204,87,'TaskValue',3,NULL,NULL,'update','--- \nupdated_at: \n- 2007-06-08 11:08:51 Z\n- 2007-06-08 19:35:01.887222 Z\nlock_version: \n- 0\n- 1\ndata_value: \n- 4196.0\n- 4096.0\n','2007-06-08 19:35:01'),(1205,71,'TaskValue',3,NULL,NULL,'update','--- \nupdated_at: \n- 2007-06-08 11:08:02 Z\n- 2007-06-08 19:35:01.901005 Z\nlock_version: \n- 0\n- 1\ndata_value: \n- 0.98\n- 0.99\n','2007-06-08 19:35:01'),(1206,118,'TaskValue',3,NULL,NULL,'update','--- \nupdated_at: \n- 2007-06-08 15:35:32 Z\n- 2007-06-08 19:35:01.914064 Z\nlock_version: \n- 6\n- 7\n','2007-06-08 19:35:01'),(1207,104,'TaskValue',3,NULL,NULL,'update','--- \nupdated_at: \n- 2007-06-08 15:35:32 Z\n- 2007-06-08 19:35:01.930593 Z\nlock_version: \n- 6\n- 7\n','2007-06-08 19:35:01'),(1208,88,'TaskValue',3,NULL,NULL,'update','--- \nupdated_at: \n- 2007-06-08 11:09:31 Z\n- 2007-06-08 19:35:01.943822 Z\nlock_version: \n- 0\n- 1\ndata_value: \n- 8392.0\n- 8192.0\n','2007-06-08 19:35:01'),(1209,72,'TaskValue',3,NULL,NULL,'update','--- \nupdated_at: \n- 2007-06-08 11:08:04 Z\n- 2007-06-08 19:35:01.957106 Z\nlock_version: \n- 0\n- 1\n','2007-06-08 19:35:01'),(1210,119,'TaskValue',3,NULL,NULL,'update','--- \nupdated_at: \n- 2007-06-08 15:35:32 Z\n- 2007-06-08 19:35:01.969097 Z\nlock_version: \n- 6\n- 7\n','2007-06-08 19:35:01'),(1211,105,'TaskValue',3,NULL,NULL,'update','--- \nupdated_at: \n- 2007-06-08 15:35:32 Z\n- 2007-06-08 19:35:01.982618 Z\nlock_version: \n- 6\n- 7\n','2007-06-08 19:35:01'),(1212,89,'TaskValue',3,NULL,NULL,'update','--- \nupdated_at: \n- 2007-06-08 11:09:44 Z\n- 2007-06-08 19:35:01.995464 Z\nlock_version: \n- 0\n- 1\ndata_value: \n- 16784.0\n- 16384.0\n','2007-06-08 19:35:01'),(1213,73,'TaskValue',3,NULL,NULL,'update','--- \nupdated_at: \n- 2007-06-08 11:08:14 Z\n- 2007-06-08 19:35:02.154726 Z\nlock_version: \n- 1\n- 2\n','2007-06-08 19:35:02'),(1214,120,'TaskValue',3,NULL,NULL,'update','--- \nupdated_at: \n- 2007-06-08 15:35:32 Z\n- 2007-06-08 19:35:02.167567 Z\nlock_version: \n- 7\n- 8\n','2007-06-08 19:35:02'),(1215,106,'TaskValue',3,NULL,NULL,'update','--- \nupdated_at: \n- 2007-06-08 15:35:32 Z\n- 2007-06-08 19:35:02.181988 Z\nlock_version: \n- 6\n- 7\n','2007-06-08 19:35:02'),(1216,90,'TaskValue',3,NULL,NULL,'update','--- \nupdated_at: \n- 2007-06-08 11:10:26 Z\n- 2007-06-08 19:35:02.195146 Z\nlock_version: \n- 0\n- 1\ndata_value: \n- 33568.0\n- 32768.0\n','2007-06-08 19:35:02'),(1217,74,'TaskValue',3,NULL,NULL,'update','--- \nupdated_at: \n- 2007-06-08 11:08:07 Z\n- 2007-06-08 19:35:02.209465 Z\nlock_version: \n- 0\n- 1\n','2007-06-08 19:35:02'),(1218,121,'TaskValue',3,NULL,NULL,'update','--- \nupdated_at: \n- 2007-06-08 15:35:32 Z\n- 2007-06-08 19:35:02.221580 Z\nlock_version: \n- 6\n- 7\n','2007-06-08 19:35:02'),(1219,123,'TaskValue',3,NULL,NULL,'update','--- \nupdated_at: \n- 2007-06-08 15:35:32 Z\n- 2007-06-08 19:35:02.235194 Z\nlock_version: \n- 6\n- 7\n','2007-06-08 19:35:02'),(1220,122,'TaskValue',3,NULL,NULL,'update','--- \nupdated_at: \n- 2007-06-08 15:35:32 Z\n- 2007-06-08 19:35:02.248928 Z\nlock_version: \n- 6\n- 7\n','2007-06-08 19:35:02'),(1221,8,'TaskText',3,NULL,NULL,'update','--- \nupdated_at: \n- 2007-06-08 11:07:32 Z\n- 2007-06-08 19:35:02.279191 Z\nlock_version: \n- 0\n- 1\ndata_content: \n- \"2007-06-13\"\n- 13/06/2007\n','2007-06-08 19:35:02'),(1222,3,'Task',3,NULL,NULL,'update','--- \nupdated_at: \n- 2007-06-08 19:34:58 Z\n- 2007-06-08 19:35:51.253425 Z\nlock_version: \n- 7\n- 8\n','2007-06-08 19:35:51'),(1223,126,'TaskValue',3,NULL,NULL,'update','--- \nupdated_at: \n- 2007-06-08 19:34:58 Z\n- 2007-06-08 19:35:51.303402 Z\nlock_version: \n- 9\n- 10\n','2007-06-08 19:35:51'),(1224,127,'TaskValue',3,NULL,NULL,'update','--- \nupdated_at: \n- 2007-06-08 19:34:58 Z\n- 2007-06-08 19:35:51.316867 Z\nlock_version: \n- 7\n- 8\n','2007-06-08 19:35:51'),(1225,160,'TaskValue',3,NULL,NULL,'update','--- \nupdated_at: \n- 2007-06-08 19:34:58 Z\n- 2007-06-08 19:35:51.329028 Z\nlock_version: \n- 0\n- 1\n','2007-06-08 19:35:51'),(1226,128,'TaskValue',3,NULL,NULL,'update','--- \nupdated_at: \n- 2007-06-08 19:34:58 Z\n- 2007-06-08 19:35:51.343139 Z\nlock_version: \n- 7\n- 8\n','2007-06-08 19:35:51'),(1227,129,'TaskValue',3,NULL,NULL,'update','--- \nupdated_at: \n- 2007-06-08 19:34:58 Z\n- 2007-06-08 19:35:51.355827 Z\nlock_version: \n- 7\n- 8\n','2007-06-08 19:35:51'),(1228,161,'TaskValue',3,NULL,NULL,'update','--- \nupdated_at: \n- 2007-06-08 19:34:58 Z\n- 2007-06-08 19:35:51.514165 Z\nlock_version: \n- 0\n- 1\n','2007-06-08 19:35:51'),(1229,130,'TaskValue',3,NULL,NULL,'update','--- \nupdated_at: \n- 2007-06-08 19:34:58 Z\n- 2007-06-08 19:35:51.528415 Z\nlock_version: \n- 7\n- 8\n','2007-06-08 19:35:51'),(1230,131,'TaskValue',3,NULL,NULL,'update','--- \nupdated_at: \n- 2007-06-08 19:34:59 Z\n- 2007-06-08 19:35:51.541855 Z\nlock_version: \n- 7\n- 8\n','2007-06-08 19:35:51'),(1231,162,'TaskValue',3,NULL,NULL,'update','--- \nupdated_at: \n- 2007-06-08 19:34:59 Z\n- 2007-06-08 19:35:51.554695 Z\nlock_version: \n- 0\n- 1\n','2007-06-08 19:35:51'),(1232,132,'TaskValue',3,NULL,NULL,'update','--- \nupdated_at: \n- 2007-06-08 19:34:59 Z\n- 2007-06-08 19:35:51.568562 Z\nlock_version: \n- 7\n- 8\n','2007-06-08 19:35:51'),(1233,133,'TaskValue',3,NULL,NULL,'update','--- \nupdated_at: \n- 2007-06-08 19:34:59 Z\n- 2007-06-08 19:35:51.581538 Z\nlock_version: \n- 7\n- 8\n','2007-06-08 19:35:51'),(1234,163,'TaskValue',3,NULL,NULL,'update','--- \nupdated_at: \n- 2007-06-08 19:34:59 Z\n- 2007-06-08 19:35:51.594172 Z\nlock_version: \n- 0\n- 1\n','2007-06-08 19:35:51'),(1235,134,'TaskValue',3,NULL,NULL,'update','--- \nupdated_at: \n- 2007-06-08 19:34:59 Z\n- 2007-06-08 19:35:51.607823 Z\nlock_version: \n- 7\n- 8\n','2007-06-08 19:35:51'),(1236,135,'TaskValue',3,NULL,NULL,'update','--- \nupdated_at: \n- 2007-06-08 19:34:59 Z\n- 2007-06-08 19:35:51.620752 Z\nlock_version: \n- 7\n- 8\n','2007-06-08 19:35:51'),(1237,164,'TaskValue',3,NULL,NULL,'update','--- \nupdated_at: \n- 2007-06-08 19:34:59 Z\n- 2007-06-08 19:35:51.633966 Z\nlock_version: \n- 0\n- 1\n','2007-06-08 19:35:51'),(1238,136,'TaskValue',3,NULL,NULL,'update','--- \nupdated_at: \n- 2007-06-08 19:34:59 Z\n- 2007-06-08 19:35:51.647843 Z\nlock_version: \n- 7\n- 8\n','2007-06-08 19:35:51'),(1239,137,'TaskValue',3,NULL,NULL,'update','--- \nupdated_at: \n- 2007-06-08 19:34:59 Z\n- 2007-06-08 19:35:51.841630 Z\nlock_version: \n- 7\n- 8\n','2007-06-08 19:35:51'),(1240,165,'TaskValue',3,NULL,NULL,'update','--- \nupdated_at: \n- 2007-06-08 19:34:59 Z\n- 2007-06-08 19:35:51.854885 Z\nlock_version: \n- 0\n- 1\n','2007-06-08 19:35:51'),(1241,138,'TaskValue',3,NULL,NULL,'update','--- \nupdated_at: \n- 2007-06-08 19:34:59 Z\n- 2007-06-08 19:35:51.869021 Z\nlock_version: \n- 7\n- 8\n','2007-06-08 19:35:51'),(1242,139,'TaskValue',3,NULL,NULL,'update','--- \nupdated_at: \n- 2007-06-08 19:34:59 Z\n- 2007-06-08 19:35:51.882191 Z\nlock_version: \n- 7\n- 8\n','2007-06-08 19:35:51'),(1243,166,'TaskValue',3,NULL,NULL,'update','--- \nupdated_at: \n- 2007-06-08 19:34:59 Z\n- 2007-06-08 19:35:51.895012 Z\nlock_version: \n- 0\n- 1\n','2007-06-08 19:35:51'),(1244,140,'TaskValue',3,NULL,NULL,'update','--- \nupdated_at: \n- 2007-06-08 19:34:59 Z\n- 2007-06-08 19:35:51.908646 Z\nlock_version: \n- 7\n- 8\n','2007-06-08 19:35:51'),(1245,141,'TaskValue',3,NULL,NULL,'update','--- \nupdated_at: \n- 2007-06-08 19:34:59 Z\n- 2007-06-08 19:35:51.922290 Z\nlock_version: \n- 7\n- 8\n','2007-06-08 19:35:51'),(1246,167,'TaskValue',3,NULL,NULL,'update','--- \nupdated_at: \n- 2007-06-08 19:34:59 Z\n- 2007-06-08 19:35:51.934939 Z\nlock_version: \n- 0\n- 1\n','2007-06-08 19:35:51'),(1247,142,'TaskValue',3,NULL,NULL,'update','--- \nupdated_at: \n- 2007-06-08 19:34:59 Z\n- 2007-06-08 19:35:51.948838 Z\nlock_version: \n- 7\n- 8\n','2007-06-08 19:35:51'),(1248,143,'TaskValue',3,NULL,NULL,'update','--- \nupdated_at: \n- 2007-06-08 19:34:59 Z\n- 2007-06-08 19:35:51.961839 Z\nlock_version: \n- 7\n- 8\n','2007-06-08 19:35:51'),(1249,168,'TaskValue',3,NULL,NULL,'update','--- \nupdated_at: \n- 2007-06-08 19:34:59 Z\n- 2007-06-08 19:35:51.974187 Z\nlock_version: \n- 0\n- 1\n','2007-06-08 19:35:52'),(1250,144,'TaskValue',3,NULL,NULL,'update','--- \nupdated_at: \n- 2007-06-08 19:34:59 Z\n- 2007-06-08 19:35:52.140650 Z\nlock_version: \n- 7\n- 8\n','2007-06-08 19:35:52'),(1251,145,'TaskValue',3,NULL,NULL,'update','--- \nupdated_at: \n- 2007-06-08 19:34:59 Z\n- 2007-06-08 19:35:52.154215 Z\nlock_version: \n- 7\n- 8\n','2007-06-08 19:35:52'),(1252,169,'TaskValue',3,NULL,NULL,'update','--- \nupdated_at: \n- 2007-06-08 19:34:59 Z\n- 2007-06-08 19:35:52.167400 Z\nlock_version: \n- 0\n- 1\n','2007-06-08 19:35:52'),(1253,146,'TaskValue',3,NULL,NULL,'update','--- \nupdated_at: \n- 2007-06-08 19:34:59 Z\n- 2007-06-08 19:35:52.181377 Z\nlock_version: \n- 7\n- 8\n','2007-06-08 19:35:52'),(1254,147,'TaskValue',3,NULL,NULL,'update','--- \nupdated_at: \n- 2007-06-08 19:34:59 Z\n- 2007-06-08 19:35:52.194830 Z\nlock_version: \n- 7\n- 8\n','2007-06-08 19:35:52'),(1255,170,'TaskValue',3,NULL,NULL,'update','--- \nupdated_at: \n- 2007-06-08 19:34:59 Z\n- 2007-06-08 19:35:52.207657 Z\nlock_version: \n- 0\n- 1\n','2007-06-08 19:35:52'),(1256,148,'TaskValue',3,NULL,NULL,'update','--- \nupdated_at: \n- 2007-06-08 19:34:59 Z\n- 2007-06-08 19:35:52.221897 Z\nlock_version: \n- 7\n- 8\n','2007-06-08 19:35:52'),(1257,149,'TaskValue',3,NULL,NULL,'update','--- \nupdated_at: \n- 2007-06-08 19:34:59 Z\n- 2007-06-08 19:35:52.234716 Z\nlock_version: \n- 7\n- 8\n','2007-06-08 19:35:52'),(1258,171,'TaskValue',3,NULL,NULL,'update','--- \nupdated_at: \n- 2007-06-08 19:34:59 Z\n- 2007-06-08 19:35:52.247513 Z\nlock_version: \n- 0\n- 1\n','2007-06-08 19:35:52'),(1259,150,'TaskValue',3,NULL,NULL,'update','--- \nupdated_at: \n- 2007-06-08 19:35:00 Z\n- 2007-06-08 19:35:52.261147 Z\nlock_version: \n- 7\n- 8\n','2007-06-08 19:35:52'),(1260,151,'TaskValue',3,NULL,NULL,'update','--- \nupdated_at: \n- 2007-06-08 19:35:00 Z\n- 2007-06-08 19:35:52.274335 Z\nlock_version: \n- 7\n- 8\n','2007-06-08 19:35:52'),(1261,172,'TaskValue',3,NULL,NULL,'update','--- \nupdated_at: \n- 2007-06-08 19:35:00 Z\n- 2007-06-08 19:35:52.429726 Z\nlock_version: \n- 0\n- 1\n','2007-06-08 19:35:52'),(1262,152,'TaskValue',3,NULL,NULL,'update','--- \nupdated_at: \n- 2007-06-08 19:35:00 Z\n- 2007-06-08 19:35:52.444023 Z\nlock_version: \n- 7\n- 8\n','2007-06-08 19:35:52'),(1263,153,'TaskValue',3,NULL,NULL,'update','--- \nupdated_at: \n- 2007-06-08 19:35:00 Z\n- 2007-06-08 19:35:52.457341 Z\nlock_version: \n- 7\n- 8\n','2007-06-08 19:35:52'),(1264,173,'TaskValue',3,NULL,NULL,'update','--- \nupdated_at: \n- 2007-06-08 19:35:00 Z\n- 2007-06-08 19:35:52.470531 Z\nlock_version: \n- 0\n- 1\n','2007-06-08 19:35:52'),(1265,154,'TaskValue',3,NULL,NULL,'update','--- \nupdated_at: \n- 2007-06-08 19:35:00 Z\n- 2007-06-08 19:35:52.484991 Z\nlock_version: \n- 7\n- 8\n','2007-06-08 19:35:52'),(1266,155,'TaskValue',3,NULL,NULL,'update','--- \nupdated_at: \n- 2007-06-08 19:35:00 Z\n- 2007-06-08 19:35:52.498417 Z\nlock_version: \n- 7\n- 8\n','2007-06-08 19:35:52'),(1267,174,'TaskValue',3,NULL,NULL,'update','--- \nupdated_at: \n- 2007-06-08 19:35:00 Z\n- 2007-06-08 19:35:52.511141 Z\nlock_version: \n- 0\n- 1\n','2007-06-08 19:35:52'),(1268,156,'TaskValue',3,NULL,NULL,'update','--- \nupdated_at: \n- 2007-06-08 19:35:00 Z\n- 2007-06-08 19:35:52.524718 Z\nlock_version: \n- 7\n- 8\n','2007-06-08 19:35:52'),(1269,157,'TaskValue',3,NULL,NULL,'update','--- \nupdated_at: \n- 2007-06-08 19:35:00 Z\n- 2007-06-08 19:35:52.537553 Z\nlock_version: \n- 7\n- 8\n','2007-06-08 19:35:52'),(1270,175,'TaskValue',3,NULL,NULL,'update','--- \nupdated_at: \n- 2007-06-08 19:35:00 Z\n- 2007-06-08 19:35:52.550218 Z\nlock_version: \n- 0\n- 1\n','2007-06-08 19:35:52'),(1271,158,'TaskValue',3,NULL,NULL,'update','--- \nupdated_at: \n- 2007-06-08 19:35:00 Z\n- 2007-06-08 19:35:52.697059 Z\nlock_version: \n- 7\n- 8\n','2007-06-08 19:35:52'),(1272,125,'TaskValue',3,NULL,NULL,'update','--- \nupdated_at: \n- 2007-06-08 19:35:00 Z\n- 2007-06-08 19:35:52.754963 Z\nlock_version: \n- 8\n- 9\n','2007-06-08 19:35:52'),(1273,91,'TaskValue',3,NULL,NULL,'update','--- \nupdated_at: \n- 2007-06-08 19:35:00 Z\n- 2007-06-08 19:35:52.769198 Z\nlock_version: \n- 7\n- 8\n','2007-06-08 19:35:52'),(1274,75,'TaskValue',3,NULL,NULL,'update','--- \nupdated_at: \n- 2007-06-08 19:35:00 Z\n- 2007-06-08 19:35:52.782513 Z\nlock_version: \n- 1\n- 2\n','2007-06-08 19:35:52'),(1275,59,'TaskValue',3,NULL,NULL,'update','--- \nupdated_at: \n- 2007-06-08 19:35:00 Z\n- 2007-06-08 19:35:52.796227 Z\nlock_version: \n- 1\n- 2\n','2007-06-08 19:35:52'),(1276,159,'TaskValue',3,NULL,NULL,'update','--- \nupdated_at: \n- 2007-06-08 19:35:00 Z\n- 2007-06-08 19:35:52.809330 Z\nlock_version: \n- 7\n- 8\n','2007-06-08 19:35:52'),(1277,92,'TaskValue',3,NULL,NULL,'update','--- \nupdated_at: \n- 2007-06-08 19:35:00 Z\n- 2007-06-08 19:35:52.822283 Z\nlock_version: \n- 8\n- 9\n','2007-06-08 19:35:52'),(1278,76,'TaskValue',3,NULL,NULL,'update','--- \nupdated_at: \n- 2007-06-08 19:35:00 Z\n- 2007-06-08 19:35:52.834669 Z\nlock_version: \n- 1\n- 2\n','2007-06-08 19:35:52'),(1279,60,'TaskValue',3,NULL,NULL,'update','--- \nupdated_at: \n- 2007-06-08 19:35:00 Z\n- 2007-06-08 19:35:52.876578 Z\nlock_version: \n- 1\n- 2\n','2007-06-08 19:35:53'),(1280,93,'TaskValue',3,NULL,NULL,'update','--- \nupdated_at: \n- 2007-06-08 19:35:00 Z\n- 2007-06-08 19:35:53.165551 Z\nlock_version: \n- 7\n- 8\n','2007-06-08 19:35:53'),(1281,77,'TaskValue',3,NULL,NULL,'update','--- \nupdated_at: \n- 2007-06-08 19:35:00 Z\n- 2007-06-08 19:35:53.178740 Z\nlock_version: \n- 1\n- 2\n','2007-06-08 19:35:53'),(1282,61,'TaskValue',3,NULL,NULL,'update','--- \nupdated_at: \n- 2007-06-08 19:35:00 Z\n- 2007-06-08 19:35:53.192454 Z\nlock_version: \n- 1\n- 2\n','2007-06-08 19:35:53'),(1283,108,'TaskValue',3,NULL,NULL,'update','--- \nupdated_at: \n- 2007-06-08 19:35:00 Z\n- 2007-06-08 19:35:53.204694 Z\nlock_version: \n- 7\n- 8\n','2007-06-08 19:35:53'),(1284,94,'TaskValue',3,NULL,NULL,'update','--- \nupdated_at: \n- 2007-06-08 19:35:00 Z\n- 2007-06-08 19:35:53.218256 Z\nlock_version: \n- 7\n- 8\n','2007-06-08 19:35:53'),(1285,78,'TaskValue',3,NULL,NULL,'update','--- \nupdated_at: \n- 2007-06-08 19:35:00 Z\n- 2007-06-08 19:35:53.271372 Z\nlock_version: \n- 1\n- 2\n','2007-06-08 19:35:53'),(1286,62,'TaskValue',3,NULL,NULL,'update','--- \nupdated_at: \n- 2007-06-08 19:35:00 Z\n- 2007-06-08 19:35:53.284572 Z\nlock_version: \n- 1\n- 2\n','2007-06-08 19:35:53'),(1287,109,'TaskValue',3,NULL,NULL,'update','--- \nupdated_at: \n- 2007-06-08 19:35:00 Z\n- 2007-06-08 19:35:53.296679 Z\nlock_version: \n- 7\n- 8\n','2007-06-08 19:35:53'),(1288,95,'TaskValue',3,NULL,NULL,'update','--- \nupdated_at: \n- 2007-06-08 19:35:00 Z\n- 2007-06-08 19:35:53.310242 Z\nlock_version: \n- 8\n- 9\n','2007-06-08 19:35:53'),(1289,79,'TaskValue',3,NULL,NULL,'update','--- \nupdated_at: \n- 2007-06-08 19:35:00 Z\n- 2007-06-08 19:35:53.322832 Z\nlock_version: \n- 1\n- 2\n','2007-06-08 19:35:53'),(1290,63,'TaskValue',3,NULL,NULL,'update','--- \nupdated_at: \n- 2007-06-08 19:35:00 Z\n- 2007-06-08 19:35:53.336937 Z\nlock_version: \n- 1\n- 2\n','2007-06-08 19:35:53'),(1291,110,'TaskValue',3,NULL,NULL,'update','--- \nupdated_at: \n- 2007-06-08 19:35:00 Z\n- 2007-06-08 19:35:53.493897 Z\nlock_version: \n- 7\n- 8\n','2007-06-08 19:35:53'),(1292,96,'TaskValue',3,NULL,NULL,'update','--- \nupdated_at: \n- 2007-06-08 19:35:00 Z\n- 2007-06-08 19:35:53.508146 Z\nlock_version: \n- 10\n- 11\n','2007-06-08 19:35:53'),(1293,80,'TaskValue',3,NULL,NULL,'update','--- \nupdated_at: \n- 2007-06-08 19:35:00 Z\n- 2007-06-08 19:35:53.522054 Z\nlock_version: \n- 1\n- 2\n','2007-06-08 19:35:53'),(1294,64,'TaskValue',3,NULL,NULL,'update','--- \nupdated_at: \n- 2007-06-08 19:35:00 Z\n- 2007-06-08 19:35:53.535461 Z\nlock_version: \n- 1\n- 2\n','2007-06-08 19:35:53'),(1295,111,'TaskValue',3,NULL,NULL,'update','--- \nupdated_at: \n- 2007-06-08 19:35:01 Z\n- 2007-06-08 19:35:53.547494 Z\nlock_version: \n- 7\n- 8\n','2007-06-08 19:35:53'),(1296,97,'TaskValue',3,NULL,NULL,'update','--- \nupdated_at: \n- 2007-06-08 19:35:01 Z\n- 2007-06-08 19:35:53.560894 Z\nlock_version: \n- 9\n- 10\n','2007-06-08 19:35:53'),(1297,81,'TaskValue',3,NULL,NULL,'update','--- \nupdated_at: \n- 2007-06-08 19:35:01 Z\n- 2007-06-08 19:35:53.573474 Z\nlock_version: \n- 1\n- 2\n','2007-06-08 19:35:53'),(1298,65,'TaskValue',3,NULL,NULL,'update','--- \nupdated_at: \n- 2007-06-08 19:35:01 Z\n- 2007-06-08 19:35:53.586285 Z\nlock_version: \n- 1\n- 2\n','2007-06-08 19:35:53'),(1299,112,'TaskValue',3,NULL,NULL,'update','--- \nupdated_at: \n- 2007-06-08 19:35:01 Z\n- 2007-06-08 19:35:53.598467 Z\nlock_version: \n- 7\n- 8\n','2007-06-08 19:35:53'),(1300,98,'TaskValue',3,NULL,NULL,'update','--- \nupdated_at: \n- 2007-06-08 19:35:01 Z\n- 2007-06-08 19:35:53.611522 Z\nlock_version: \n- 9\n- 10\n','2007-06-08 19:35:53'),(1301,82,'TaskValue',3,NULL,NULL,'update','--- \nupdated_at: \n- 2007-06-08 19:35:01 Z\n- 2007-06-08 19:35:53.623942 Z\nlock_version: \n- 1\n- 2\n','2007-06-08 19:35:53'),(1302,66,'TaskValue',3,NULL,NULL,'update','--- \nupdated_at: \n- 2007-06-08 19:35:01 Z\n- 2007-06-08 19:35:53.779791 Z\nlock_version: \n- 1\n- 2\n','2007-06-08 19:35:53'),(1303,113,'TaskValue',3,NULL,NULL,'update','--- \nupdated_at: \n- 2007-06-08 19:35:01 Z\n- 2007-06-08 19:35:53.792376 Z\nlock_version: \n- 7\n- 8\n','2007-06-08 19:35:53'),(1304,99,'TaskValue',3,NULL,NULL,'update','--- \nupdated_at: \n- 2007-06-08 19:35:01 Z\n- 2007-06-08 19:35:53.806273 Z\nlock_version: \n- 9\n- 10\n','2007-06-08 19:35:53'),(1305,83,'TaskValue',3,NULL,NULL,'update','--- \nupdated_at: \n- 2007-06-08 19:35:01 Z\n- 2007-06-08 19:35:53.819445 Z\nlock_version: \n- 1\n- 2\n','2007-06-08 19:35:53'),(1306,67,'TaskValue',3,NULL,NULL,'update','--- \nupdated_at: \n- 2007-06-08 19:35:01 Z\n- 2007-06-08 19:35:53.832507 Z\nlock_version: \n- 1\n- 2\ndata_value: \n- 0.95\n- 0.95\n','2007-06-08 19:35:53'),(1307,114,'TaskValue',3,NULL,NULL,'update','--- \nupdated_at: \n- 2007-06-08 19:35:01 Z\n- 2007-06-08 19:35:53.847056 Z\nlock_version: \n- 7\n- 8\n','2007-06-08 19:35:53'),(1308,100,'TaskValue',3,NULL,NULL,'update','--- \nupdated_at: \n- 2007-06-08 19:35:01 Z\n- 2007-06-08 19:35:53.860317 Z\nlock_version: \n- 7\n- 8\n','2007-06-08 19:35:53'),(1309,84,'TaskValue',3,NULL,NULL,'update','--- \nupdated_at: \n- 2007-06-08 19:35:01 Z\n- 2007-06-08 19:35:53.872754 Z\nlock_version: \n- 1\n- 2\n','2007-06-08 19:35:53'),(1310,68,'TaskValue',3,NULL,NULL,'update','--- \nupdated_at: \n- 2007-06-08 19:35:01 Z\n- 2007-06-08 19:35:53.885518 Z\nlock_version: \n- 1\n- 2\n','2007-06-08 19:35:53'),(1311,115,'TaskValue',3,NULL,NULL,'update','--- \nupdated_at: \n- 2007-06-08 19:35:01 Z\n- 2007-06-08 19:35:53.897357 Z\nlock_version: \n- 7\n- 8\n','2007-06-08 19:35:53'),(1312,101,'TaskValue',3,NULL,NULL,'update','--- \nupdated_at: \n- 2007-06-08 19:35:01 Z\n- 2007-06-08 19:35:53.910408 Z\nlock_version: \n- 7\n- 8\n','2007-06-08 19:35:53'),(1313,85,'TaskValue',3,NULL,NULL,'update','--- \nupdated_at: \n- 2007-06-08 19:35:01 Z\n- 2007-06-08 19:35:54.067162 Z\nlock_version: \n- 1\n- 2\n','2007-06-08 19:35:54'),(1314,69,'TaskValue',3,NULL,NULL,'update','--- \nupdated_at: \n- 2007-06-08 19:35:01 Z\n- 2007-06-08 19:35:54.080962 Z\nlock_version: \n- 1\n- 2\n','2007-06-08 19:35:54'),(1315,116,'TaskValue',3,NULL,NULL,'update','--- \nupdated_at: \n- 2007-06-08 19:35:01 Z\n- 2007-06-08 19:35:54.093506 Z\nlock_version: \n- 7\n- 8\n','2007-06-08 19:35:54'),(1316,102,'TaskValue',3,NULL,NULL,'update','--- \nupdated_at: \n- 2007-06-08 19:35:01 Z\n- 2007-06-08 19:35:54.107178 Z\nlock_version: \n- 7\n- 8\n','2007-06-08 19:35:54'),(1317,86,'TaskValue',3,NULL,NULL,'update','--- \nupdated_at: \n- 2007-06-08 19:35:01 Z\n- 2007-06-08 19:35:54.120003 Z\nlock_version: \n- 1\n- 2\n','2007-06-08 19:35:54'),(1318,70,'TaskValue',3,NULL,NULL,'update','--- \nupdated_at: \n- 2007-06-08 19:35:01 Z\n- 2007-06-08 19:35:54.133026 Z\nlock_version: \n- 1\n- 2\n','2007-06-08 19:35:54'),(1319,117,'TaskValue',3,NULL,NULL,'update','--- \nupdated_at: \n- 2007-06-08 19:35:01 Z\n- 2007-06-08 19:35:54.145033 Z\nlock_version: \n- 7\n- 8\n','2007-06-08 19:35:54'),(1320,103,'TaskValue',3,NULL,NULL,'update','--- \nupdated_at: \n- 2007-06-08 19:35:01 Z\n- 2007-06-08 19:35:54.179586 Z\nlock_version: \n- 7\n- 8\n','2007-06-08 19:35:54'),(1321,87,'TaskValue',3,NULL,NULL,'update','--- \nupdated_at: \n- 2007-06-08 19:35:01 Z\n- 2007-06-08 19:35:54.216074 Z\nlock_version: \n- 1\n- 2\n','2007-06-08 19:35:54'),(1322,71,'TaskValue',3,NULL,NULL,'update','--- \nupdated_at: \n- 2007-06-08 19:35:01 Z\n- 2007-06-08 19:35:54.233471 Z\nlock_version: \n- 1\n- 2\n','2007-06-08 19:35:54'),(1323,118,'TaskValue',3,NULL,NULL,'update','--- \nupdated_at: \n- 2007-06-08 19:35:01 Z\n- 2007-06-08 19:35:54.247895 Z\nlock_version: \n- 7\n- 8\n','2007-06-08 19:35:54'),(1324,104,'TaskValue',3,NULL,NULL,'update','--- \nupdated_at: \n- 2007-06-08 19:35:01 Z\n- 2007-06-08 19:35:54.484763 Z\nlock_version: \n- 7\n- 8\n','2007-06-08 19:35:54'),(1325,88,'TaskValue',3,NULL,NULL,'update','--- \nupdated_at: \n- 2007-06-08 19:35:01 Z\n- 2007-06-08 19:35:54.514010 Z\nlock_version: \n- 1\n- 2\n','2007-06-08 19:35:54'),(1326,72,'TaskValue',3,NULL,NULL,'update','--- \nupdated_at: \n- 2007-06-08 19:35:01 Z\n- 2007-06-08 19:35:54.527699 Z\nlock_version: \n- 1\n- 2\n','2007-06-08 19:35:54'),(1327,119,'TaskValue',3,NULL,NULL,'update','--- \nupdated_at: \n- 2007-06-08 19:35:01 Z\n- 2007-06-08 19:35:54.540395 Z\nlock_version: \n- 7\n- 8\n','2007-06-08 19:35:54'),(1328,105,'TaskValue',3,NULL,NULL,'update','--- \nupdated_at: \n- 2007-06-08 19:35:01 Z\n- 2007-06-08 19:35:54.555563 Z\nlock_version: \n- 7\n- 8\n','2007-06-08 19:35:54'),(1329,89,'TaskValue',3,NULL,NULL,'update','--- \nupdated_at: \n- 2007-06-08 19:35:01 Z\n- 2007-06-08 19:35:54.570720 Z\nlock_version: \n- 1\n- 2\n','2007-06-08 19:35:54'),(1330,73,'TaskValue',3,NULL,NULL,'update','--- \nupdated_at: \n- 2007-06-08 19:35:02 Z\n- 2007-06-08 19:35:54.584814 Z\nlock_version: \n- 2\n- 3\n','2007-06-08 19:35:54'),(1331,120,'TaskValue',3,NULL,NULL,'update','--- \nupdated_at: \n- 2007-06-08 19:35:02 Z\n- 2007-06-08 19:35:54.598411 Z\nlock_version: \n- 8\n- 9\n','2007-06-08 19:35:54'),(1332,106,'TaskValue',3,NULL,NULL,'update','--- \nupdated_at: \n- 2007-06-08 19:35:02 Z\n- 2007-06-08 19:35:54.613725 Z\nlock_version: \n- 7\n- 8\n','2007-06-08 19:35:54'),(1333,90,'TaskValue',3,NULL,NULL,'update','--- \nupdated_at: \n- 2007-06-08 19:35:02 Z\n- 2007-06-08 19:35:54.627304 Z\nlock_version: \n- 1\n- 2\n','2007-06-08 19:35:54'),(1334,74,'TaskValue',3,NULL,NULL,'update','--- \nupdated_at: \n- 2007-06-08 19:35:02 Z\n- 2007-06-08 19:35:54.640033 Z\nlock_version: \n- 1\n- 2\n','2007-06-08 19:35:54'),(1335,121,'TaskValue',3,NULL,NULL,'update','--- \nupdated_at: \n- 2007-06-08 19:35:02 Z\n- 2007-06-08 19:35:54.798279 Z\nlock_version: \n- 7\n- 8\n','2007-06-08 19:35:54'),(1336,123,'TaskValue',3,NULL,NULL,'update','--- \nupdated_at: \n- 2007-06-08 19:35:02 Z\n- 2007-06-08 19:35:54.812528 Z\nlock_version: \n- 7\n- 8\n','2007-06-08 19:35:54'),(1337,122,'TaskValue',3,NULL,NULL,'update','--- \nupdated_at: \n- 2007-06-08 19:35:02 Z\n- 2007-06-08 19:35:54.827748 Z\nlock_version: \n- 7\n- 8\n','2007-06-08 19:35:54'),(1338,3,'Task',3,NULL,NULL,'update','--- \nupdated_at: \n- 2007-06-08 19:35:51 Z\n- 2007-06-08 19:58:09.732552 Z\nlock_version: \n- 8\n- 9\n','2007-06-08 19:58:09'),(1339,126,'TaskValue',3,NULL,NULL,'update','--- \nupdated_at: \n- 2007-06-08 19:35:51 Z\n- 2007-06-08 19:58:09.925455 Z\nlock_version: \n- 10\n- 11\n','2007-06-08 19:58:09'),(1340,127,'TaskValue',3,NULL,NULL,'update','--- \nupdated_at: \n- 2007-06-08 19:35:51 Z\n- 2007-06-08 19:58:09.939056 Z\nlock_version: \n- 8\n- 9\n','2007-06-08 19:58:09'),(1341,160,'TaskValue',3,NULL,NULL,'update','--- \nupdated_at: \n- 2007-06-08 19:35:51 Z\n- 2007-06-08 19:58:09.951434 Z\nlock_version: \n- 1\n- 2\n','2007-06-08 19:58:09'),(1342,176,'TaskValue',3,NULL,NULL,'create','--- \nstorage_unit: \n- \n- \"\"\ndisplay_unit: \n- \n- \"%\"\nupdated_at: \n- \n- &id001 2007-06-08 19:58:09.962479 Z\ntask_id: \n- \n- 3\nupdated_by_user_id: \n- 1\n- 3\ntask_context_id: \n- \n- 57\nid: \n- \n- 176\nparameter_id: \n- \n- 36\ncreated_by_user_id: \n- 1\n- 3\ndata_value: \n- \n- 0.01\ncreated_at: \n- \n- *id001\n','2007-06-08 19:58:09'),(1343,128,'TaskValue',3,NULL,NULL,'update','--- \nupdated_at: \n- 2007-06-08 19:35:51 Z\n- 2007-06-08 19:58:09.979281 Z\nlock_version: \n- 8\n- 9\n','2007-06-08 19:58:09'),(1344,129,'TaskValue',3,NULL,NULL,'update','--- \nupdated_at: \n- 2007-06-08 19:35:51 Z\n- 2007-06-08 19:58:09.991904 Z\nlock_version: \n- 8\n- 9\n','2007-06-08 19:58:09'),(1345,161,'TaskValue',3,NULL,NULL,'update','--- \nupdated_at: \n- 2007-06-08 19:35:51 Z\n- 2007-06-08 19:58:10.004067 Z\nlock_version: \n- 1\n- 2\n','2007-06-08 19:58:10'),(1346,177,'TaskValue',3,NULL,NULL,'create','--- \nstorage_unit: \n- \n- \"\"\ndisplay_unit: \n- \n- \"%\"\nupdated_at: \n- \n- &id001 2007-06-08 19:58:10.148013 Z\ntask_id: \n- \n- 3\nupdated_by_user_id: \n- 1\n- 3\ntask_context_id: \n- \n- 58\nid: \n- \n- 177\nparameter_id: \n- \n- 36\ncreated_by_user_id: \n- 1\n- 3\ndata_value: \n- \n- 0.02\ncreated_at: \n- \n- *id001\n','2007-06-08 19:58:10'),(1347,130,'TaskValue',3,NULL,NULL,'update','--- \nupdated_at: \n- 2007-06-08 19:35:51 Z\n- 2007-06-08 19:58:10.166110 Z\nlock_version: \n- 8\n- 9\n','2007-06-08 19:58:10'),(1348,131,'TaskValue',3,NULL,NULL,'update','--- \nupdated_at: \n- 2007-06-08 19:35:51 Z\n- 2007-06-08 19:58:10.179493 Z\nlock_version: \n- 8\n- 9\n','2007-06-08 19:58:10'),(1349,162,'TaskValue',3,NULL,NULL,'update','--- \nupdated_at: \n- 2007-06-08 19:35:51 Z\n- 2007-06-08 19:58:10.192140 Z\nlock_version: \n- 1\n- 2\n','2007-06-08 19:58:10'),(1350,178,'TaskValue',3,NULL,NULL,'create','--- \nstorage_unit: \n- \n- \"\"\ndisplay_unit: \n- \n- \"%\"\nupdated_at: \n- \n- &id001 2007-06-08 19:58:10.203249 Z\ntask_id: \n- \n- 3\nupdated_by_user_id: \n- 1\n- 3\ntask_context_id: \n- \n- 59\nid: \n- \n- 178\nparameter_id: \n- \n- 36\ncreated_by_user_id: \n- 1\n- 3\ndata_value: \n- \n- 0.03\ncreated_at: \n- \n- *id001\n','2007-06-08 19:58:10'),(1351,132,'TaskValue',3,NULL,NULL,'update','--- \nupdated_at: \n- 2007-06-08 19:35:51 Z\n- 2007-06-08 19:58:10.220104 Z\nlock_version: \n- 8\n- 9\n','2007-06-08 19:58:10'),(1352,133,'TaskValue',3,NULL,NULL,'update','--- \nupdated_at: \n- 2007-06-08 19:35:51 Z\n- 2007-06-08 19:58:10.232925 Z\nlock_version: \n- 8\n- 9\n','2007-06-08 19:58:10'),(1353,163,'TaskValue',3,NULL,NULL,'update','--- \nupdated_at: \n- 2007-06-08 19:35:51 Z\n- 2007-06-08 19:58:10.245253 Z\nlock_version: \n- 1\n- 2\n','2007-06-08 19:58:10'),(1354,179,'TaskValue',3,NULL,NULL,'create','--- \nstorage_unit: \n- \n- \"\"\ndisplay_unit: \n- \n- \"%\"\nupdated_at: \n- \n- &id001 2007-06-08 19:58:10.255805 Z\ntask_id: \n- \n- 3\nupdated_by_user_id: \n- 1\n- 3\ntask_context_id: \n- \n- 60\nid: \n- \n- 179\nparameter_id: \n- \n- 36\ncreated_by_user_id: \n- 1\n- 3\ndata_value: \n- \n- 0.04\ncreated_at: \n- \n- *id001\n','2007-06-08 19:58:10'),(1355,134,'TaskValue',3,NULL,NULL,'update','--- \nupdated_at: \n- 2007-06-08 19:35:51 Z\n- 2007-06-08 19:58:10.407569 Z\nlock_version: \n- 8\n- 9\n','2007-06-08 19:58:10'),(1356,135,'TaskValue',3,NULL,NULL,'update','--- \nupdated_at: \n- 2007-06-08 19:35:51 Z\n- 2007-06-08 19:58:10.420778 Z\nlock_version: \n- 8\n- 9\n','2007-06-08 19:58:10'),(1357,164,'TaskValue',3,NULL,NULL,'update','--- \nupdated_at: \n- 2007-06-08 19:35:51 Z\n- 2007-06-08 19:58:10.433359 Z\nlock_version: \n- 1\n- 2\n','2007-06-08 19:58:10'),(1358,180,'TaskValue',3,NULL,NULL,'create','--- \nstorage_unit: \n- \n- \"\"\ndisplay_unit: \n- \n- \"%\"\nupdated_at: \n- \n- &id001 2007-06-08 19:58:10.444294 Z\ntask_id: \n- \n- 3\nupdated_by_user_id: \n- 1\n- 3\ntask_context_id: \n- \n- 61\nid: \n- \n- 180\nparameter_id: \n- \n- 36\ncreated_by_user_id: \n- 1\n- 3\ndata_value: \n- \n- 0.34\ncreated_at: \n- \n- *id001\n','2007-06-08 19:58:10'),(1359,136,'TaskValue',3,NULL,NULL,'update','--- \nupdated_at: \n- 2007-06-08 19:35:51 Z\n- 2007-06-08 19:58:10.461220 Z\nlock_version: \n- 8\n- 9\n','2007-06-08 19:58:10'),(1360,137,'TaskValue',3,NULL,NULL,'update','--- \nupdated_at: \n- 2007-06-08 19:35:51 Z\n- 2007-06-08 19:58:10.473929 Z\nlock_version: \n- 8\n- 9\n','2007-06-08 19:58:10'),(1361,165,'TaskValue',3,NULL,NULL,'update','--- \nupdated_at: \n- 2007-06-08 19:35:51 Z\n- 2007-06-08 19:58:10.486387 Z\nlock_version: \n- 1\n- 2\n','2007-06-08 19:58:10'),(1362,181,'TaskValue',3,NULL,NULL,'create','--- \nstorage_unit: \n- \n- \"\"\ndisplay_unit: \n- \n- \"%\"\nupdated_at: \n- \n- &id001 2007-06-08 19:58:10.497077 Z\ntask_id: \n- \n- 3\nupdated_by_user_id: \n- 1\n- 3\ntask_context_id: \n- \n- 62\nid: \n- \n- 181\nparameter_id: \n- \n- 36\ncreated_by_user_id: \n- 1\n- 3\ndata_value: \n- \n- 0.56\ncreated_at: \n- \n- *id001\n','2007-06-08 19:58:10'),(1363,138,'TaskValue',3,NULL,NULL,'update','--- \nupdated_at: \n- 2007-06-08 19:35:51 Z\n- 2007-06-08 19:58:10.683496 Z\nlock_version: \n- 8\n- 9\n','2007-06-08 19:58:10'),(1364,139,'TaskValue',3,NULL,NULL,'update','--- \nupdated_at: \n- 2007-06-08 19:35:51 Z\n- 2007-06-08 19:58:10.697071 Z\nlock_version: \n- 8\n- 9\n','2007-06-08 19:58:10'),(1365,166,'TaskValue',3,NULL,NULL,'update','--- \nupdated_at: \n- 2007-06-08 19:35:51 Z\n- 2007-06-08 19:58:10.709621 Z\nlock_version: \n- 1\n- 2\n','2007-06-08 19:58:10'),(1366,182,'TaskValue',3,NULL,NULL,'create','--- \nstorage_unit: \n- \n- \"\"\ndisplay_unit: \n- \n- \"%\"\nupdated_at: \n- \n- &id001 2007-06-08 19:58:10.720700 Z\ntask_id: \n- \n- 3\nupdated_by_user_id: \n- 1\n- 3\ntask_context_id: \n- \n- 63\nid: \n- \n- 182\nparameter_id: \n- \n- 36\ncreated_by_user_id: \n- 1\n- 3\ndata_value: \n- \n- 0.78\ncreated_at: \n- \n- *id001\n','2007-06-08 19:58:10'),(1367,140,'TaskValue',3,NULL,NULL,'update','--- \nupdated_at: \n- 2007-06-08 19:35:51 Z\n- 2007-06-08 19:58:10.737559 Z\nlock_version: \n- 8\n- 9\n','2007-06-08 19:58:10'),(1368,141,'TaskValue',3,NULL,NULL,'update','--- \nupdated_at: \n- 2007-06-08 19:35:51 Z\n- 2007-06-08 19:58:10.751315 Z\nlock_version: \n- 8\n- 9\n','2007-06-08 19:58:10'),(1369,167,'TaskValue',3,NULL,NULL,'update','--- \nupdated_at: \n- 2007-06-08 19:35:51 Z\n- 2007-06-08 19:58:10.763517 Z\nlock_version: \n- 1\n- 2\n','2007-06-08 19:58:10'),(1370,183,'TaskValue',3,NULL,NULL,'create','--- \nstorage_unit: \n- \n- \"\"\ndisplay_unit: \n- \n- \"%\"\nupdated_at: \n- \n- &id001 2007-06-08 19:58:10.774297 Z\ntask_id: \n- \n- 3\nupdated_by_user_id: \n- 1\n- 3\ntask_context_id: \n- \n- 64\nid: \n- \n- 183\nparameter_id: \n- \n- 36\ncreated_by_user_id: \n- 1\n- 3\ndata_value: \n- \n- 0.89\ncreated_at: \n- \n- *id001\n','2007-06-08 19:58:10'),(1371,142,'TaskValue',3,NULL,NULL,'update','--- \nupdated_at: \n- 2007-06-08 19:35:51 Z\n- 2007-06-08 19:58:10.926866 Z\nlock_version: \n- 8\n- 9\n','2007-06-08 19:58:10'),(1372,143,'TaskValue',3,NULL,NULL,'update','--- \nupdated_at: \n- 2007-06-08 19:35:51 Z\n- 2007-06-08 19:58:10.940339 Z\nlock_version: \n- 8\n- 9\n','2007-06-08 19:58:10'),(1373,168,'TaskValue',3,NULL,NULL,'update','--- \nupdated_at: \n- 2007-06-08 19:35:51 Z\n- 2007-06-08 19:58:10.953139 Z\nlock_version: \n- 1\n- 2\n','2007-06-08 19:58:10'),(1374,184,'TaskValue',3,NULL,NULL,'create','--- \nstorage_unit: \n- \n- \"\"\ndisplay_unit: \n- \n- \"%\"\nupdated_at: \n- \n- &id001 2007-06-08 19:58:10.964489 Z\ntask_id: \n- \n- 3\nupdated_by_user_id: \n- 1\n- 3\ntask_context_id: \n- \n- 65\nid: \n- \n- 184\nparameter_id: \n- \n- 36\ncreated_by_user_id: \n- 1\n- 3\ndata_value: \n- \n- 0.95\ncreated_at: \n- \n- *id001\n','2007-06-08 19:58:10'),(1375,144,'TaskValue',3,NULL,NULL,'update','--- \nupdated_at: \n- 2007-06-08 19:35:52 Z\n- 2007-06-08 19:58:10.981421 Z\nlock_version: \n- 8\n- 9\n','2007-06-08 19:58:10'),(1376,145,'TaskValue',3,NULL,NULL,'update','--- \nupdated_at: \n- 2007-06-08 19:35:52 Z\n- 2007-06-08 19:58:10.994490 Z\nlock_version: \n- 8\n- 9\n','2007-06-08 19:58:10'),(1377,169,'TaskValue',3,NULL,NULL,'update','--- \nupdated_at: \n- 2007-06-08 19:35:52 Z\n- 2007-06-08 19:58:11.006785 Z\nlock_version: \n- 1\n- 2\n','2007-06-08 19:58:11'),(1378,185,'TaskValue',3,NULL,NULL,'create','--- \nstorage_unit: \n- \n- \"\"\ndisplay_unit: \n- \n- \"%\"\nupdated_at: \n- \n- &id001 2007-06-08 19:58:11.017539 Z\ntask_id: \n- \n- 3\nupdated_by_user_id: \n- 1\n- 3\ntask_context_id: \n- \n- 66\nid: \n- \n- 185\nparameter_id: \n- \n- 36\ncreated_by_user_id: \n- 1\n- 3\ndata_value: \n- \n- 0.96\ncreated_at: \n- \n- *id001\n','2007-06-08 19:58:11'),(1379,146,'TaskValue',3,NULL,NULL,'update','--- \nupdated_at: \n- 2007-06-08 19:35:52 Z\n- 2007-06-08 19:58:11.163237 Z\nlock_version: \n- 8\n- 9\n','2007-06-08 19:58:11'),(1380,147,'TaskValue',3,NULL,NULL,'update','--- \nupdated_at: \n- 2007-06-08 19:35:52 Z\n- 2007-06-08 19:58:11.185296 Z\nlock_version: \n- 8\n- 9\n','2007-06-08 19:58:11'),(1381,170,'TaskValue',3,NULL,NULL,'update','--- \nupdated_at: \n- 2007-06-08 19:35:52 Z\n- 2007-06-08 19:58:11.198407 Z\nlock_version: \n- 1\n- 2\n','2007-06-08 19:58:11'),(1382,186,'TaskValue',3,NULL,NULL,'create','--- \nstorage_unit: \n- \n- \"\"\ndisplay_unit: \n- \n- \"%\"\nupdated_at: \n- \n- &id001 2007-06-08 19:58:11.211326 Z\ntask_id: \n- \n- 3\nupdated_by_user_id: \n- 1\n- 3\ntask_context_id: \n- \n- 67\nid: \n- \n- 186\nparameter_id: \n- \n- 36\ncreated_by_user_id: \n- 1\n- 3\ndata_value: \n- \n- 0.97\ncreated_at: \n- \n- *id001\n','2007-06-08 19:58:11'),(1383,148,'TaskValue',3,NULL,NULL,'update','--- \nupdated_at: \n- 2007-06-08 19:35:52 Z\n- 2007-06-08 19:58:11.230634 Z\nlock_version: \n- 8\n- 9\n','2007-06-08 19:58:11'),(1384,149,'TaskValue',3,NULL,NULL,'update','--- \nupdated_at: \n- 2007-06-08 19:35:52 Z\n- 2007-06-08 19:58:11.263170 Z\nlock_version: \n- 8\n- 9\n','2007-06-08 19:58:11'),(1385,171,'TaskValue',3,NULL,NULL,'update','--- \nupdated_at: \n- 2007-06-08 19:35:52 Z\n- 2007-06-08 19:58:11.278176 Z\nlock_version: \n- 1\n- 2\n','2007-06-08 19:58:11'),(1386,187,'TaskValue',3,NULL,NULL,'create','--- \nstorage_unit: \n- \n- \"\"\ndisplay_unit: \n- \n- \"%\"\nupdated_at: \n- \n- &id001 2007-06-08 19:58:11.291963 Z\ntask_id: \n- \n- 3\nupdated_by_user_id: \n- 1\n- 3\ntask_context_id: \n- \n- 68\nid: \n- \n- 187\nparameter_id: \n- \n- 36\ncreated_by_user_id: \n- 1\n- 3\ndata_value: \n- \n- 0.98\ncreated_at: \n- \n- *id001\n','2007-06-08 19:58:11'),(1387,150,'TaskValue',3,NULL,NULL,'update','--- \nupdated_at: \n- 2007-06-08 19:35:52 Z\n- 2007-06-08 19:58:11.311224 Z\nlock_version: \n- 8\n- 9\n','2007-06-08 19:58:11'),(1388,151,'TaskValue',3,NULL,NULL,'update','--- \nupdated_at: \n- 2007-06-08 19:35:52 Z\n- 2007-06-08 19:58:11.499716 Z\nlock_version: \n- 8\n- 9\n','2007-06-08 19:58:11'),(1389,172,'TaskValue',3,NULL,NULL,'update','--- \nupdated_at: \n- 2007-06-08 19:35:52 Z\n- 2007-06-08 19:58:11.519916 Z\nlock_version: \n- 1\n- 2\n','2007-06-08 19:58:11'),(1390,188,'TaskValue',3,NULL,NULL,'create','--- \nstorage_unit: \n- \n- \"\"\ndisplay_unit: \n- \n- \"%\"\nupdated_at: \n- \n- &id001 2007-06-08 19:58:11.533119 Z\ntask_id: \n- \n- 3\nupdated_by_user_id: \n- 1\n- 3\ntask_context_id: \n- \n- 69\nid: \n- \n- 188\nparameter_id: \n- \n- 36\ncreated_by_user_id: \n- 1\n- 3\ndata_value: \n- \n- 0.99\ncreated_at: \n- \n- *id001\n','2007-06-08 19:58:11'),(1391,152,'TaskValue',3,NULL,NULL,'update','--- \nupdated_at: \n- 2007-06-08 19:35:52 Z\n- 2007-06-08 19:58:11.552298 Z\nlock_version: \n- 8\n- 9\n','2007-06-08 19:58:11'),(1392,153,'TaskValue',3,NULL,NULL,'update','--- \nupdated_at: \n- 2007-06-08 19:35:52 Z\n- 2007-06-08 19:58:11.566665 Z\nlock_version: \n- 8\n- 9\n','2007-06-08 19:58:11'),(1393,173,'TaskValue',3,NULL,NULL,'update','--- \nupdated_at: \n- 2007-06-08 19:35:52 Z\n- 2007-06-08 19:58:11.581295 Z\nlock_version: \n- 1\n- 2\n','2007-06-08 19:58:11'),(1394,189,'TaskValue',3,NULL,NULL,'create','--- \nstorage_unit: \n- \n- \"\"\ndisplay_unit: \n- \n- \"%\"\nupdated_at: \n- \n- &id001 2007-06-08 19:58:11.592552 Z\ntask_id: \n- \n- 3\nupdated_by_user_id: \n- 1\n- 3\ntask_context_id: \n- \n- 70\nid: \n- \n- 189\nparameter_id: \n- \n- 36\ncreated_by_user_id: \n- 1\n- 3\ndata_value: \n- \n- 0.99\ncreated_at: \n- \n- *id001\n','2007-06-08 19:58:11'),(1395,154,'TaskValue',3,NULL,NULL,'update','--- \nupdated_at: \n- 2007-06-08 19:35:52 Z\n- 2007-06-08 19:58:11.610580 Z\nlock_version: \n- 8\n- 9\n','2007-06-08 19:58:11'),(1396,155,'TaskValue',3,NULL,NULL,'update','--- \nupdated_at: \n- 2007-06-08 19:35:52 Z\n- 2007-06-08 19:58:11.623793 Z\nlock_version: \n- 8\n- 9\n','2007-06-08 19:58:11'),(1397,174,'TaskValue',3,NULL,NULL,'update','--- \nupdated_at: \n- 2007-06-08 19:35:52 Z\n- 2007-06-08 19:58:11.832398 Z\nlock_version: \n- 1\n- 2\n','2007-06-08 19:58:11'),(1398,190,'TaskValue',3,NULL,NULL,'create','--- \nstorage_unit: \n- \n- \"\"\ndisplay_unit: \n- \n- \"%\"\nupdated_at: \n- \n- &id001 2007-06-08 19:58:11.844550 Z\ntask_id: \n- \n- 3\nupdated_by_user_id: \n- 1\n- 3\ntask_context_id: \n- \n- 71\nid: \n- \n- 190\nparameter_id: \n- \n- 36\ncreated_by_user_id: \n- 1\n- 3\ndata_value: \n- \n- 0.99\ncreated_at: \n- \n- *id001\n','2007-06-08 19:58:11'),(1399,156,'TaskValue',3,NULL,NULL,'update','--- \nupdated_at: \n- 2007-06-08 19:35:52 Z\n- 2007-06-08 19:58:11.862653 Z\nlock_version: \n- 8\n- 9\n','2007-06-08 19:58:11'),(1400,157,'TaskValue',3,NULL,NULL,'update','--- \nupdated_at: \n- 2007-06-08 19:35:52 Z\n- 2007-06-08 19:58:11.875617 Z\nlock_version: \n- 8\n- 9\n','2007-06-08 19:58:11'),(1401,158,'TaskValue',3,NULL,NULL,'update','--- \nupdated_at: \n- 2007-06-08 19:35:52 Z\n- 2007-06-08 19:58:11.898150 Z\nlock_version: \n- 8\n- 9\n','2007-06-08 19:58:11'),(1402,125,'TaskValue',3,NULL,NULL,'update','--- \nupdated_at: \n- 2007-06-08 19:35:52 Z\n- 2007-06-08 19:58:11.946002 Z\nlock_version: \n- 9\n- 10\n','2007-06-08 19:58:11'),(1403,91,'TaskValue',3,NULL,NULL,'update','--- \nupdated_at: \n- 2007-06-08 19:35:52 Z\n- 2007-06-08 19:58:12.091027 Z\nlock_version: \n- 8\n- 9\n','2007-06-08 19:58:12'),(1404,75,'TaskValue',3,NULL,NULL,'update','--- \nupdated_at: \n- 2007-06-08 19:35:52 Z\n- 2007-06-08 19:58:12.112470 Z\nlock_version: \n- 2\n- 3\n','2007-06-08 19:58:12'),(1405,59,'TaskValue',3,NULL,NULL,'update','--- \nupdated_at: \n- 2007-06-08 19:35:52 Z\n- 2007-06-08 19:58:12.125965 Z\nlock_version: \n- 2\n- 3\n','2007-06-08 19:58:12'),(1406,159,'TaskValue',3,NULL,NULL,'update','--- \nupdated_at: \n- 2007-06-08 19:35:52 Z\n- 2007-06-08 19:58:12.139426 Z\nlock_version: \n- 8\n- 9\n','2007-06-08 19:58:12'),(1407,92,'TaskValue',3,NULL,NULL,'update','--- \nupdated_at: \n- 2007-06-08 19:35:52 Z\n- 2007-06-08 19:58:12.152548 Z\nlock_version: \n- 9\n- 10\n','2007-06-08 19:58:12'),(1408,76,'TaskValue',3,NULL,NULL,'update','--- \nupdated_at: \n- 2007-06-08 19:35:52 Z\n- 2007-06-08 19:58:12.165458 Z\nlock_version: \n- 2\n- 3\n','2007-06-08 19:58:12'),(1409,60,'TaskValue',3,NULL,NULL,'update','--- \nupdated_at: \n- 2007-06-08 19:35:52 Z\n- 2007-06-08 19:58:12.178800 Z\nlock_version: \n- 2\n- 3\n','2007-06-08 19:58:12'),(1410,93,'TaskValue',3,NULL,NULL,'update','--- \nupdated_at: \n- 2007-06-08 19:35:53 Z\n- 2007-06-08 19:58:12.195080 Z\nlock_version: \n- 8\n- 9\n','2007-06-08 19:58:12'),(1411,77,'TaskValue',3,NULL,NULL,'update','--- \nupdated_at: \n- 2007-06-08 19:35:53 Z\n- 2007-06-08 19:58:12.207383 Z\nlock_version: \n- 2\n- 3\n','2007-06-08 19:58:12'),(1412,61,'TaskValue',3,NULL,NULL,'update','--- \nupdated_at: \n- 2007-06-08 19:35:53 Z\n- 2007-06-08 19:58:12.220594 Z\nlock_version: \n- 2\n- 3\n','2007-06-08 19:58:12'),(1413,108,'TaskValue',3,NULL,NULL,'update','--- \nupdated_at: \n- 2007-06-08 19:35:53 Z\n- 2007-06-08 19:58:12.232626 Z\nlock_version: \n- 8\n- 9\n','2007-06-08 19:58:12'),(1414,94,'TaskValue',3,NULL,NULL,'update','--- \nupdated_at: \n- 2007-06-08 19:35:53 Z\n- 2007-06-08 19:58:12.377902 Z\nlock_version: \n- 8\n- 9\n','2007-06-08 19:58:12'),(1415,78,'TaskValue',3,NULL,NULL,'update','--- \nupdated_at: \n- 2007-06-08 19:35:53 Z\n- 2007-06-08 19:58:12.399911 Z\nlock_version: \n- 2\n- 3\n','2007-06-08 19:58:12'),(1416,62,'TaskValue',3,NULL,NULL,'update','--- \nupdated_at: \n- 2007-06-08 19:35:53 Z\n- 2007-06-08 19:58:12.413178 Z\nlock_version: \n- 2\n- 3\n','2007-06-08 19:58:12'),(1417,109,'TaskValue',3,NULL,NULL,'update','--- \nupdated_at: \n- 2007-06-08 19:35:53 Z\n- 2007-06-08 19:58:12.425896 Z\nlock_version: \n- 8\n- 9\n','2007-06-08 19:58:12'),(1418,95,'TaskValue',3,NULL,NULL,'update','--- \nupdated_at: \n- 2007-06-08 19:35:53 Z\n- 2007-06-08 19:58:12.439174 Z\nlock_version: \n- 9\n- 10\n','2007-06-08 19:58:12'),(1419,79,'TaskValue',3,NULL,NULL,'update','--- \nupdated_at: \n- 2007-06-08 19:35:53 Z\n- 2007-06-08 19:58:12.452209 Z\nlock_version: \n- 2\n- 3\n','2007-06-08 19:58:12'),(1420,63,'TaskValue',3,NULL,NULL,'update','--- \nupdated_at: \n- 2007-06-08 19:35:53 Z\n- 2007-06-08 19:58:12.465000 Z\nlock_version: \n- 2\n- 3\n','2007-06-08 19:58:12'),(1421,110,'TaskValue',3,NULL,NULL,'update','--- \nupdated_at: \n- 2007-06-08 19:35:53 Z\n- 2007-06-08 19:58:12.477356 Z\nlock_version: \n- 8\n- 9\n','2007-06-08 19:58:12'),(1422,96,'TaskValue',3,NULL,NULL,'update','--- \nupdated_at: \n- 2007-06-08 19:35:53 Z\n- 2007-06-08 19:58:12.490320 Z\nlock_version: \n- 11\n- 12\n','2007-06-08 19:58:12'),(1423,80,'TaskValue',3,NULL,NULL,'update','--- \nupdated_at: \n- 2007-06-08 19:35:53 Z\n- 2007-06-08 19:58:12.503132 Z\nlock_version: \n- 2\n- 3\n','2007-06-08 19:58:12'),(1424,64,'TaskValue',3,NULL,NULL,'update','--- \nupdated_at: \n- 2007-06-08 19:35:53 Z\n- 2007-06-08 19:58:12.515510 Z\nlock_version: \n- 2\n- 3\n','2007-06-08 19:58:12'),(1425,111,'TaskValue',3,NULL,NULL,'update','--- \nupdated_at: \n- 2007-06-08 19:35:53 Z\n- 2007-06-08 19:58:12.527940 Z\nlock_version: \n- 8\n- 9\n','2007-06-08 19:58:12'),(1426,97,'TaskValue',3,NULL,NULL,'update','--- \nupdated_at: \n- 2007-06-08 19:35:53 Z\n- 2007-06-08 19:58:12.681589 Z\nlock_version: \n- 10\n- 11\n','2007-06-08 19:58:12'),(1427,81,'TaskValue',3,NULL,NULL,'update','--- \nupdated_at: \n- 2007-06-08 19:35:53 Z\n- 2007-06-08 19:58:12.694897 Z\nlock_version: \n- 2\n- 3\n','2007-06-08 19:58:12'),(1428,65,'TaskValue',3,NULL,NULL,'update','--- \nupdated_at: \n- 2007-06-08 19:35:53 Z\n- 2007-06-08 19:58:12.708033 Z\nlock_version: \n- 2\n- 3\n','2007-06-08 19:58:12'),(1429,112,'TaskValue',3,NULL,NULL,'update','--- \nupdated_at: \n- 2007-06-08 19:35:53 Z\n- 2007-06-08 19:58:12.720427 Z\nlock_version: \n- 8\n- 9\n','2007-06-08 19:58:12'),(1430,98,'TaskValue',3,NULL,NULL,'update','--- \nupdated_at: \n- 2007-06-08 19:35:53 Z\n- 2007-06-08 19:58:12.734571 Z\nlock_version: \n- 10\n- 11\n','2007-06-08 19:58:12'),(1431,82,'TaskValue',3,NULL,NULL,'update','--- \nupdated_at: \n- 2007-06-08 19:35:53 Z\n- 2007-06-08 19:58:12.747318 Z\nlock_version: \n- 2\n- 3\n','2007-06-08 19:58:12'),(1432,66,'TaskValue',3,NULL,NULL,'update','--- \nupdated_at: \n- 2007-06-08 19:35:53 Z\n- 2007-06-08 19:58:12.761766 Z\nlock_version: \n- 2\n- 3\n','2007-06-08 19:58:12'),(1433,113,'TaskValue',3,NULL,NULL,'update','--- \nupdated_at: \n- 2007-06-08 19:35:53 Z\n- 2007-06-08 19:58:12.774107 Z\nlock_version: \n- 8\n- 9\n','2007-06-08 19:58:12'),(1434,99,'TaskValue',3,NULL,NULL,'update','--- \nupdated_at: \n- 2007-06-08 19:35:53 Z\n- 2007-06-08 19:58:12.786931 Z\nlock_version: \n- 10\n- 11\n','2007-06-08 19:58:12'),(1435,83,'TaskValue',3,NULL,NULL,'update','--- \nupdated_at: \n- 2007-06-08 19:35:53 Z\n- 2007-06-08 19:58:12.799411 Z\nlock_version: \n- 2\n- 3\n','2007-06-08 19:58:12'),(1436,67,'TaskValue',3,NULL,NULL,'update','--- \nupdated_at: \n- 2007-06-08 19:35:53 Z\n- 2007-06-08 19:58:12.811861 Z\nlock_version: \n- 2\n- 3\ndata_value: \n- 0.95\n- 0.95\n','2007-06-08 19:58:12'),(1437,114,'TaskValue',3,NULL,NULL,'update','--- \nupdated_at: \n- 2007-06-08 19:35:53 Z\n- 2007-06-08 19:58:12.980303 Z\nlock_version: \n- 8\n- 9\n','2007-06-08 19:58:13'),(1438,100,'TaskValue',3,NULL,NULL,'update','--- \nupdated_at: \n- 2007-06-08 19:35:53 Z\n- 2007-06-08 19:58:13.014486 Z\nlock_version: \n- 8\n- 9\n','2007-06-08 19:58:13'),(1439,84,'TaskValue',3,NULL,NULL,'update','--- \nupdated_at: \n- 2007-06-08 19:35:53 Z\n- 2007-06-08 19:58:13.029893 Z\nlock_version: \n- 2\n- 3\n','2007-06-08 19:58:13'),(1440,68,'TaskValue',3,NULL,NULL,'update','--- \nupdated_at: \n- 2007-06-08 19:35:53 Z\n- 2007-06-08 19:58:13.045289 Z\nlock_version: \n- 2\n- 3\n','2007-06-08 19:58:13'),(1441,115,'TaskValue',3,NULL,NULL,'update','--- \nupdated_at: \n- 2007-06-08 19:35:53 Z\n- 2007-06-08 19:58:13.059596 Z\nlock_version: \n- 8\n- 9\n','2007-06-08 19:58:13'),(1442,101,'TaskValue',3,NULL,NULL,'update','--- \nupdated_at: \n- 2007-06-08 19:35:53 Z\n- 2007-06-08 19:58:13.073505 Z\nlock_version: \n- 8\n- 9\n','2007-06-08 19:58:13'),(1443,85,'TaskValue',3,NULL,NULL,'update','--- \nupdated_at: \n- 2007-06-08 19:35:54 Z\n- 2007-06-08 19:58:13.088195 Z\nlock_version: \n- 2\n- 3\n','2007-06-08 19:58:13'),(1444,69,'TaskValue',3,NULL,NULL,'update','--- \nupdated_at: \n- 2007-06-08 19:35:54 Z\n- 2007-06-08 19:58:13.101006 Z\nlock_version: \n- 2\n- 3\n','2007-06-08 19:58:13'),(1445,116,'TaskValue',3,NULL,NULL,'update','--- \nupdated_at: \n- 2007-06-08 19:35:54 Z\n- 2007-06-08 19:58:13.113010 Z\nlock_version: \n- 8\n- 9\n','2007-06-08 19:58:13'),(1446,102,'TaskValue',3,NULL,NULL,'update','--- \nupdated_at: \n- 2007-06-08 19:35:54 Z\n- 2007-06-08 19:58:13.126043 Z\nlock_version: \n- 8\n- 9\n','2007-06-08 19:58:13'),(1447,86,'TaskValue',3,NULL,NULL,'update','--- \nupdated_at: \n- 2007-06-08 19:35:54 Z\n- 2007-06-08 19:58:13.138360 Z\nlock_version: \n- 2\n- 3\n','2007-06-08 19:58:13'),(1448,70,'TaskValue',3,NULL,NULL,'update','--- \nupdated_at: \n- 2007-06-08 19:35:54 Z\n- 2007-06-08 19:58:13.292457 Z\nlock_version: \n- 2\n- 3\n','2007-06-08 19:58:13'),(1449,117,'TaskValue',3,NULL,NULL,'update','--- \nupdated_at: \n- 2007-06-08 19:35:54 Z\n- 2007-06-08 19:58:13.306262 Z\nlock_version: \n- 8\n- 9\n','2007-06-08 19:58:13'),(1450,103,'TaskValue',3,NULL,NULL,'update','--- \nupdated_at: \n- 2007-06-08 19:35:54 Z\n- 2007-06-08 19:58:13.320500 Z\nlock_version: \n- 8\n- 9\n','2007-06-08 19:58:13'),(1451,87,'TaskValue',3,NULL,NULL,'update','--- \nupdated_at: \n- 2007-06-08 19:35:54 Z\n- 2007-06-08 19:58:13.333334 Z\nlock_version: \n- 2\n- 3\n','2007-06-08 19:58:13'),(1452,71,'TaskValue',3,NULL,NULL,'update','--- \nupdated_at: \n- 2007-06-08 19:35:54 Z\n- 2007-06-08 19:58:13.346614 Z\nlock_version: \n- 2\n- 3\n','2007-06-08 19:58:13'),(1453,118,'TaskValue',3,NULL,NULL,'update','--- \nupdated_at: \n- 2007-06-08 19:35:54 Z\n- 2007-06-08 19:58:13.358639 Z\nlock_version: \n- 8\n- 9\n','2007-06-08 19:58:13'),(1454,104,'TaskValue',3,NULL,NULL,'update','--- \nupdated_at: \n- 2007-06-08 19:35:54 Z\n- 2007-06-08 19:58:13.371973 Z\nlock_version: \n- 8\n- 9\n','2007-06-08 19:58:13'),(1455,88,'TaskValue',3,NULL,NULL,'update','--- \nupdated_at: \n- 2007-06-08 19:35:54 Z\n- 2007-06-08 19:58:13.385388 Z\nlock_version: \n- 2\n- 3\n','2007-06-08 19:58:13'),(1456,72,'TaskValue',3,NULL,NULL,'update','--- \nupdated_at: \n- 2007-06-08 19:35:54 Z\n- 2007-06-08 19:58:13.398343 Z\nlock_version: \n- 2\n- 3\n','2007-06-08 19:58:13'),(1457,119,'TaskValue',3,NULL,NULL,'update','--- \nupdated_at: \n- 2007-06-08 19:35:54 Z\n- 2007-06-08 19:58:13.409936 Z\nlock_version: \n- 8\n- 9\n','2007-06-08 19:58:13'),(1458,105,'TaskValue',3,NULL,NULL,'update','--- \nupdated_at: \n- 2007-06-08 19:35:54 Z\n- 2007-06-08 19:58:13.423164 Z\nlock_version: \n- 8\n- 9\n','2007-06-08 19:58:13'),(1459,89,'TaskValue',3,NULL,NULL,'update','--- \nupdated_at: \n- 2007-06-08 19:35:54 Z\n- 2007-06-08 19:58:13.576143 Z\nlock_version: \n- 2\n- 3\n','2007-06-08 19:58:13'),(1460,73,'TaskValue',3,NULL,NULL,'update','--- \nupdated_at: \n- 2007-06-08 19:35:54 Z\n- 2007-06-08 19:58:13.590191 Z\nlock_version: \n- 3\n- 4\n','2007-06-08 19:58:13'),(1461,120,'TaskValue',3,NULL,NULL,'update','--- \nupdated_at: \n- 2007-06-08 19:35:54 Z\n- 2007-06-08 19:58:13.602422 Z\nlock_version: \n- 9\n- 10\n','2007-06-08 19:58:13'),(1462,106,'TaskValue',3,NULL,NULL,'update','--- \nupdated_at: \n- 2007-06-08 19:35:54 Z\n- 2007-06-08 19:58:13.616085 Z\nlock_version: \n- 8\n- 9\n','2007-06-08 19:58:13'),(1463,90,'TaskValue',3,NULL,NULL,'update','--- \nupdated_at: \n- 2007-06-08 19:35:54 Z\n- 2007-06-08 19:58:13.629040 Z\nlock_version: \n- 2\n- 3\n','2007-06-08 19:58:13'),(1464,74,'TaskValue',3,NULL,NULL,'update','--- \nupdated_at: \n- 2007-06-08 19:35:54 Z\n- 2007-06-08 19:58:13.642135 Z\nlock_version: \n- 2\n- 3\n','2007-06-08 19:58:13'),(1465,121,'TaskValue',3,NULL,NULL,'update','--- \nupdated_at: \n- 2007-06-08 19:35:54 Z\n- 2007-06-08 19:58:13.654157 Z\nlock_version: \n- 8\n- 9\n','2007-06-08 19:58:13'),(1466,123,'TaskValue',3,NULL,NULL,'update','--- \nupdated_at: \n- 2007-06-08 19:35:54 Z\n- 2007-06-08 19:58:13.667082 Z\nlock_version: \n- 8\n- 9\n','2007-06-08 19:58:13'),(1467,122,'TaskValue',3,NULL,NULL,'update','--- \nupdated_at: \n- 2007-06-08 19:35:54 Z\n- 2007-06-08 19:58:13.680280 Z\nlock_version: \n- 8\n- 9\n','2007-06-08 19:58:13'),(1468,1,'List',3,NULL,NULL,'create','--- \nname: \n- \n- Req-21\nupdated_at: \n- \n- &id001 2007-06-08 20:01:58.126000 Z\ntype: \n- \n- RequestList\nupdated_by_user_id: \n- 1\n- 3\nid: \n- \n- 1\ndata_element_id: \n- \n- 35\ncreated_by_user_id: \n- 1\n- 3\ncreated_at: \n- \n- *id001\n','2007-06-08 20:01:58'),(1469,1,'Request',3,NULL,NULL,'create','--- \nname: \n- \"\"\n- Req-21\nproject_id: \n- \n- 13\nupdated_at: \n- \n- &id001 2007-06-08 20:01:58.167672 Z\npriority_id: \n- \n- 1\nexpected_at: \n- \n- \"2007-06-29\"\nupdated_by_user_id: \n- 1\n- 3\nid: \n- \n- 1\ndescription: \n- \n- run my compounds first please.\nrequested_by_user_id: \n- 1\n- 3\nlist_id: \n- \n- 1\ndata_element_id: \n- \n- 35\ncreated_by_user_id: \n- 1\n- 3\ncreated_at: \n- \n- *id001\n','2007-06-08 20:01:58'),(1470,20,'ProjectElement',3,NULL,NULL,'create','--- \nname: \n- \"\"\n- Req-21\nproject_id: \n- \n- 13\nupdated_at: \n- \n- &id001 2007-06-08 20:01:59.213528 Z\ntype: \n- ProjectElement\n- ProjectFolder\nupdated_by_user_id: \n- 1\n- 3\nid: \n- \n- 20\nreference_type: \n- \n- Request\nreference_id: \n- \n- 1\ncreated_by_user_id: \n- 1\n- 3\nposition: \n- 1\n- 4\nparent_id: \n- \n- 5\ncreated_at: \n- \n- *id001\n','2007-06-08 20:01:59'),(1471,20,'ProjectElement',3,NULL,NULL,'update','--- \nupdated_at: \n- 2007-06-08 20:01:59.213528 Z\n- 2007-06-08 20:01:59.281414 Z\nlock_version: \n- 0\n- 1\n','2007-06-08 20:01:59'),(1472,1,'RequestService',3,NULL,NULL,'create','--- \nname: \n- \"\"\n- RS-1-1\nupdated_at: \n- \n- &id001 2007-06-08 20:02:06.331968 Z\nrequest_id: \n- \n- 1\nexpected_at: \n- \n- 2007-06-29 00:00:00 Z\nupdated_by_user_id: \n- 1\n- 3\nservice_id: \n- \n- 1\nid: \n- \n- 1\nrequested_by_user_id: \n- 1\n- 3\nassigned_to_user_id: \n- 1\n- 3\ncreated_by_user_id: \n- 1\n- 3\ncreated_at: \n- \n- *id001\n','2007-06-08 20:02:06'),(1473,2,'RequestService',3,NULL,NULL,'create','--- \nname: \n- \"\"\n- RS-1-2\nupdated_at: \n- \n- &id001 2007-06-08 20:02:17.082018 Z\nrequest_id: \n- \n- 1\nexpected_at: \n- \n- 2007-06-29 00:00:00 Z\nupdated_by_user_id: \n- 1\n- 3\nservice_id: \n- \n- 2\nid: \n- \n- 2\nrequested_by_user_id: \n- 1\n- 3\nassigned_to_user_id: \n- 1\n- 3\ncreated_by_user_id: \n- 1\n- 3\ncreated_at: \n- \n- *id001\n','2007-06-08 20:02:17'),(1474,1,'Request',3,NULL,NULL,'update','--- \nupdated_at: \n- 2007-06-08 20:01:58 Z\n- 2007-06-08 20:03:32.765147 Z\nlock_version: \n- 0\n- 1\n','2007-06-08 20:03:32'),(1475,1,'QueueItem',3,NULL,NULL,'create','--- \nname: \n- \n- AB001000\ndata_name: \n- \n- AB001000\nupdated_at: \n- \n- &id001 2007-06-08 20:03:33.029864 Z\ncomments: \n- \n- From RS-1-1\nstudy_queue_id: \n- \n- 1\nrequest_service_id: \n- \n- 1\ndata_type: \n- \n- Compound\npriority_id: \n- \n- 1\nexpected_at: \n- \n- 2007-06-29 00:00:00 Z\nupdated_by_user_id: \n- 1\n- 3\nid: \n- \n- 1\nassigned_to_user_id: \n- 1\n- 3\nrequested_by_user_id: \n- 1\n- 3\nstudy_parameter_id: \n- \n- 6\ncreated_by_user_id: \n- 1\n- 3\ndata_id: \n- \n- 1000\ncreated_at: \n- \n- *id001\n','2007-06-08 20:03:33'),(1476,1,'QueueItem',3,NULL,NULL,'update','--- \nupdated_at: \n- 2007-06-08 20:03:33.029864 Z\n- 2007-06-08 20:03:33.064574 Z\nlock_version: \n- 0\n- 1\n','2007-06-08 20:03:33'),(1477,2,'QueueItem',3,NULL,NULL,'create','--- \nname: \n- \n- AB00101\ndata_name: \n- \n- AB00101\nupdated_at: \n- \n- &id001 2007-06-08 20:03:33.078072 Z\ncomments: \n- \n- From RS-1-1\nstudy_queue_id: \n- \n- 1\nrequest_service_id: \n- \n- 1\ndata_type: \n- \n- Compound\npriority_id: \n- \n- 1\nexpected_at: \n- \n- 2007-06-29 00:00:00 Z\nupdated_by_user_id: \n- 1\n- 3\nid: \n- \n- 2\nassigned_to_user_id: \n- 1\n- 3\nrequested_by_user_id: \n- 1\n- 3\nstudy_parameter_id: \n- \n- 6\ncreated_by_user_id: \n- 1\n- 3\ndata_id: \n- \n- 101\ncreated_at: \n- \n- *id001\n','2007-06-08 20:03:33'),(1478,2,'QueueItem',3,NULL,NULL,'update','--- \nupdated_at: \n- 2007-06-08 20:03:33.078072 Z\n- 2007-06-08 20:03:33.102570 Z\nlock_version: \n- 0\n- 1\n','2007-06-08 20:03:33'),(1479,3,'QueueItem',3,NULL,NULL,'create','--- \nname: \n- \n- AB00103\ndata_name: \n- \n- AB00103\nupdated_at: \n- \n- &id001 2007-06-08 20:03:33.245146 Z\ncomments: \n- \n- From RS-1-1\nstudy_queue_id: \n- \n- 1\nrequest_service_id: \n- \n- 1\ndata_type: \n- \n- Compound\npriority_id: \n- \n- 1\nexpected_at: \n- \n- 2007-06-29 00:00:00 Z\nupdated_by_user_id: \n- 1\n- 3\nid: \n- \n- 3\nassigned_to_user_id: \n- 1\n- 3\nrequested_by_user_id: \n- 1\n- 3\nstudy_parameter_id: \n- \n- 6\ncreated_by_user_id: \n- 1\n- 3\ndata_id: \n- \n- 103\ncreated_at: \n- \n- *id001\n','2007-06-08 20:03:33'),(1480,3,'QueueItem',3,NULL,NULL,'update','--- \nupdated_at: \n- 2007-06-08 20:03:33.245146 Z\n- 2007-06-08 20:03:33.271978 Z\nlock_version: \n- 0\n- 1\n','2007-06-08 20:03:33'),(1481,1,'RequestService',3,NULL,NULL,'update','--- \nupdated_at: \n- 2007-06-08 20:02:06 Z\n- 2007-06-08 20:03:33.282770 Z\npriority_id: \n- \n- 1\nlock_version: \n- 0\n- 1\n','2007-06-08 20:03:33'),(1482,4,'QueueItem',3,NULL,NULL,'create','--- \nname: \n- \n- AB001000\ndata_name: \n- \n- AB001000\nupdated_at: \n- \n- &id001 2007-06-08 20:03:33.313007 Z\ncomments: \n- \n- From RS-1-2\nstudy_queue_id: \n- \n- 2\nrequest_service_id: \n- \n- 2\ndata_type: \n- \n- Compound\npriority_id: \n- \n- 1\nexpected_at: \n- \n- 2007-06-29 00:00:00 Z\nupdated_by_user_id: \n- 1\n- 3\nid: \n- \n- 4\nassigned_to_user_id: \n- 1\n- 3\nrequested_by_user_id: \n- 1\n- 3\nstudy_parameter_id: \n- \n- 14\ncreated_by_user_id: \n- 1\n- 3\ndata_id: \n- \n- 1000\ncreated_at: \n- \n- *id001\n','2007-06-08 20:03:33'),(1483,4,'QueueItem',3,NULL,NULL,'update','--- \nupdated_at: \n- 2007-06-08 20:03:33.313007 Z\n- 2007-06-08 20:03:33.334287 Z\nlock_version: \n- 0\n- 1\n','2007-06-08 20:03:33'),(1484,5,'QueueItem',3,NULL,NULL,'create','--- \nname: \n- \n- AB00101\ndata_name: \n- \n- AB00101\nupdated_at: \n- \n- &id001 2007-06-08 20:03:33.481743 Z\ncomments: \n- \n- From RS-1-2\nstudy_queue_id: \n- \n- 2\nrequest_service_id: \n- \n- 2\ndata_type: \n- \n- Compound\npriority_id: \n- \n- 1\nexpected_at: \n- \n- 2007-06-29 00:00:00 Z\nupdated_by_user_id: \n- 1\n- 3\nid: \n- \n- 5\nassigned_to_user_id: \n- 1\n- 3\nrequested_by_user_id: \n- 1\n- 3\nstudy_parameter_id: \n- \n- 14\ncreated_by_user_id: \n- 1\n- 3\ndata_id: \n- \n- 101\ncreated_at: \n- \n- *id001\n','2007-06-08 20:03:33'),(1485,5,'QueueItem',3,NULL,NULL,'update','--- \nupdated_at: \n- 2007-06-08 20:03:33.481743 Z\n- 2007-06-08 20:03:33.503152 Z\nlock_version: \n- 0\n- 1\n','2007-06-08 20:03:33'),(1486,6,'QueueItem',3,NULL,NULL,'create','--- \nname: \n- \n- AB00103\ndata_name: \n- \n- AB00103\nupdated_at: \n- \n- &id001 2007-06-08 20:03:33.514540 Z\ncomments: \n- \n- From RS-1-2\nstudy_queue_id: \n- \n- 2\nrequest_service_id: \n- \n- 2\ndata_type: \n- \n- Compound\npriority_id: \n- \n- 1\nexpected_at: \n- \n- 2007-06-29 00:00:00 Z\nupdated_by_user_id: \n- 1\n- 3\nid: \n- \n- 6\nassigned_to_user_id: \n- 1\n- 3\nrequested_by_user_id: \n- 1\n- 3\nstudy_parameter_id: \n- \n- 14\ncreated_by_user_id: \n- 1\n- 3\ndata_id: \n- \n- 103\ncreated_at: \n- \n- *id001\n','2007-06-08 20:03:33'),(1487,6,'QueueItem',3,NULL,NULL,'update','--- \nupdated_at: \n- 2007-06-08 20:03:33.514540 Z\n- 2007-06-08 20:03:33.535553 Z\nlock_version: \n- 0\n- 1\n','2007-06-08 20:03:33'),(1488,2,'RequestService',3,NULL,NULL,'update','--- \nupdated_at: \n- 2007-06-08 20:02:17 Z\n- 2007-06-08 20:03:33.545746 Z\npriority_id: \n- \n- 1\nlock_version: \n- 0\n- 1\n','2007-06-08 20:03:33'),(1489,5,'QueueItem',3,NULL,NULL,'update','--- \nupdated_at: \n- 2007-06-08 20:03:33 Z\n- 2007-06-08 20:40:26.971251 Z\nlock_version: \n- 1\n- 2\nstatus_id: \n- 0\n- 1\nstarted_at: \n- \n- !timestamp 2007-06-08T21:40:26+0100\n','2007-06-08 20:40:26'),(1490,6,'QueueItem',3,NULL,NULL,'update','--- \nupdated_at: \n- 2007-06-08 20:03:33 Z\n- 2007-06-08 20:40:29.358287 Z\nended_at: \n- \n- !timestamp 2007-06-08T21:40:29+0100\nlock_version: \n- 1\n- 2\nstatus_id: \n- 0\n- -1\nstarted_at: \n- \n- !timestamp 2007-06-08T21:40:29+0100\n','2007-06-08 20:40:29'),(1491,5,'QueueItem',3,NULL,NULL,'update','--- \nupdated_at: \n- 2007-06-08 20:40:26 Z\n- 2007-06-08 20:43:38.878863 Z\nlock_version: \n- 2\n- 3\nstatus_id: \n- 1\n- 2\n','2007-06-08 20:43:38'),(1492,5,'QueueItem',3,NULL,NULL,'update','--- \nupdated_at: \n- 2007-06-08 20:43:38 Z\n- 2007-06-08 20:43:47.955211 Z\nlock_version: \n- 3\n- 4\nstatus_id: \n- 2\n- 3\n','2007-06-08 20:43:48'),(1493,5,'QueueItem',3,NULL,NULL,'update','--- \nupdated_at: \n- 2007-06-08 20:43:47 Z\n- 2007-06-08 20:43:52.251745 Z\nlock_version: \n- 4\n- 5\nstatus_id: \n- 3\n- 4\n','2007-06-08 20:43:52'),(1494,5,'QueueItem',3,NULL,NULL,'update','--- \nupdated_at: \n- 2007-06-08 20:43:52 Z\n- 2007-06-08 20:43:56.501845 Z\nended_at: \n- \n- !timestamp 2007-06-08T21:43:56+0100\nlock_version: \n- 5\n- 6\nstatus_id: \n- 4\n- 5\n','2007-06-08 20:43:56'),(1495,5,'QueueItem',3,NULL,NULL,'update','--- \nupdated_at: \n- 2007-06-08 20:43:56 Z\n- 2007-06-08 20:44:01.905389 Z\nended_at: \n- 2007-06-08 21:43:56 Z\n- !timestamp 2007-06-08T21:44:01+0100\nlock_version: \n- 6\n- 7\nstatus_id: \n- 5\n- -1\n','2007-06-08 20:44:01'),(1496,5,'QueueItem',3,NULL,NULL,'update','--- \nupdated_at: \n- 2007-06-08 20:44:01 Z\n- 2007-06-08 20:44:07.046223 Z\nlock_version: \n- 7\n- 8\nstatus_id: \n- -1\n- 0\n','2007-06-08 20:44:07'),(1497,6,'QueueItem',3,NULL,NULL,'update','--- \nupdated_at: \n- 2007-06-08 20:40:29 Z\n- 2007-06-08 20:44:20.392872 Z\nended_at: \n- 2007-06-08 21:40:29 Z\n- !timestamp 2007-06-08T21:44:20+0100\nlock_version: \n- 2\n- 3\n','2007-06-08 20:44:20'),(1498,6,'QueueItem',3,NULL,NULL,'update','--- \nupdated_at: \n- 2007-06-08 20:44:20 Z\n- 2007-06-08 20:44:29.278690 Z\nlock_version: \n- 3\n- 4\nstatus_id: \n- -1\n- 0\n','2007-06-08 20:44:29'),(1499,6,'QueueItem',3,NULL,NULL,'update','--- \nupdated_at: \n- 2007-06-08 20:44:29 Z\n- 2007-06-08 20:50:48.646030 Z\nlock_version: \n- 4\n- 5\n','2007-06-08 20:50:48'),(1500,4,'QueueItem',3,NULL,NULL,'update','--- \nupdated_at: \n- 2007-06-08 20:03:33 Z\n- 2007-06-08 20:50:52.573537 Z\nlock_version: \n- 1\n- 2\n','2007-06-08 20:50:52'),(1501,6,'QueueItem',3,NULL,NULL,'update','--- \nupdated_at: \n- 2007-06-08 20:50:48 Z\n- 2007-06-08 20:51:13.195361 Z\nlock_version: \n- 5\n- 6\nstatus_id: \n- 0\n- 1\n','2007-06-08 20:51:13'),(1502,4,'QueueItem',3,NULL,NULL,'update','--- \nupdated_at: \n- 2007-06-08 20:50:52 Z\n- 2007-06-08 20:51:16.769163 Z\nlock_version: \n- 2\n- 3\nstatus_id: \n- 0\n- 1\nstarted_at: \n- \n- !timestamp 2007-06-08T21:51:16+0100\n','2007-06-08 20:51:16'),(1503,5,'QueueItem',3,NULL,NULL,'update','--- \nupdated_at: \n- 2007-06-08 20:44:07 Z\n- 2007-06-08 20:53:16.447689 Z\nlock_version: \n- 8\n- 9\nstatus_id: \n- 0\n- 1\n','2007-06-08 20:53:16'),(1504,6,'QueueItem',3,NULL,NULL,'update','--- \nupdated_at: \n- 2007-06-08 20:51:13 Z\n- 2007-06-08 20:53:20.534925 Z\nlock_version: \n- 6\n- 7\n','2007-06-08 20:53:20'),(1505,4,'QueueItem',3,NULL,NULL,'update','--- \nupdated_at: \n- 2007-06-08 20:51:16 Z\n- 2007-06-08 20:55:08.447360 Z\nlock_version: \n- 3\n- 4\nstatus_id: \n- 1\n- 3\n','2007-06-08 20:55:08'),(1506,6,'QueueItem',3,NULL,NULL,'update','--- \nupdated_at: \n- 2007-06-08 20:53:20 Z\n- 2007-06-08 20:55:08.463369 Z\nlock_version: \n- 7\n- 8\nstatus_id: \n- 1\n- 3\n','2007-06-08 20:55:08'),(1507,5,'QueueItem',3,NULL,NULL,'update','--- \nupdated_at: \n- 2007-06-08 20:53:16 Z\n- 2007-06-08 20:55:08.593554 Z\nlock_version: \n- 9\n- 10\nstatus_id: \n- 1\n- 3\n','2007-06-08 20:55:08'),(1508,2,'RequestService',3,NULL,NULL,'update','--- \nupdated_at: \n- 2007-06-08 20:03:33 Z\n- 2007-06-08 20:55:08.604030 Z\nlock_version: \n- 1\n- 2\nstatus_id: \n- 0\n- 3\nstarted_at: \n- \n- !timestamp 2007-06-08T21:55:08+0100\n','2007-06-08 20:55:08'),(1509,4,'QueueItem',3,NULL,NULL,'update','--- \nupdated_at: \n- 2007-06-08 20:55:08 Z\n- 2007-06-08 20:55:26.628669 Z\nlock_version: \n- 4\n- 5\n','2007-06-08 20:55:26'),(1510,6,'QueueItem',3,NULL,NULL,'update','--- \nupdated_at: \n- 2007-06-08 20:55:08 Z\n- 2007-06-08 20:55:26.762783 Z\nlock_version: \n- 8\n- 9\n','2007-06-08 20:55:26'),(1511,5,'QueueItem',3,NULL,NULL,'update','--- \nupdated_at: \n- 2007-06-08 20:55:08 Z\n- 2007-06-08 20:55:26.776917 Z\nlock_version: \n- 10\n- 11\n','2007-06-08 20:55:26'),(1512,2,'RequestService',3,NULL,NULL,'update','--- \nupdated_at: \n- 2007-06-08 20:55:08 Z\n- 2007-06-08 20:55:26.787303 Z\nlock_version: \n- 2\n- 3\n','2007-06-08 20:55:26'),(1513,4,'Study',3,NULL,NULL,'create','--- \nname: \n- \"\"\n- Clinical\npurpose: \n- \n- \"\"\nproject_id: \n- \n- 13\nupdated_at: \n- \n- &id001 2007-06-08 21:17:02.196933 Z\nexpected_at: \n- \n- 2007-06-22 00:00:00 Z\nupdated_by_user_id: \n- 1\n- 3\nid: \n- \n- 4\ndescription: \n- \n- \"The world of complex results contexts \"\ncreated_by_user_id: \n- 1\n- 3\nresearch_area: \n- \n- \"42\"\nstarted_at: \n- \n- 2007-06-08 00:00:00 Z\ncreated_at: \n- \n- *id001\n','2007-06-08 21:17:02'),(1514,21,'ProjectElement',3,NULL,NULL,'create','--- \nname: \n- \"\"\n- Clinical\nproject_id: \n- \n- 13\nupdated_at: \n- \n- &id001 2007-06-08 21:17:02.717733 Z\ntype: \n- ProjectElement\n- ProjectFolder\nupdated_by_user_id: \n- 1\n- 3\nid: \n- \n- 21\nreference_type: \n- \n- Study\nreference_id: \n- \n- 4\ncreated_by_user_id: \n- 1\n- 3\nposition: \n- 1\n- 5\nparent_id: \n- \n- 5\ncreated_at: \n- \n- *id001\n','2007-06-08 21:17:02'),(1515,21,'ProjectElement',3,NULL,NULL,'update','--- \nupdated_at: \n- 2007-06-08 21:17:02.717733 Z\n- 2007-06-08 21:17:02.745502 Z\nlock_version: \n- 0\n- 1\n','2007-06-08 21:17:02'),(1516,4,'Study',3,NULL,NULL,'update','--- \nupdated_at: \n- 2007-06-08 21:17:02.196933 Z\n- 2007-06-08 21:17:02.402381 Z\nlock_version: \n- 0\n- 1\n','2007-06-08 21:17:02'),(1517,6,'StudyProtocol',3,NULL,NULL,'create','--- \nname: \n- \"\"\n- Prot-25\nstudy_stage_id: \n- 1\n- 5\nupdated_at: \n- \n- &id001 2007-06-08 21:28:01.544977 Z\nprotocol_status: \n- \n- Finished\nupdated_by_user_id: \n- 1\n- 3\nprotocol_catagory: \n- \n- Profile\nid: \n- \n- 6\ndescription: \n- \n- new protocol created for study Clinical\nstudy_id: \n- \n- 4\ncreated_by_user_id: \n- 1\n- 3\nliterature_ref: \n- \n- moose\ncreated_at: \n- \n- *id001\n','2007-06-08 21:28:01'),(1518,22,'ProjectElement',3,NULL,NULL,'create','--- \nname: \n- \"\"\n- Prot-25\nproject_id: \n- \n- 13\nupdated_at: \n- \n- &id001 2007-06-08 21:28:01.636208 Z\ntype: \n- ProjectElement\n- ProjectFolder\nupdated_by_user_id: \n- 1\n- 3\nid: \n- \n- 22\nreference_type: \n- \n- StudyProtocol\nreference_id: \n- \n- 6\ncreated_by_user_id: \n- 1\n- 3\nposition: \n- 1\n- 0\nparent_id: \n- \n- 21\ncreated_at: \n- \n- *id001\n','2007-06-08 21:28:01'),(1519,22,'ProjectElement',3,NULL,NULL,'update','--- \nupdated_at: \n- 2007-06-08 21:28:01.636208 Z\n- 2007-06-08 21:28:01.788786 Z\nlock_version: \n- 0\n- 1\n','2007-06-08 21:28:01'),(1520,8,'ProtocolVersion',3,NULL,NULL,'create','--- \nname: \n- \n- Prot-25:1\nupdated_at: \n- \n- &id001 2007-06-08 21:28:01.834291 Z\nupdated_by_user_id: \n- 1\n- 3\nstudy_protocol_id: \n- \n- 6\nid: \n- \n- 8\nversion: \n- \n- 1\ncreated_by_user_id: \n- 1\n- 3\ncreated_at: \n- \n- *id001\n','2007-06-08 21:28:01'),(1521,8,'ProtocolVersion',3,NULL,NULL,'update','--- \nupdated_at: \n- 2007-06-08 21:28:01.834291 Z\n- 2007-06-08 21:28:01.872492 Z\nlock_version: \n- 0\n- 1\n','2007-06-08 21:28:01'),(1522,6,'StudyProtocol',3,NULL,NULL,'update','--- \nupdated_at: \n- 2007-06-08 21:28:01.544977 Z\n- 2007-06-08 21:28:01.886574 Z\nlock_version: \n- 0\n- 1\ncurrent_process_id: \n- \n- 8\n','2007-06-08 21:28:01'),(1523,23,'ProjectElement',3,NULL,NULL,'create','--- \nname: \n- \"\"\n- rjs-303\nproject_id: \n- \n- 13\ncontent_id: \n- \n- 1\nupdated_at: \n- \n- &id001 2007-06-08 21:39:23.371234 Z\ntype: \n- ProjectElement\n- ProjectContent\nupdated_by_user_id: \n- 1\n- 3\nid: \n- \n- 23\ncreated_by_user_id: \n- 1\n- 3\nparent_id: \n- \n- 21\ncreated_at: \n- \n- *id001\n','2007-06-08 21:39:23'),(1524,23,'ProjectElement',3,NULL,NULL,'update','--- \nupdated_at: \n- 2007-06-08 21:39:23 Z\n- 2007-06-08 21:39:23.405517 Z\nlock_version: \n- 0\n- 1\nright_limit: \n- 0\n- 1\n','2007-06-08 21:39:23'),(1525,23,'ProjectElement',3,NULL,NULL,'update','--- \nupdated_at: \n- 2007-06-08 21:39:23.405517 Z\n- 2007-06-08 21:39:23.438511 Z\nlock_version: \n- 1\n- 2\n','2007-06-08 21:39:23'),(1526,23,'ProjectElement',3,NULL,NULL,'update','--- \ncontent_id: \n- 1\n- 2\nupdated_at: \n- 2007-06-08 21:39:23 Z\n- 2007-06-08 21:39:48.013463 Z\nlock_version: \n- 2\n- 3\n','2007-06-08 21:39:48'),(1527,23,'ProjectElement',3,NULL,NULL,'update','--- \nname: \n- rjs-303\n- moose\ncontent_id: \n- 2\n- 3\nupdated_at: \n- 2007-06-08 21:39:48 Z\n- 2007-06-08 21:41:54.671953 Z\nlock_version: \n- 3\n- 4\n','2007-06-08 21:41:54'),(1528,23,'ProjectElement',3,NULL,NULL,'update','--- \nupdated_at: \n- 2007-06-08 21:41:54.671953 Z\n- 2007-06-08 21:41:54.695427 Z\nlock_version: \n- 4\n- 5\n','2007-06-08 21:41:54'),(1529,4,'QueueItem',3,NULL,NULL,'update','--- \nupdated_at: \n- 2007-06-08 20:55:26 Z\n- 2007-06-09 08:31:19.803261 Z\nlock_version: \n- 5\n- 6\nstatus_id: \n- 3\n- 2\n','2007-06-09 08:31:19'),(1530,6,'QueueItem',3,NULL,NULL,'update','--- \nupdated_at: \n- 2007-06-08 20:55:26 Z\n- 2007-06-09 08:31:25.726082 Z\nlock_version: \n- 9\n- 10\nstatus_id: \n- 3\n- 2\n','2007-06-09 08:31:25'),(1531,5,'QueueItem',3,NULL,NULL,'update','--- \nupdated_at: \n- 2007-06-08 20:55:26 Z\n- 2007-06-09 08:31:28.564223 Z\nlock_version: \n- 11\n- 12\nstatus_id: \n- 3\n- 4\n','2007-06-09 08:31:28'),(1532,4,'QueueItem',3,NULL,NULL,'update','--- \nupdated_at: \n- 2007-06-09 08:31:19 Z\n- 2007-06-09 08:31:39.586647 Z\npriority_id: \n- 1\n- 0\nlock_version: \n- 6\n- 7\n','2007-06-09 08:31:39'),(1533,6,'QueueItem',3,NULL,NULL,'update','--- \nupdated_at: \n- 2007-06-09 08:31:25 Z\n- 2007-06-09 08:31:39.625647 Z\npriority_id: \n- 1\n- 0\nlock_version: \n- 10\n- 11\n','2007-06-09 08:31:39'),(1534,5,'QueueItem',3,NULL,NULL,'update','--- \nupdated_at: \n- 2007-06-09 08:31:28 Z\n- 2007-06-09 08:31:39.653496 Z\npriority_id: \n- 1\n- 0\nlock_version: \n- 12\n- 13\n','2007-06-09 08:31:39'),(1535,2,'RequestService',3,NULL,NULL,'update','--- \nupdated_at: \n- 2007-06-08 20:55:26 Z\n- 2007-06-09 08:31:39.680127 Z\npriority_id: \n- 1\n- 0\nlock_version: \n- 3\n- 4\n','2007-06-09 08:31:39'),(1536,1,'ProjectElement',1,NULL,NULL,'update','--- \nupdated_at: \n- 2007-06-06 18:16:48 Z\n- 2007-06-11 11:44:52.992632 Z\nleft_limit: \n- 0\n- 1\nupdated_by_user_id: \n- 3\n- 1\nlock_version: \n- 0\n- 1\nright_limit: \n- 0\n- 2\n','2007-06-11 11:44:53'),(1537,2,'ProjectElement',1,NULL,NULL,'update','--- \nupdated_at: \n- 2007-06-06 18:17:22 Z\n- 2007-06-11 11:44:53.295323 Z\nleft_limit: \n- 0\n- 2\nupdated_by_user_id: \n- 3\n- 1\nlock_version: \n- 2\n- 3\nright_limit: \n- 0\n- 3\n','2007-06-11 11:44:53'),(1538,3,'ProjectElement',1,NULL,NULL,'update','--- \nupdated_at: \n- 2007-06-06 18:17:49 Z\n- 2007-06-11 11:44:53.530379 Z\nleft_limit: \n- 0\n- 4\nupdated_by_user_id: \n- 3\n- 1\nlock_version: \n- 2\n- 3\nright_limit: \n- 0\n- 5\n','2007-06-11 11:44:53'),(1539,4,'ProjectElement',1,NULL,NULL,'update','--- \nupdated_at: \n- 2007-06-06 18:18:49 Z\n- 2007-06-11 11:44:53.605370 Z\nleft_limit: \n- 0\n- 6\nupdated_by_user_id: \n- 3\n- 1\nlock_version: \n- 1\n- 2\nright_limit: \n- 0\n- 7\n','2007-06-11 11:44:53'),(1540,5,'ProjectElement',1,NULL,NULL,'update','--- \nupdated_at: \n- 2007-06-06 22:06:30 Z\n- 2007-06-11 11:44:53.692235 Z\nleft_limit: \n- 0\n- 1\nupdated_by_user_id: \n- 3\n- 1\nlock_version: \n- 0\n- 1\nright_limit: \n- 6\n- 2\n','2007-06-11 11:44:53'),(1541,6,'ProjectElement',1,NULL,NULL,'update','--- \nupdated_at: \n- 2007-06-06 22:07:51 Z\n- 2007-06-11 11:44:53.764801 Z\nleft_limit: \n- 0\n- 2\nupdated_by_user_id: \n- 3\n- 1\nlock_version: \n- 1\n- 2\nright_limit: \n- 6\n- 3\n','2007-06-11 11:44:53'),(1542,9,'ProjectElement',1,NULL,NULL,'update','--- \nupdated_at: \n- 2007-06-08 15:47:29 Z\n- 2007-06-11 11:44:53.826320 Z\nleft_limit: \n- 0\n- 4\nupdated_by_user_id: \n- 3\n- 1\nlock_version: \n- 2\n- 3\nright_limit: \n- 8\n- 5\n','2007-06-11 11:44:53'),(1543,11,'ProjectElement',1,NULL,NULL,'update','--- \nupdated_at: \n- 2007-06-07 15:16:26 Z\n- 2007-06-11 11:44:54.056807 Z\nleft_limit: \n- 0\n- 6\nupdated_by_user_id: \n- 3\n- 1\nlock_version: \n- 1\n- 2\nright_limit: \n- 10\n- 7\n','2007-06-11 11:44:54'),(1544,17,'ProjectElement',1,NULL,NULL,'update','--- \nupdated_at: \n- 2007-06-08 15:46:37 Z\n- 2007-06-11 11:44:54.144228 Z\nleft_limit: \n- 0\n- 8\nupdated_by_user_id: \n- 3\n- 1\nlock_version: \n- 1\n- 2\nright_limit: \n- 8\n- 9\n','2007-06-11 11:44:54'),(1545,20,'ProjectElement',1,NULL,NULL,'update','--- \nupdated_at: \n- 2007-06-08 20:01:59 Z\n- 2007-06-11 11:44:54.187484 Z\nleft_limit: \n- 0\n- 10\nupdated_by_user_id: \n- 3\n- 1\nlock_version: \n- 1\n- 2\nright_limit: \n- 10\n- 11\n','2007-06-11 11:44:54'),(1546,21,'ProjectElement',1,NULL,NULL,'update','--- \nupdated_at: \n- 2007-06-08 21:17:02 Z\n- 2007-06-11 11:44:54.240316 Z\nleft_limit: \n- 0\n- 12\nupdated_by_user_id: \n- 3\n- 1\nlock_version: \n- 1\n- 2\nright_limit: \n- 12\n- 13\n','2007-06-11 11:44:54'),(1547,7,'ProjectElement',1,NULL,NULL,'update','--- \nupdated_at: \n- 2007-06-06 22:14:07 Z\n- 2007-06-11 11:44:54.371591 Z\nleft_limit: \n- 0\n- 3\nupdated_by_user_id: \n- 3\n- 1\nlock_version: \n- 1\n- 2\nright_limit: \n- 18\n- 4\n','2007-06-11 11:44:54'),(1548,8,'ProjectElement',1,NULL,NULL,'update','--- \nupdated_at: \n- 2007-06-06 22:17:24 Z\n- 2007-06-11 11:44:54.413305 Z\nleft_limit: \n- 0\n- 5\nupdated_by_user_id: \n- 3\n- 1\nlock_version: \n- 1\n- 2\nright_limit: \n- 20\n- 6\n','2007-06-11 11:44:54'),(1549,10,'ProjectElement',1,NULL,NULL,'update','--- \nupdated_at: \n- 2007-06-07 15:10:30 Z\n- 2007-06-11 11:44:54.456748 Z\nleft_limit: \n- 0\n- 9\nupdated_by_user_id: \n- 3\n- 1\nlock_version: \n- 1\n- 2\nright_limit: \n- 22\n- 10\n','2007-06-11 11:44:54'),(1550,12,'ProjectElement',1,NULL,NULL,'update','--- \nupdated_at: \n- 2007-06-07 15:16:59 Z\n- 2007-06-11 11:44:54.493989 Z\nleft_limit: \n- 0\n- 13\nupdated_by_user_id: \n- 3\n- 1\nlock_version: \n- 1\n- 2\nright_limit: \n- 24\n- 14\n','2007-06-11 11:44:54'),(1551,13,'ProjectElement',1,NULL,NULL,'update','--- \nupdated_at: \n- 2007-06-08 10:59:16 Z\n- 2007-06-11 11:44:54.531868 Z\nleft_limit: \n- 0\n- 15\nupdated_by_user_id: \n- 3\n- 1\nlock_version: \n- 1\n- 2\nright_limit: \n- 26\n- 16\n','2007-06-11 11:44:54'),(1552,14,'ProjectElement',1,NULL,NULL,'update','--- \nupdated_at: \n- 2007-06-08 11:04:29 Z\n- 2007-06-11 11:44:54.670564 Z\nleft_limit: \n- 0\n- 17\nupdated_by_user_id: \n- 3\n- 1\nlock_version: \n- 1\n- 2\nright_limit: \n- 28\n- 18\n','2007-06-11 11:44:54'),(1553,15,'ProjectElement',1,NULL,NULL,'update','--- \nupdated_at: \n- 2007-06-08 11:05:13 Z\n- 2007-06-11 11:44:55.685844 Z\nleft_limit: \n- 0\n- 18\nupdated_by_user_id: \n- 3\n- 1\nlock_version: \n- 2\n- 3\nright_limit: \n- 27\n- 19\n','2007-06-11 11:44:55'),(1554,16,'ProjectElement',1,NULL,NULL,'update','--- \nupdated_at: \n- 2007-06-08 11:05:47 Z\n- 2007-06-11 11:44:56.032734 Z\nleft_limit: \n- 30\n- 20\nupdated_by_user_id: \n- 3\n- 1\nlock_version: \n- 2\n- 3\nright_limit: \n- 31\n- 21\n','2007-06-11 11:44:56'),(1555,18,'ProjectElement',1,NULL,NULL,'update','--- \nupdated_at: \n- 2007-06-08 15:46:37 Z\n- 2007-06-11 11:44:56.068285 Z\nleft_limit: \n- 0\n- 25\nupdated_by_user_id: \n- 3\n- 1\nlock_version: \n- 1\n- 2\nright_limit: \n- 30\n- 26\n','2007-06-11 11:44:56'),(1556,19,'ProjectElement',1,NULL,NULL,'update','--- \nupdated_at: \n- 2007-06-08 15:46:38 Z\n- 2007-06-11 11:44:56.192535 Z\nleft_limit: \n- 0\n- 27\nupdated_by_user_id: \n- 3\n- 1\nlock_version: \n- 1\n- 2\nright_limit: \n- 32\n- 28\n','2007-06-11 11:44:56'),(1557,22,'ProjectElement',1,NULL,NULL,'update','--- \nupdated_at: \n- 2007-06-08 21:28:01 Z\n- 2007-06-11 11:44:56.235847 Z\nleft_limit: \n- 0\n- 33\nupdated_by_user_id: \n- 3\n- 1\nlock_version: \n- 1\n- 2\n','2007-06-11 11:44:56'),(1558,23,'ProjectElement',1,NULL,NULL,'update','--- \nupdated_at: \n- 2007-06-08 21:41:54 Z\n- 2007-06-11 11:44:56.271151 Z\nleft_limit: \n- 0\n- 35\nupdated_by_user_id: \n- 3\n- 1\nlock_version: \n- 5\n- 6\nright_limit: \n- 1\n- 36\n','2007-06-11 11:44:56'),(1559,4,'Role',3,NULL,NULL,'create','--- \nname: \n- \"\"\n- Role-5\nupdated_at: \n- \n- &id001 2007-06-11 11:54:50.995684 Z\nupdated_by_user_id: \n- 1\n- 3\nid: \n- \n- 4\ndescription: \n- \"\"\n- test\ncreated_by_user_id: \n- 1\n- 3\ncreated_at: \n- \n- *id001\n','2007-06-11 11:54:51'),(1560,5,'Role',3,NULL,NULL,'create','--- \nname: \n- \"\"\n- owner\nupdated_at: \n- \n- &id001 2007-06-11 12:05:52.640416 Z\ntype: \n- \n- ProjectRole\nupdated_by_user_id: \n- 1\n- 3\nid: \n- \n- 5\ndescription: \n- \"\"\n- Project owner rights profile\ncreated_by_user_id: \n- 1\n- 3\ncreated_at: \n- \n- *id001\n','2007-06-11 12:05:52'),(1561,6,'Role',3,NULL,NULL,'create','--- \nname: \n- \"\"\n- manager\nupdated_at: \n- \n- &id001 2007-06-11 12:06:50.287942 Z\ntype: \n- \n- UserRole\nupdated_by_user_id: \n- 1\n- 3\nid: \n- \n- 6\ndescription: \n- \"\"\n- Project owner rights profile\ncreated_by_user_id: \n- 1\n- 3\ncreated_at: \n- \n- *id001\n','2007-06-11 12:06:50'),(1562,5,'Role',3,NULL,NULL,'update','--- \nupdated_at: \n- 2007-06-11 12:05:52 Z\n- 2007-06-11 12:07:20.899996 Z\ncache: \n- \n- memberships: {}\n\n  user: {}\n\n  project_studies: {}\n\n  help: {}\n\n  auth: {}\n\n  project_queues: {}\n\n  catalogue: {}\n\n  project: {}\n\n  dba: {}\n\n  project_experiments: {}\n\n  audit: {}\n\n  biorails: {}\n\n  users: {}\n\n  page: {}\n\n  home: {}\n\n  report: {}\n\n  inventory: {}\n\n  project_requests: {}\n\n  charts: {}\n\n  finder: {}\n\n','2007-06-11 12:07:20'),(1563,5,'Role',3,NULL,NULL,'update','--- \nupdated_at: \n- 2007-06-11 12:07:20 Z\n- 2007-06-11 12:11:35.352421 Z\n','2007-06-11 12:11:35'),(1564,5,'Role',3,NULL,NULL,'update','--- \nupdated_at: \n- 2007-06-11 12:11:35 Z\n- 2007-06-11 12:14:39.601897 Z\n','2007-06-11 12:14:39'),(1565,5,'Role',3,NULL,NULL,'update','--- \nupdated_at: \n- 2007-06-11 12:14:39.601897 Z\n- 2007-06-11 12:14:40.743967 Z\ncache: \n- memberships: {}\n\n  user: {}\n\n  project_studies: {}\n\n  help: {}\n\n  auth: {}\n\n  project_queues: {}\n\n  catalogue: {}\n\n  project: {}\n\n  dba: {}\n\n  project_experiments: {}\n\n  audit: {}\n\n  biorails: {}\n\n  users: {}\n\n  page: {}\n\n  home: {}\n\n  report: {}\n\n  inventory: {}\n\n  project_requests: {}\n\n  charts: {}\n\n  finder: {}\n\n- memberships: {}\n\n  user: {}\n\n  project_studies: {}\n\n  help: {}\n\n  auth: {}\n\n  project_queues: {}\n\n  catalogue: {}\n\n  project: {}\n\n  dba: {}\n\n  project_experiments: {}\n\n  audit: {}\n\n  biorails: {}\n\n  users: {}\n\n  page: {}\n\n  home: {}\n\n  report: {}\n\n  inventory: {}\n\n  project_requests: {}\n\n  finder: {}\n\n  charts: {}\n\n','2007-06-11 12:14:40'),(1566,5,'Role',3,NULL,NULL,'update','--- \nupdated_at: \n- 2007-06-11 12:14:40 Z\n- 2007-06-11 12:16:15.050738 Z\n','2007-06-11 12:16:15'),(1567,5,'Role',3,NULL,NULL,'update','--- \nupdated_at: \n- 2007-06-11 12:16:15.050738 Z\n- 2007-06-11 12:16:16.279810 Z\ncache: \n- memberships: {}\n\n  user: {}\n\n  project_studies: \n    list: true\n    show: true\n  help: {}\n\n  auth: {}\n\n  project_queues: \n    list: true\n    show: true\n  catalogue: {}\n\n  project: \n    list: true\n    show: true\n  dba: {}\n\n  project_experiments: \n    list: true\n    show: true\n  audit: {}\n\n  biorails: {}\n\n  users: {}\n\n  page: {}\n\n  home: {}\n\n  report: {}\n\n  inventory: {}\n\n  project_requests: \n    list: true\n    show: true\n  finder: {}\n\n  charts: {}\n\n- memberships: {}\n\n  user: {}\n\n  project_studies: \n    list: true\n    show: true\n  help: {}\n\n  auth: {}\n\n  project_queues: \n    list: true\n    show: true\n  catalogue: {}\n\n  project: \n    list: true\n    show: true\n  dba: {}\n\n  project_experiments: \n    list: true\n    show: true\n  audit: {}\n\n  biorails: {}\n\n  users: {}\n\n  page: {}\n\n  home: {}\n\n  report: {}\n\n  inventory: {}\n\n  project_requests: \n    list: true\n    show: true\n  finder: {}\n\n  charts: {}\n\n','2007-06-11 12:16:16'),(1568,5,'Role',3,NULL,NULL,'update','--- \nupdated_at: \n- 2007-06-11 12:16:16 Z\n- 2007-06-11 12:19:15.043771 Z\n','2007-06-11 12:19:15'),(1569,5,'Role',3,NULL,NULL,'update','--- \nupdated_at: \n- 2007-06-11 12:19:15 Z\n- 2007-06-11 12:21:18.224334 Z\n','2007-06-11 12:21:18'),(1570,5,'Role',3,NULL,NULL,'update','--- \nupdated_at: \n- 2007-06-11 12:21:18.224334 Z\n- 2007-06-11 12:21:19.374731 Z\ncache: \n- memberships: {}\n\n  user: {}\n\n  project_studies: \n    list: true\n    show: true\n    \"*\": true\n  help: {}\n\n  auth: {}\n\n  project_queues: \n    list: true\n    show: true\n    \"*\": true\n  catalogue: {}\n\n  project: \n    list: true\n    show: true\n    \"*\": true\n  dba: {}\n\n  project_experiments: \n    list: true\n    show: true\n    \"*\": true\n  audit: {}\n\n  biorails: {}\n\n  users: {}\n\n  page: {}\n\n  home: {}\n\n  report: {}\n\n  inventory: {}\n\n  project_requests: \n    list: true\n    show: true\n    \"*\": true\n  finder: {}\n\n  charts: {}\n\n- memberships: {}\n\n  user: {}\n\n  project_studies: \n    list: true\n    show: true\n    \"*\": true\n  help: {}\n\n  auth: {}\n\n  project_queues: \n    list: true\n    show: true\n    \"*\": true\n  catalogue: {}\n\n  project: \n    list: true\n    show: true\n    \"*\": true\n  dba: {}\n\n  project_experiments: \n    list: true\n    show: true\n    \"*\": true\n  audit: {}\n\n  biorails: {}\n\n  users: {}\n\n  page: {}\n\n  home: {}\n\n  report: {}\n\n  inventory: {}\n\n  project_requests: \n    list: true\n    show: true\n    \"*\": true\n  charts: {}\n\n  finder: {}\n\n','2007-06-11 12:21:19'),(1571,6,'Role',3,NULL,NULL,'update','--- \nupdated_at: \n- 2007-06-11 12:06:50 Z\n- 2007-06-11 12:21:51.926465 Z\ncache: \n- \n- memberships: {}\n\n  user: {}\n\n  project_studies: {}\n\n  help: {}\n\n  auth: {}\n\n  project_queues: {}\n\n  catalogue: {}\n\n  project: {}\n\n  dba: {}\n\n  project_experiments: {}\n\n  audit: {}\n\n  biorails: {}\n\n  users: {}\n\n  page: {}\n\n  home: {}\n\n  report: {}\n\n  inventory: {}\n\n  project_requests: {}\n\n  charts: {}\n\n  finder: {}\n\n','2007-06-11 12:21:51'),(1572,6,'Role',3,NULL,NULL,'update','--- \nupdated_at: \n- 2007-06-11 12:21:51 Z\n- 2007-06-11 12:22:43.881880 Z\n','2007-06-11 12:22:44'),(1573,6,'Role',3,NULL,NULL,'update','--- \nupdated_at: \n- 2007-06-11 12:22:43.881880 Z\n- 2007-06-11 12:22:45.177877 Z\ncache: \n- memberships: {}\n\n  user: \n    \"*\": true\n  project_studies: {}\n\n  help: {}\n\n  auth: {}\n\n  project_queues: {}\n\n  catalogue: \n    \"*\": true\n  project: {}\n\n  dba: {}\n\n  project_experiments: {}\n\n  audit: {}\n\n  biorails: {}\n\n  users: \n    \"*\": true\n  page: {}\n\n  home: \n    \"*\": true\n  report: \n    \"*\": true\n  inventory: \n    \"*\": true\n  project_requests: {}\n\n  charts: {}\n\n  finder: {}\n\n- memberships: {}\n\n  user: \n    \"*\": true\n  project_studies: {}\n\n  help: {}\n\n  auth: {}\n\n  project_queues: {}\n\n  catalogue: \n    \"*\": true\n  project: {}\n\n  dba: {}\n\n  project_experiments: {}\n\n  audit: {}\n\n  biorails: {}\n\n  users: \n    \"*\": true\n  page: {}\n\n  home: \n    \"*\": true\n  report: \n    \"*\": true\n  inventory: \n    \"*\": true\n  project_requests: {}\n\n  charts: {}\n\n  finder: {}\n\n','2007-06-11 12:22:45'),(1574,6,'Role',3,NULL,NULL,'update','--- \nupdated_at: \n- 2007-06-11 12:22:45 Z\n- 2007-06-11 12:24:32.715660 Z\n','2007-06-11 12:24:32'),(1575,6,'Role',3,NULL,NULL,'update','--- \nupdated_at: \n- 2007-06-11 12:24:32.715660 Z\n- 2007-06-11 12:24:33.920493 Z\ncache: \n- memberships: {}\n\n  user: \n    \"*\": true\n  project_studies: {}\n\n  help: {}\n\n  auth: {}\n\n  project_queues: {}\n\n  catalogue: \n    \"*\": true\n  project: {}\n\n  dba: {}\n\n  project_experiments: {}\n\n  audit: {}\n\n  biorails: {}\n\n  users: \n    \"*\": true\n  page: {}\n\n  home: \n    \"*\": true\n  report: \n    \"*\": true\n  inventory: \n    \"*\": true\n  project_requests: {}\n\n  charts: {}\n\n  finder: {}\n\n- memberships: {}\n\n  user: \n    \"*\": true\n  project_studies: {}\n\n  help: {}\n\n  auth: {}\n\n  project_queues: {}\n\n  catalogue: \n    \"*\": true\n  project: {}\n\n  dba: {}\n\n  project_experiments: {}\n\n  audit: {}\n\n  biorails: {}\n\n  users: \n    \"*\": true\n  page: {}\n\n  home: \n    \"*\": true\n  report: \n    \"*\": true\n  inventory: \n    \"*\": true\n  project_requests: {}\n\n  finder: {}\n\n  charts: {}\n\n','2007-06-11 12:24:33'),(1576,6,'Role',3,NULL,NULL,'update','--- \nupdated_at: \n- 2007-06-11 12:24:33 Z\n- 2007-06-11 12:26:22.649858 Z\n','2007-06-11 12:26:22'),(1577,6,'Role',3,NULL,NULL,'update','--- \nupdated_at: \n- 2007-06-11 12:26:22 Z\n- 2007-06-11 12:27:58.556235 Z\ndescription: \n- Project owner rights profile\n- General manager role\n','2007-06-11 12:27:58'),(1578,6,'Role',3,NULL,NULL,'update','--- \nupdated_at: \n- 2007-06-11 12:27:58.556235 Z\n- 2007-06-11 12:27:59.720102 Z\ncache: \n- memberships: {}\n\n  user: \n    \"*\": true\n  project_studies: {}\n\n  help: {}\n\n  auth: {}\n\n  project_queues: {}\n\n  catalogue: \n    list: true\n    show: true\n    \"*\": false\n  project: {}\n\n  dba: {}\n\n  project_experiments: {}\n\n  audit: {}\n\n  biorails: {}\n\n  users: \n    list: true\n    show: true\n    \"*\": false\n  page: {}\n\n  home: \n    \"*\": true\n  report: \n    \"*\": true\n  inventory: \n    \"*\": true\n  project_requests: {}\n\n  finder: {}\n\n  charts: {}\n\n- user: \n    \"*\": true\n  memberships: {}\n\n  project_studies: {}\n\n  help: {}\n\n  auth: {}\n\n  project_queues: {}\n\n  catalogue: \n    list: true\n    show: true\n  project: {}\n\n  dba: {}\n\n  project_experiments: {}\n\n  audit: {}\n\n  biorails: {}\n\n  users: \n    list: true\n    show: true\n  page: {}\n\n  home: \n    \"*\": true\n  report: \n    \"*\": true\n  inventory: \n    \"*\": true\n  project_requests: {}\n\n  charts: {}\n\n  finder: {}\n\n','2007-06-11 12:27:59'),(1579,3,'Role',3,NULL,NULL,'update','--- \nupdated_at: \n- 2007-04-18 13:11:52 Z\n- 2007-06-11 12:32:40.831760 Z\nupdated_by_user_id: \n- 1\n- 3\n','2007-06-11 12:32:41'),(1580,3,'Role',3,NULL,NULL,'update','--- \nupdated_at: \n- 2007-06-11 12:32:40.831760 Z\n- 2007-06-11 12:32:42.314823 Z\ncache: \n- user: \n    new: true\n    list: true\n    edit: true\n    create: true\n    show: true\n    update: true\n  auth: {}\n\n  study: \n    new: true\n    list: true\n    edit: true\n    create: true\n    show: true\n    update: true\n  catalogue: \n    new: true\n    list: true\n    edit: true\n    create: true\n    show: true\n    update: true\n    \"*\": true\n  protocol: \n    new: true\n    list: true\n    edit: true\n    create: true\n    show: true\n    update: true\n  project: \n    new: false\n    list: false\n    edit: false\n    create: false\n    show: false\n    update: false\n  ~: \n    ~: true\n  system: \n    new: true\n    list: true\n    edit: true\n    create: true\n    show: true\n    update: true\n  cataloge: \n    new: true\n    list: true\n    edit: true\n    create: true\n    show: true\n    update: true\n  data_capture: {}\n\n  experiment: \n    new: true\n    list: true\n    edit: true\n    create: true\n    show: true\n    update: true\n  articles: {}\n\n  users: \n    new: true\n    list: true\n    edit: true\n    create: true\n    show: true\n    update: true\n    \"*\": true\n  request: \n    new: true\n    list: true\n    edit: true\n    create: true\n    show: true\n    update: true\n  page: {}\n\n  report: \n    new: true\n    list: true\n    edit: true\n    create: true\n    show: true\n    update: true\n    \"*\": true\n  home: \n    calendar: true\n    blog: true\n    projects: true\n    timeline: true\n    index: true\n    show: true\n    \"*\": true\n  inventory: \n    new: true\n    list: true\n    edit: true\n    create: true\n    show: true\n    update: true\n    \"*\": true\n  charts: {}\n\n  finder: {}\n\n- user: \n    new: true\n    list: true\n    edit: true\n    create: true\n    show: true\n    update: true\n  memberships: {}\n\n  project_studies: {}\n\n  help: {}\n\n  auth: {}\n\n  project_queues: {}\n\n  study: \n    new: true\n    list: true\n    edit: true\n    create: true\n    show: true\n    update: true\n  protocol: \n    new: true\n    list: true\n    edit: true\n    create: true\n    show: true\n    update: true\n  catalogue: \n    new: true\n    list: true\n    edit: true\n    create: true\n    show: true\n    update: true\n    \"*\": true\n  project: {}\n\n  dba: {}\n\n  system: \n    new: true\n    list: true\n    edit: true\n    create: true\n    show: true\n    update: true\n  ~: \n    ~: true\n  cataloge: \n    new: true\n    list: true\n    edit: true\n    create: true\n    show: true\n    update: true\n  project_experiments: {}\n\n  audit: {}\n\n  experiment: \n    new: true\n    list: true\n    edit: true\n    create: true\n    show: true\n    update: true\n  biorails: {}\n\n  request: \n    new: true\n    list: true\n    edit: true\n    create: true\n    show: true\n    update: true\n  users: \n    new: true\n    list: true\n    edit: true\n    create: true\n    show: true\n    update: true\n    \"*\": true\n  page: {}\n\n  home: \n    calendar: true\n    blog: true\n    projects: true\n    timeline: true\n    show: true\n    index: true\n    \"*\": true\n  report: \n    new: true\n    list: true\n    edit: true\n    create: true\n    show: true\n    update: true\n    \"*\": true\n  inventory: \n    new: true\n    list: true\n    edit: true\n    create: true\n    show: true\n    update: true\n    \"*\": true\n  project_requests: {}\n\n  finder: {}\n\n  charts: {}\n\n','2007-06-11 12:32:42'),(1581,5,'Role',3,NULL,NULL,'update','--- \nupdated_at: \n- 2007-06-11 12:21:19 Z\n- 2007-06-11 12:39:42.937424 Z\n','2007-06-11 12:39:42'),(1582,5,'Role',3,NULL,NULL,'update','--- \nupdated_at: \n- 2007-06-11 12:39:42.937424 Z\n- 2007-06-11 12:39:44.064122 Z\ncache: \n- memberships: {}\n\n  user: {}\n\n  project_studies: \n    list: true\n    show: true\n    \"*\": true\n  help: {}\n\n  auth: {}\n\n  project_queues: \n    list: true\n    show: true\n    \"*\": true\n  catalogue: {}\n\n  project: \n    list: true\n    show: true\n    \"*\": true\n  dba: {}\n\n  project_experiments: \n    list: true\n    show: true\n    \"*\": true\n  audit: {}\n\n  biorails: {}\n\n  users: {}\n\n  page: {}\n\n  home: {}\n\n  report: {}\n\n  inventory: {}\n\n  project_requests: \n    list: true\n    show: true\n    \"*\": true\n  charts: {}\n\n  finder: {}\n\n- studies: {}\n\n  experiments: {}\n\n  memberships: {}\n\n  project_studies: \n    list: true\n    show: true\n    \"*\": true\n  project_queues: \n    list: true\n    show: true\n    \"*\": true\n  help: {}\n\n  auth: {}\n\n  catalogue: {}\n\n  project: \n    list: true\n    show: true\n    \"*\": true\n  dba: {}\n\n  study_parameters: {}\n\n  project_experiments: \n    list: true\n    show: true\n    \"*\": true\n  audit: {}\n\n  study_queues: {}\n\n  queue_items: {}\n\n  tasks: {}\n\n  biorails: {}\n\n  users: {}\n\n  requests: {}\n\n  page: {}\n\n  home: {}\n\n  reports: {}\n\n  study_protocols: {}\n\n  inventory: {}\n\n  project_requests: \n    list: true\n    show: true\n    \"*\": true\n  finder: {}\n\n  charts: {}\n\n','2007-06-11 12:39:44'),(1583,5,'Role',3,NULL,NULL,'update','--- \nupdated_at: \n- 2007-06-11 12:39:44 Z\n- 2007-06-11 12:41:07.613903 Z\n','2007-06-11 12:41:07'),(1584,5,'Role',3,NULL,NULL,'update','--- \nupdated_at: \n- 2007-06-11 12:41:07.613903 Z\n- 2007-06-11 12:41:08.961819 Z\ncache: \n- studies: \n    \"*\": true\n  experiments: \n    \"*\": true\n  memberships: {}\n\n  project_studies: \n    list: true\n    show: true\n    \"*\": true\n  project_queues: \n    list: true\n    show: true\n    \"*\": true\n  help: {}\n\n  auth: {}\n\n  catalogue: {}\n\n  project: \n    list: true\n    show: true\n    \"*\": true\n  dba: {}\n\n  study_parameters: \n    \"*\": true\n  project_experiments: \n    list: true\n    show: true\n    \"*\": true\n  audit: {}\n\n  study_queues: \n    \"*\": true\n  queue_items: \n    \"*\": true\n  tasks: \n    \"*\": true\n  biorails: {}\n\n  users: {}\n\n  requests: \n    \"*\": true\n  page: {}\n\n  home: {}\n\n  reports: {}\n\n  study_protocols: \n    \"*\": true\n  inventory: {}\n\n  project_requests: \n    list: true\n    show: true\n    \"*\": true\n  finder: {}\n\n  charts: {}\n\n- experiments: \n    \"*\": true\n  studies: \n    \"*\": true\n  memberships: {}\n\n  project_studies: \n    list: true\n    show: true\n    \"*\": true\n  project_queues: \n    list: true\n    show: true\n    \"*\": true\n  help: {}\n\n  auth: {}\n\n  catalogue: {}\n\n  project: \n    list: true\n    show: true\n    \"*\": true\n  dba: {}\n\n  study_parameters: \n    \"*\": true\n  project_experiments: \n    list: true\n    show: true\n    \"*\": true\n  audit: {}\n\n  study_queues: \n    \"*\": true\n  biorails: {}\n\n  tasks: \n    \"*\": true\n  queue_items: \n    \"*\": true\n  users: {}\n\n  requests: \n    \"*\": true\n  page: {}\n\n  home: {}\n\n  study_protocols: \n    \"*\": true\n  reports: {}\n\n  inventory: {}\n\n  project_requests: \n    list: true\n    show: true\n    \"*\": true\n  finder: {}\n\n  charts: {}\n\n','2007-06-11 12:41:08'),(1585,2,'Role',3,NULL,NULL,'update','--- \nupdated_at: \n- 2007-05-30 14:20:00 Z\n- 2007-06-11 12:42:48.762593 Z\n','2007-06-11 12:42:48'),(1586,2,'Role',3,NULL,NULL,'update','--- \nupdated_at: \n- 2007-06-11 12:42:48.762593 Z\n- 2007-06-11 12:42:50.181801 Z\ncache: \n- memberships: {}\n\n  user: \n    list: true\n    show: true\n  help: {}\n\n  auth: {}\n\n  catalogue: \n    list: false\n    show: false\n  study: \n    list: true\n    show: true\n  protocol: \n    list: true\n    show: true\n  project: \n    list: true\n    show: true\n  ~: \n    ~: true\n  system: \n    list: true\n    show: true\n  cataloge: \n    list: true\n    show: true\n  audit: {}\n\n  experiment: \n    new: true\n    list: true\n    create: true\n    show: true\n    update: true\n  biorails: {}\n\n  users: \n    list: false\n    show: false\n  request: \n    new: true\n    list: true\n    edit: true\n    create: true\n    show: true\n    update: true\n  page: {}\n\n  database: {}\n\n  home: \n    calendar: false\n    blog: false\n    projects: false\n    timeline: false\n    index: false\n    show: false\n  report: \n    new: true\n    list: true\n    edit: true\n    create: true\n    show: true\n    update: true\n  inventory: \n    list: false\n    show: false\n  finder: {}\n\n  charts: {}\n\n- user: \n    list: true\n    show: true\n  memberships: {}\n\n  experiments: {}\n\n  studies: {}\n\n  help: {}\n\n  auth: {}\n\n  study: \n    list: true\n    show: true\n  protocol: \n    list: true\n    show: true\n  catalogue: {}\n\n  project: \n    list: true\n    show: true\n  dba: {}\n\n  system: \n    list: true\n    show: true\n  ~: \n    ~: true\n  study_parameters: {}\n\n  cataloge: \n    list: true\n    show: true\n  audit: {}\n\n  study_queues: {}\n\n  experiment: \n    new: true\n    list: true\n    create: true\n    show: true\n    update: true\n  biorails: {}\n\n  tasks: {}\n\n  queue_items: {}\n\n  request: \n    new: true\n    list: true\n    edit: true\n    create: true\n    show: true\n    update: true\n  users: {}\n\n  requests: {}\n\n  page: {}\n\n  report: \n    new: true\n    list: true\n    edit: true\n    create: true\n    show: true\n    update: true\n  home: {}\n\n  study_protocols: {}\n\n  reports: {}\n\n  inventory: {}\n\n  project_requests: {}\n\n  charts: {}\n\n  finder: {}\n\n','2007-06-11 12:42:50'),(1587,2,'Role',3,NULL,NULL,'update','--- \nupdated_at: \n- 2007-06-11 12:42:50 Z\n- 2007-06-11 12:43:24.247481 Z\n','2007-06-11 12:43:24'),(1588,2,'Role',3,NULL,NULL,'update','--- \nupdated_at: \n- 2007-06-11 12:43:24.247481 Z\n- 2007-06-11 12:43:25.516284 Z\ncache: \n- user: \n    list: true\n    show: true\n  memberships: {}\n\n  experiments: \n    \"*\": true\n  studies: \n    list: true\n  help: {}\n\n  auth: {}\n\n  study: \n    list: true\n    show: true\n  protocol: \n    list: true\n    show: true\n  catalogue: {}\n\n  project: \n    list: true\n    show: true\n    \"*\": true\n  dba: {}\n\n  system: \n    list: true\n    show: true\n  ~: \n    ~: true\n  study_parameters: \n    list: true\n  cataloge: \n    list: true\n    show: true\n  audit: {}\n\n  study_queues: \n    list: true\n  experiment: \n    new: true\n    list: true\n    create: true\n    show: true\n    update: true\n  biorails: {}\n\n  tasks: \n    \"*\": true\n  queue_items: \n    list: true\n  request: \n    new: true\n    list: true\n    edit: true\n    create: true\n    show: true\n    update: true\n  users: {}\n\n  requests: \n    list: true\n  page: {}\n\n  report: \n    new: true\n    list: true\n    edit: true\n    create: true\n    show: true\n    update: true\n  home: {}\n\n  study_protocols: \n    list: true\n  reports: {}\n\n  inventory: {}\n\n  project_requests: \n    list: true\n  charts: {}\n\n  finder: {}\n\n- user: \n    list: true\n    show: true\n  memberships: {}\n\n  experiments: \n    \"*\": true\n  studies: \n    list: true\n  help: {}\n\n  auth: {}\n\n  study: \n    list: true\n    show: true\n  protocol: \n    list: true\n    show: true\n  catalogue: {}\n\n  project: \n    list: true\n    show: true\n    \"*\": true\n  dba: {}\n\n  system: \n    list: true\n    show: true\n  ~: \n    ~: true\n  study_parameters: \n    list: true\n  cataloge: \n    list: true\n    show: true\n  audit: {}\n\n  study_queues: \n    list: true\n  experiment: \n    new: true\n    list: true\n    create: true\n    show: true\n    update: true\n  biorails: {}\n\n  tasks: \n    \"*\": true\n  queue_items: \n    list: true\n  request: \n    new: true\n    list: true\n    edit: true\n    create: true\n    show: true\n    update: true\n  users: {}\n\n  requests: \n    list: true\n  page: {}\n\n  report: \n    new: true\n    list: true\n    edit: true\n    create: true\n    show: true\n    update: true\n  home: {}\n\n  study_protocols: \n    list: true\n  reports: {}\n\n  inventory: {}\n\n  project_requests: \n    list: true\n  charts: {}\n\n  finder: {}\n\n','2007-06-11 12:43:25'),(1589,2,'Role',3,NULL,NULL,'update','--- \nupdated_at: \n- 2007-06-11 12:43:25 Z\n- 2007-06-11 12:43:54.903458 Z\n','2007-06-11 12:43:54'),(1590,2,'Role',3,NULL,NULL,'update','--- \nupdated_at: \n- 2007-06-11 12:43:54.903458 Z\n- 2007-06-11 12:43:56.045372 Z\ncache: \n- user: \n    list: true\n    show: true\n  memberships: {}\n\n  experiments: \n    \"*\": true\n  studies: \n    list: true\n  help: {}\n\n  auth: {}\n\n  study: \n    list: true\n    show: true\n  protocol: \n    list: true\n    show: true\n  catalogue: {}\n\n  project: \n    list: true\n    show: true\n    \"*\": true\n  dba: {}\n\n  system: \n    list: true\n    show: true\n  ~: \n    ~: true\n  study_parameters: \n    list: true\n  cataloge: \n    list: true\n    show: true\n  audit: {}\n\n  study_queues: \n    list: true\n  experiment: \n    new: true\n    list: true\n    create: true\n    show: true\n    update: true\n  biorails: {}\n\n  tasks: \n    \"*\": true\n  queue_items: \n    list: true\n    \"*\": true\n  request: \n    new: true\n    list: true\n    edit: true\n    create: true\n    show: true\n    update: true\n  users: {}\n\n  requests: \n    list: true\n    \"*\": true\n  page: {}\n\n  report: \n    new: true\n    list: true\n    edit: true\n    create: true\n    show: true\n    update: true\n  home: {}\n\n  study_protocols: \n    list: true\n  reports: {}\n\n  inventory: {}\n\n  project_requests: \n    list: true\n    \"*\": true\n  charts: {}\n\n  finder: {}\n\n- user: \n    list: true\n    show: true\n  memberships: {}\n\n  experiments: \n    \"*\": true\n  studies: \n    list: true\n  help: {}\n\n  auth: {}\n\n  study: \n    list: true\n    show: true\n  protocol: \n    list: true\n    show: true\n  catalogue: {}\n\n  project: \n    list: true\n    show: true\n    \"*\": true\n  dba: {}\n\n  system: \n    list: true\n    show: true\n  ~: \n    ~: true\n  study_parameters: \n    list: true\n  cataloge: \n    list: true\n    show: true\n  audit: {}\n\n  study_queues: \n    list: true\n  experiment: \n    new: true\n    list: true\n    create: true\n    show: true\n    update: true\n  queue_items: \n    list: true\n    \"*\": true\n  tasks: \n    \"*\": true\n  biorails: {}\n\n  request: \n    new: true\n    list: true\n    edit: true\n    create: true\n    show: true\n    update: true\n  users: {}\n\n  requests: \n    list: true\n    \"*\": true\n  page: {}\n\n  report: \n    new: true\n    list: true\n    edit: true\n    create: true\n    show: true\n    update: true\n  home: {}\n\n  study_protocols: \n    list: true\n  reports: {}\n\n  inventory: {}\n\n  project_requests: \n    list: true\n    \"*\": true\n  charts: {}\n\n  finder: {}\n\n','2007-06-11 12:43:56'),(1591,2,'Role',3,NULL,NULL,'update','--- \nupdated_at: \n- 2007-06-11 12:43:56 Z\n- 2007-06-11 12:44:24.294925 Z\n','2007-06-11 12:44:24'),(1592,2,'Role',3,NULL,NULL,'update','--- \nupdated_at: \n- 2007-06-11 12:44:24.294925 Z\n- 2007-06-11 12:44:25.433558 Z\ncache: \n- user: \n    list: true\n    show: true\n  memberships: {}\n\n  experiments: \n    \"*\": true\n  studies: \n    list: true\n    show: true\n  help: {}\n\n  auth: {}\n\n  study: \n    list: true\n    show: true\n  protocol: \n    list: true\n    show: true\n  catalogue: {}\n\n  project: \n    list: true\n    show: true\n    \"*\": true\n  dba: {}\n\n  system: \n    list: true\n    show: true\n  ~: \n    ~: true\n  study_parameters: \n    list: true\n    show: true\n  cataloge: \n    list: true\n    show: true\n  audit: {}\n\n  study_queues: \n    list: true\n    show: true\n  experiment: \n    new: true\n    list: true\n    create: true\n    show: true\n    update: true\n  queue_items: \n    list: true\n    \"*\": true\n  tasks: \n    \"*\": true\n  biorails: {}\n\n  request: \n    new: true\n    list: true\n    edit: true\n    create: true\n    show: true\n    update: true\n  users: {}\n\n  requests: \n    list: true\n    \"*\": true\n  page: {}\n\n  report: \n    new: true\n    list: true\n    edit: true\n    create: true\n    show: true\n    update: true\n  home: {}\n\n  study_protocols: \n    list: true\n    show: true\n  reports: {}\n\n  inventory: {}\n\n  project_requests: \n    list: true\n    \"*\": true\n  charts: {}\n\n  finder: {}\n\n- user: \n    list: true\n    show: true\n  experiments: \n    \"*\": true\n  memberships: {}\n\n  studies: \n    list: true\n    show: true\n  help: {}\n\n  auth: {}\n\n  study: \n    list: true\n    show: true\n  protocol: \n    list: true\n    show: true\n  catalogue: {}\n\n  project: \n    list: true\n    show: true\n    \"*\": true\n  dba: {}\n\n  system: \n    list: true\n    show: true\n  ~: \n    ~: true\n  study_parameters: \n    list: true\n    show: true\n  cataloge: \n    list: true\n    show: true\n  audit: {}\n\n  study_queues: \n    list: true\n    show: true\n  experiment: \n    new: true\n    list: true\n    create: true\n    show: true\n    update: true\n  queue_items: \n    list: true\n    \"*\": true\n  tasks: \n    \"*\": true\n  biorails: {}\n\n  request: \n    new: true\n    list: true\n    edit: true\n    create: true\n    show: true\n    update: true\n  users: {}\n\n  requests: \n    list: true\n    \"*\": true\n  page: {}\n\n  report: \n    new: true\n    list: true\n    edit: true\n    create: true\n    show: true\n    update: true\n  reports: {}\n\n  home: {}\n\n  study_protocols: \n    list: true\n    show: true\n  inventory: {}\n\n  project_requests: \n    list: true\n    \"*\": true\n  finder: {}\n\n  charts: {}\n\n','2007-06-11 12:44:25'),(1593,1,'Role',3,NULL,NULL,'update','--- \nupdated_at: \n- 2007-03-24 19:56:25 Z\n- 2007-06-11 12:45:20.657829 Z\nupdated_by_user_id: \n- 1\n- 3\n','2007-06-11 12:45:20'),(1594,1,'Role',3,NULL,NULL,'update','--- \nupdated_at: \n- 2007-06-11 12:45:20.657829 Z\n- 2007-06-11 12:45:22.185330 Z\ncache: \n- :credentials: !ruby/object:Credentials \n    actions: \n      roles: \n        list: false\n      menu_items: \n        list: false\n        link: true\n      data_concepts: \n        list: false\n        edit: false\n        destroy: false\n        create: false\n        show: false\n        create_child: false\n        update: false\n        export: false\n      parameter_roles: \n        new: false\n        list: false\n        edit: false\n        destroy: false\n      studies: \n        new: false\n        list: false\n        edit: false\n        parameters: false\n        timeline: false\n        protocols: false\n        reports: false\n      study_stages: \n        new: false\n        list: false\n        edit: false\n        destroy: false\n      experiments: \n        new: false\n        import_file: true\n        list: false\n        edit: false\n        timeline: false\n        show: false\n        reports: false\n      containers: \n        list: false\n      specimens: \n        list: false\n      auth: \n        logout: true\n        forgotten: true\n        login_failed: true\n        login: true\n      site_controllers: \n        list: false\n      catalogue: \n        new: false\n        list: false\n        add: false\n        edit: false\n        destroy: false\n        show: false\n        remove: false\n      parameters: \n        list: false\n        show: false\n      data_systems: \n        new: false\n        list: false\n        edit: false\n        create: false\n        show: false\n        update: false\n      study_parameters: \n        new: false\n        list: false\n        edit: false\n      data_elements: \n        list: false\n        edit: false\n        destroy: false\n        create: false\n        show: false\n        create_child: false\n        export: false\n      study_queues: \n        new: false\n        list: false\n        edit: false\n        show: false\n      data_contexts: \n        new: false\n        list: false\n        edit: false\n        destroy: false\n        create: false\n        show: false\n        update: false\n        export: false\n      plates: \n        new: false\n        list: false\n        edit: false\n        destroy: false\n      parameter_types: \n        new: false\n        list: false\n        edit: false\n        destroy: false\n      tasks: \n        new: false\n        list: false\n        sheet: false\n        edit: false\n        destroy: false\n        create: false\n        show: false\n        update: false\n      data_formats: \n        new: false\n        list: false\n        update: false\n      content_pages: \n        list: false\n        view_default: true\n        view: true\n      permissions: \n        list: false\n      controller_actions: \n        list: false\n      system_settings: \n        list: false\n      users: \n        list: false\n      data_types: \n        new: false\n        list: false\n        edit: false\n      compounds: \n        new: false\n        list: false\n        edit: false\n        destroy: false\n      batches: \n        list: false\n      plate_formats: \n        list: false\n        show: false\n      requests: \n        new: false\n        list: false\n        edit: false\n        destroy: false\n      study_protocols: \n        new: false\n        list: false\n        edit: false\n        destroy: false\n        create: false\n        update: false\n      samples: \n        list: false\n      reports: \n        list: false\n        builder: false\n      finder: \n        query: false\n    updated_at: 2007-03-24 19:56:25 +00:00\n    role_ids: \n    - 1\n    role_id: 1\n    controllers: \n      menu_items: false\n      roles: false\n      data_concepts: false\n      parameter_roles: false\n      studies: false\n      study_stages: false\n      experiments: false\n      specimens: false\n      containers: false\n      auth: false\n      site_controllers: false\n      catalogue: false\n      markup_styles: false\n      parameters: false\n      request_services: false\n      data_systems: false\n      study_parameters: false\n      data_elements: false\n      treatment_groups: false\n      roles_permissions: false\n      study_queues: false\n      data_capture: true\n      data_contexts: false\n      plates: false\n      parameter_types: false\n      tasks: false\n      data_formats: false\n      content_pages: false\n      controller_actions: false\n      permissions: false\n      system_settings: false\n      users: false\n      data_types: false\n      compounds: false\n      batches: false\n      plate_formats: false\n      requests: false\n      study_protocols: false\n      samples: false\n      reports: false\n      finder: false\n      charts: false\n    permission_ids: \n    - 4\n    - 3\n    pages: \n      TBD: true\n      Catalogue: true\n      CannedReports: true\n      notfound: true\n      site_admin: false\n      Inventory: true\n      Execution: true\n      contact_us: true\n      Analysis_Introduction: true\n      credits: true\n      Organisation: false\n      home: true\n      expired: true\n      denied: true\n      Requirements: false\n      Study_Report: true\n  :menu: !ruby/object:Menu \n    by_name: \n      Catalogue: &id014 !ruby/object:Menu::Node \n        name: Catalogue\n        controller_action_id: \n        url: /Catalogue\n        id: 15\n        parent_id: \n        label: Catalogue\n        content_page_id: 11\n        site_controller_id: \n        parent: \n      libraries: &id011 !ruby/object:Menu::Node \n        name: libraries\n        controller_action_id: \n        url: /TBD\n        id: 47\n        parent_id: 16\n        label: Libraries\n        content_page_id: 19\n        site_controller_id: \n        parent: \n      inv/notes: &id003 !ruby/object:Menu::Node \n        name: inv/notes\n        controller_action_id: \n        url: /TBD\n        id: 38\n        parent_id: 16\n        label: Notes\n        content_page_id: 19\n        site_controller_id: \n        parent: \n      inv/time: &id004 !ruby/object:Menu::Node \n        name: inv/time\n        controller_action_id: \n        url: /TBD\n        id: 49\n        parent_id: 16\n        label: Timeline\n        content_page_id: 19\n        site_controller_id: \n        parent: \n      org/notes: &id013 !ruby/object:Menu::Node \n        name: org/notes\n        controller_action_id: \n        url: /TBD\n        id: 42\n        parent_id: 17\n        label: Notes\n        content_page_id: 19\n        site_controller_id: \n        parent: \n      exp/notes: &id007 !ruby/object:Menu::Node \n        name: exp/notes\n        controller_action_id: \n        url: /TBD\n        id: 62\n        parent_id: 18\n        label: Notes\n        content_page_id: 19\n        site_controller_id: \n        parent: \n      Execution: &id006 !ruby/object:Menu::Node \n        name: Execution\n        controller_action_id: \n        url: /Execution\n        id: 18\n        parent_id: \n        label: Experiment\n        content_page_id: 16\n        children: \n        - 62\n        site_controller_id: \n        parent: \n      Inventory: &id002 !ruby/object:Menu::Node \n        name: Inventory\n        controller_action_id: \n        url: /Inventory\n        id: 16\n        parent_id: \n        label: Inventory\n        content_page_id: 12\n        children: \n        - 36\n        - 47\n        - 38\n        - 50\n        - 49\n        site_controller_id: \n        parent: \n      contact_us: &id008 !ruby/object:Menu::Node \n        name: contact_us\n        controller_action_id: \n        url: /contact_us\n        id: 2\n        parent_id: 9\n        label: Contact Us\n        content_page_id: 6\n        site_controller_id: \n        parent: \n      MyReports: &id012 !ruby/object:Menu::Node \n        name: MyReports\n        controller_action_id: \n        url: /CannedReports\n        id: 64\n        parent_id: 1\n        label: My Reports\n        content_page_id: 21\n        site_controller_id: \n        parent: \n      credits: &id009 !ruby/object:Menu::Node \n        name: credits\n        controller_action_id: \n        url: /credits\n        id: 14\n        parent_id: 9\n        label: Credits\n        content_page_id: 10\n        site_controller_id: \n        parent: \n      home: &id001 !ruby/object:Menu::Node \n        name: home\n        controller_action_id: \n        url: /home\n        id: 1\n        parent_id: \n        label: Home\n        content_page_id: 1\n        children: \n        - 64\n        site_controller_id: \n        parent: \n      inv/show: &id010 !ruby/object:Menu::Node \n        name: inv/show\n        controller_action_id: \n        url: /TBD\n        id: 36\n        parent_id: 16\n        label: Overview\n        content_page_id: 19\n        site_controller_id: \n        parent: \n      reports: &id005 !ruby/object:Menu::Node \n        name: reports\n        controller_action_id: \n        url: /TBD\n        id: 50\n        parent_id: 16\n        label: Reports\n        content_page_id: 19\n        site_controller_id: \n        parent: \n    crumbs: \n    - 1\n    vector: \n    - &id015 !ruby/object:Menu::Node \n      children: \n      - 1\n      - 18\n      - 16\n      - 15\n      parent: \n    - *id001\n    by_id: \n      16: *id002\n      38: *id003\n      49: *id004\n      50: *id005\n      1: *id001\n      18: *id006\n      62: *id007\n      2: *id008\n      14: *id009\n      36: *id010\n      47: *id011\n      64: *id012\n      42: *id013\n      15: *id014\n    selected: \n      1: *id001\n    root: *id015\n- memberships: {}\n\n  experiments: {}\n\n  studies: {}\n\n  help: {}\n\n  auth: {}\n\n  catalogue: {}\n\n  project: {}\n\n  dba: {}\n\n  ~: \n    ~: true\n  study_parameters: {}\n\n  audit: {}\n\n  study_queues: {}\n\n  biorails: {}\n\n  tasks: {}\n\n  queue_items: {}\n\n  users: {}\n\n  requests: {}\n\n  page: {}\n\n  home: {}\n\n  study_protocols: {}\n\n  reports: {}\n\n  inventory: {}\n\n  project_requests: {}\n\n  charts: {}\n\n  finder: {}\n\n','2007-06-11 12:45:22'),(1595,1,'Role',3,NULL,NULL,'update','--- \nupdated_at: \n- 2007-06-11 12:45:22 Z\n- 2007-06-11 12:46:17.121672 Z\n','2007-06-11 12:46:17'),(1596,1,'Role',3,NULL,NULL,'update','--- \nupdated_at: \n- 2007-06-11 12:46:17.121672 Z\n- 2007-06-11 12:46:18.840460 Z\ncache: \n- memberships: {}\n\n  experiments: \n    list: true\n    show: true\n  studies: \n    list: true\n    show: true\n  help: {}\n\n  auth: {}\n\n  catalogue: {}\n\n  project: \n    list: true\n    show: true\n  dba: {}\n\n  ~: \n    ~: true\n  study_parameters: \n    list: true\n    show: true\n  audit: {}\n\n  study_queues: \n    list: true\n    show: true\n  biorails: {}\n\n  tasks: \n    list: true\n    show: true\n  queue_items: \n    list: true\n    show: true\n  users: {}\n\n  requests: \n    list: true\n    show: true\n  page: {}\n\n  home: {}\n\n  study_protocols: \n    list: true\n    show: true\n  reports: {}\n\n  inventory: {}\n\n  project_requests: \n    list: true\n    show: true\n  charts: {}\n\n  finder: {}\n\n- memberships: {}\n\n  experiments: \n    list: true\n    show: true\n  studies: \n    list: true\n    show: true\n  help: {}\n\n  auth: {}\n\n  catalogue: {}\n\n  project: \n    list: true\n    show: true\n  dba: {}\n\n  ~: \n    ~: true\n  study_parameters: \n    list: true\n    show: true\n  audit: {}\n\n  study_queues: \n    list: true\n    show: true\n  biorails: {}\n\n  tasks: \n    list: true\n    show: true\n  queue_items: \n    list: true\n    show: true\n  users: {}\n\n  requests: \n    list: true\n    show: true\n  page: {}\n\n  home: {}\n\n  study_protocols: \n    list: true\n    show: true\n  reports: {}\n\n  inventory: {}\n\n  project_requests: \n    list: true\n    show: true\n  finder: {}\n\n  charts: {}\n\n','2007-06-11 12:46:18'),(1597,3,'Role',3,NULL,NULL,'update','--- \nupdated_at: \n- 2007-06-11 12:32:42 Z\n- 2007-06-11 12:47:08.964457 Z\n','2007-06-11 12:47:08'),(1598,3,'Role',3,NULL,NULL,'update','--- \nupdated_at: \n- 2007-06-11 12:47:08.964457 Z\n- 2007-06-11 12:47:10.120100 Z\ncache: \n- user: \n    new: true\n    list: true\n    edit: true\n    create: true\n    show: true\n    update: true\n  memberships: {}\n\n  project_studies: {}\n\n  help: {}\n\n  auth: {}\n\n  project_queues: {}\n\n  study: \n    new: true\n    list: true\n    edit: true\n    create: true\n    show: true\n    update: true\n  protocol: \n    new: true\n    list: true\n    edit: true\n    create: true\n    show: true\n    update: true\n  catalogue: \n    new: true\n    list: true\n    edit: true\n    create: true\n    show: true\n    update: true\n    \"*\": true\n  project: {}\n\n  dba: \n    \"*\": true\n  system: \n    new: true\n    list: true\n    edit: true\n    create: true\n    show: true\n    update: true\n  ~: \n    ~: true\n  cataloge: \n    new: true\n    list: true\n    edit: true\n    create: true\n    show: true\n    update: true\n  project_experiments: {}\n\n  audit: {}\n\n  experiment: \n    new: true\n    list: true\n    edit: true\n    create: true\n    show: true\n    update: true\n  biorails: {}\n\n  request: \n    new: true\n    list: true\n    edit: true\n    create: true\n    show: true\n    update: true\n  users: \n    new: true\n    list: true\n    edit: true\n    create: true\n    show: true\n    update: true\n    \"*\": true\n  page: {}\n\n  home: \n    calendar: true\n    blog: true\n    projects: true\n    timeline: true\n    index: true\n    show: true\n    \"*\": true\n  report: \n    new: true\n    list: true\n    edit: true\n    create: true\n    show: true\n    update: true\n    \"*\": true\n  inventory: \n    new: true\n    list: true\n    edit: true\n    create: true\n    show: true\n    update: true\n    \"*\": true\n  project_requests: {}\n\n  finder: {}\n\n  charts: {}\n\n- user: \n    new: true\n    list: true\n    edit: true\n    create: true\n    show: true\n    update: true\n  experiments: {}\n\n  memberships: {}\n\n  studies: {}\n\n  help: {}\n\n  auth: {}\n\n  study: \n    new: true\n    list: true\n    edit: true\n    create: true\n    show: true\n    update: true\n  protocol: \n    new: true\n    list: true\n    edit: true\n    create: true\n    show: true\n    update: true\n  catalogue: \n    new: true\n    list: true\n    edit: true\n    create: true\n    show: true\n    update: true\n    \"*\": true\n  project: {}\n\n  dba: \n    \"*\": true\n  system: \n    new: true\n    list: true\n    edit: true\n    create: true\n    show: true\n    update: true\n  ~: \n    ~: true\n  study_parameters: {}\n\n  cataloge: \n    new: true\n    list: true\n    edit: true\n    create: true\n    show: true\n    update: true\n  audit: {}\n\n  study_queues: {}\n\n  experiment: \n    new: true\n    list: true\n    edit: true\n    create: true\n    show: true\n    update: true\n  queue_items: {}\n\n  tasks: {}\n\n  biorails: {}\n\n  request: \n    new: true\n    list: true\n    edit: true\n    create: true\n    show: true\n    update: true\n  users: \n    new: true\n    list: true\n    edit: true\n    create: true\n    show: true\n    update: true\n    \"*\": true\n  requests: {}\n\n  page: {}\n\n  report: \n    new: true\n    list: true\n    edit: true\n    create: true\n    show: true\n    update: true\n    \"*\": true\n  home: \n    calendar: true\n    blog: true\n    projects: true\n    timeline: true\n    show: true\n    index: true\n    \"*\": true\n  reports: {}\n\n  study_protocols: {}\n\n  inventory: \n    new: true\n    list: true\n    edit: true\n    create: true\n    show: true\n    update: true\n    \"*\": true\n  project_requests: {}\n\n  finder: {}\n\n  charts: {}\n\n','2007-06-11 12:47:10'),(1599,3,'Role',3,NULL,NULL,'update','--- \nupdated_at: \n- 2007-06-11 12:47:10 Z\n- 2007-06-11 12:47:31.511062 Z\n','2007-06-11 12:47:31'),(1600,3,'Role',3,NULL,NULL,'update','--- \nupdated_at: \n- 2007-06-11 12:47:31.511062 Z\n- 2007-06-11 12:47:32.886780 Z\ncache: \n- user: \n    new: true\n    list: true\n    edit: true\n    create: true\n    show: true\n    update: true\n  experiments: {}\n\n  memberships: {}\n\n  studies: {}\n\n  help: {}\n\n  auth: {}\n\n  study: \n    new: true\n    list: true\n    edit: true\n    create: true\n    show: true\n    update: true\n  protocol: \n    new: true\n    list: true\n    edit: true\n    create: true\n    show: true\n    update: true\n  catalogue: \n    new: true\n    list: true\n    edit: true\n    create: true\n    show: true\n    update: true\n    \"*\": true\n  project: {}\n\n  dba: \n    \"*\": true\n  system: \n    new: true\n    list: true\n    edit: true\n    create: true\n    show: true\n    update: true\n  ~: \n    ~: true\n  study_parameters: {}\n\n  cataloge: \n    new: true\n    list: true\n    edit: true\n    create: true\n    show: true\n    update: true\n  audit: {}\n\n  study_queues: {}\n\n  experiment: \n    new: true\n    list: true\n    edit: true\n    create: true\n    show: true\n    update: true\n  queue_items: {}\n\n  tasks: {}\n\n  biorails: {}\n\n  request: \n    new: true\n    list: true\n    edit: true\n    create: true\n    show: true\n    update: true\n  users: \n    new: true\n    list: true\n    edit: true\n    create: true\n    show: true\n    update: true\n    \"*\": true\n  requests: {}\n\n  page: {}\n\n  report: \n    new: true\n    list: true\n    edit: true\n    create: true\n    show: true\n    update: true\n    \"*\": true\n  home: \n    calendar: true\n    blog: true\n    projects: true\n    timeline: true\n    index: true\n    show: true\n    \"*\": true\n  reports: \n    \"*\": true\n  study_protocols: {}\n\n  inventory: \n    new: true\n    list: true\n    edit: true\n    create: true\n    show: true\n    update: true\n    \"*\": true\n  project_requests: {}\n\n  finder: {}\n\n  charts: {}\n\n- user: \n    new: true\n    list: true\n    edit: true\n    create: true\n    show: true\n    update: true\n  memberships: {}\n\n  experiments: {}\n\n  studies: {}\n\n  help: {}\n\n  auth: {}\n\n  study: \n    new: true\n    list: true\n    edit: true\n    create: true\n    show: true\n    update: true\n  protocol: \n    new: true\n    list: true\n    edit: true\n    create: true\n    show: true\n    update: true\n  catalogue: \n    new: true\n    list: true\n    edit: true\n    create: true\n    show: true\n    update: true\n    \"*\": true\n  project: {}\n\n  dba: \n    \"*\": true\n  system: \n    new: true\n    list: true\n    edit: true\n    create: true\n    show: true\n    update: true\n  ~: \n    ~: true\n  study_parameters: {}\n\n  cataloge: \n    new: true\n    list: true\n    edit: true\n    create: true\n    show: true\n    update: true\n  audit: {}\n\n  study_queues: {}\n\n  experiment: \n    new: true\n    list: true\n    edit: true\n    create: true\n    show: true\n    update: true\n  biorails: {}\n\n  tasks: {}\n\n  queue_items: {}\n\n  request: \n    new: true\n    list: true\n    edit: true\n    create: true\n    show: true\n    update: true\n  users: \n    new: true\n    list: true\n    edit: true\n    create: true\n    show: true\n    update: true\n    \"*\": true\n  requests: {}\n\n  page: {}\n\n  report: \n    new: true\n    list: true\n    edit: true\n    create: true\n    show: true\n    update: true\n    \"*\": true\n  home: \n    calendar: true\n    blog: true\n    projects: true\n    timeline: true\n    show: true\n    index: true\n    \"*\": true\n  study_protocols: {}\n\n  reports: \n    \"*\": true\n  inventory: \n    new: true\n    list: true\n    edit: true\n    create: true\n    show: true\n    update: true\n    \"*\": true\n  project_requests: {}\n\n  charts: {}\n\n  finder: {}\n\n','2007-06-11 12:47:32'),(1601,7,'Role',3,NULL,NULL,'create','--- \nname: \n- \"\"\n- User\nupdated_at: \n- \n- &id001 2007-06-11 12:48:05.451232 Z\ntype: \n- \n- UserRole\nupdated_by_user_id: \n- 1\n- 3\nid: \n- \n- 7\ndescription: \n- \"\"\n- \"Standard User \"\ncreated_by_user_id: \n- 1\n- 3\ncreated_at: \n- \n- *id001\n','2007-06-11 12:48:05'),(1602,7,'Role',3,NULL,NULL,'update','--- \nupdated_at: \n- 2007-06-11 12:48:05 Z\n- 2007-06-11 12:48:09.178051 Z\ncache: \n- \n- studies: {}\n\n  experiments: {}\n\n  memberships: {}\n\n  help: {}\n\n  auth: {}\n\n  catalogue: {}\n\n  project: {}\n\n  dba: {}\n\n  study_parameters: {}\n\n  audit: {}\n\n  study_queues: {}\n\n  biorails: {}\n\n  tasks: {}\n\n  queue_items: {}\n\n  users: {}\n\n  requests: {}\n\n  page: {}\n\n  home: {}\n\n  reports: {}\n\n  study_protocols: {}\n\n  inventory: {}\n\n  project_requests: {}\n\n  finder: {}\n\n  charts: {}\n\n','2007-06-11 12:48:09'),(1603,7,'Role',3,NULL,NULL,'update','--- \nupdated_at: \n- 2007-06-11 12:48:09 Z\n- 2007-06-11 12:48:37.841410 Z\n','2007-06-11 12:48:37'),(1604,7,'Role',3,NULL,NULL,'update','--- \nupdated_at: \n- 2007-06-11 12:48:37.841410 Z\n- 2007-06-11 12:48:39.084204 Z\ncache: \n- studies: {}\n\n  experiments: {}\n\n  memberships: {}\n\n  help: {}\n\n  auth: {}\n\n  catalogue: \n    list: true\n    show: true\n  project: {}\n\n  dba: {}\n\n  study_parameters: {}\n\n  audit: {}\n\n  study_queues: {}\n\n  biorails: {}\n\n  tasks: {}\n\n  queue_items: {}\n\n  users: \n    list: true\n    show: true\n  requests: {}\n\n  page: {}\n\n  home: \n    \"*\": true\n  reports: \n    new: true\n    list: true\n    edit: true\n    create: true\n    show: true\n    update: true\n  study_protocols: {}\n\n  inventory: \n    \"*\": true\n  project_requests: {}\n\n  finder: {}\n\n  charts: {}\n\n- experiments: {}\n\n  memberships: {}\n\n  studies: {}\n\n  help: {}\n\n  auth: {}\n\n  catalogue: \n    list: true\n    show: true\n  project: {}\n\n  dba: {}\n\n  study_parameters: {}\n\n  audit: {}\n\n  study_queues: {}\n\n  queue_items: {}\n\n  tasks: {}\n\n  biorails: {}\n\n  users: \n    list: true\n    show: true\n  requests: {}\n\n  page: {}\n\n  home: \n    \"*\": true\n  reports: \n    new: true\n    list: true\n    edit: true\n    create: true\n    show: true\n    update: true\n  study_protocols: {}\n\n  inventory: \n    \"*\": true\n  project_requests: {}\n\n  charts: {}\n\n  finder: {}\n\n','2007-06-11 12:48:39'),(1605,36,'Membership',3,NULL,NULL,'create','--- \nproject_id: \n- 0\n- 13\nupdated_at: \n- \n- &id001 2007-06-11 13:31:57.931732 Z\nrole_id: \n- 0\n- 2\nupdated_by_user_id: \n- 1\n- 3\nid: \n- \n- 36\nuser_id: \n- 0\n- 9\ncreated_by_user_id: \n- 1\n- 3\ncreated_at: \n- \n- *id001\n','2007-06-11 13:31:57'),(1606,36,'Membership',3,NULL,NULL,'update','--- \nupdated_at: \n- 2007-06-11 13:31:57.931732 Z\n- 2007-06-11 13:31:57.953299 Z\n','2007-06-11 13:31:57'),(1607,35,'Membership',3,NULL,NULL,'update','--- \nupdated_at: \n- 2007-06-07 22:50:30 Z\n- 2007-06-11 13:32:15.062070 Z\nrole_id: \n- 3\n- 5\n','2007-06-11 13:32:15'),(1608,34,'Membership',3,NULL,NULL,'update','--- \nupdated_at: \n- 2007-06-07 22:50:13 Z\n- 2007-06-11 13:32:36.593151 Z\nrole_id: \n- 3\n- 2\n','2007-06-11 13:32:36'),(1609,33,'Membership',3,NULL,NULL,'update','--- \nupdated_at: \n- 2007-06-07 22:50:01 Z\n- 2007-06-11 13:32:52.353782 Z\nrole_id: \n- 3\n- 5\n','2007-06-11 13:32:52'),(1610,32,'Membership',3,NULL,NULL,'update','--- \nupdated_at: \n- 2007-06-07 22:50:44 Z\n- 2007-06-11 13:33:07.332257 Z\nrole_id: \n- 3\n- 5\n','2007-06-11 13:33:07');
/*!40000 ALTER TABLE `audits` ENABLE KEYS */;

--
-- Table structure for table `batches`
--

DROP TABLE IF EXISTS `batches`;
CREATE TABLE `batches` (
  `id` int(11) NOT NULL auto_increment,
  `compound_id` int(11) NOT NULL default '0',
  `name` varchar(255) default NULL,
  `description` text,
  `external_ref` varchar(255) default NULL,
  `quantity_unit` varchar(255) default NULL,
  `quantity_value` float default NULL,
  `url` varchar(255) default NULL,
  `lock_version` int(11) NOT NULL default '0',
  `created_at` datetime NOT NULL default '0000-00-00 00:00:00',
  `updated_at` datetime NOT NULL default '0000-00-00 00:00:00',
  `updated_by_user_id` int(11) NOT NULL default '1',
  `created_by_user_id` int(11) NOT NULL default '1',
  PRIMARY KEY  (`id`),
  KEY `batches_compound_fk` (`compound_id`)
) ENGINE=InnoDB DEFAULT CHARSET=latin1;

--
-- Dumping data for table `batches`
--


/*!40000 ALTER TABLE `batches` DISABLE KEYS */;
INSERT INTO `batches` VALUES (1,1,'BB002','desc','','',NULL,'',4,'2006-11-28 14:51:00','2006-11-28 16:45:42',1,1),(2,1,'B02','another batch','','',NULL,'',1,'2006-11-28 14:55:40','2006-11-28 14:56:07',1,1),(3,2,'BB003','Desc','','',NULL,'',1,'2006-11-28 16:47:04','2006-11-28 16:47:04',1,1),(4,4,'AB004','desc','','',NULL,'',2,'2006-11-28 16:48:02','2006-11-28 16:50:09',1,1),(5,3,'BB004','Desc','','',NULL,'',1,'2006-11-28 16:50:44','2006-11-28 16:50:44',1,1),(6,31,'BB005','desc','','',NULL,'',1,'2006-11-28 16:53:16','2006-11-28 16:53:17',1,1),(7,3,'BB006','desc','BB006','',NULL,'',1,'2006-11-28 16:54:12','2006-11-28 16:54:12',1,1),(8,1,'BB007','desc','AB001-3','',NULL,'',1,'2006-11-28 16:59:03','2006-11-28 16:59:03',1,1),(9,1,'BB008','deasc','AB001-4','',NULL,'',1,'2006-11-28 16:59:43','2006-11-28 16:59:43',1,1),(10,1,'BB9','desc','AB001-4','',NULL,'',1,'2006-11-28 17:06:01','2006-11-28 17:06:01',1,1);
/*!40000 ALTER TABLE `batches` ENABLE KEYS */;

--
-- Table structure for table `catalog_logs`
--

DROP TABLE IF EXISTS `catalog_logs`;
CREATE TABLE `catalog_logs` (
  `id` int(11) NOT NULL auto_increment,
  `user_id` int(11) default NULL,
  `auditable_id` int(11) default NULL,
  `auditable_type` varchar(255) default NULL,
  `action` varchar(255) default NULL,
  `name` varchar(255) default NULL,
  `comment` varchar(255) default NULL,
  `created_by` varchar(255) default NULL,
  `created_at` datetime default NULL,
  PRIMARY KEY  (`id`),
  KEY `catalog_logs_user_id_index` (`user_id`),
  KEY `catalog_logs_auditable_type_index` (`auditable_type`,`auditable_id`),
  KEY `catalog_logs_created_at_index` (`created_at`)
) ENGINE=InnoDB DEFAULT CHARSET=latin1;

--
-- Dumping data for table `catalog_logs`
--


/*!40000 ALTER TABLE `catalog_logs` DISABLE KEYS */;
INSERT INTO `catalog_logs` VALUES (1,NULL,1,'DataElement','Create','DataFormat',' Create of ModelElement with with 1',NULL,'2007-06-06 14:31:27'),(2,NULL,1,'DataElement','Update','DataFormat',' Update of ModelElement with with 1',NULL,'2007-06-06 14:31:27'),(3,NULL,2,'DataElement','Create','DataType',' Create of ModelElement with with 2',NULL,'2007-06-06 14:37:38'),(4,NULL,2,'DataElement','Update','DataType',' Update of ModelElement with with 2',NULL,'2007-06-06 14:37:38'),(5,NULL,3,'DataElement','Create','Groups',' Create of ModelElement with with 3',NULL,'2007-06-06 14:38:15'),(6,NULL,3,'DataElement','Update','Groups',' Update of ModelElement with with 3',NULL,'2007-06-06 14:38:15'),(7,NULL,4,'DataElement','Create','ParameterRole',' Create of ModelElement with with 4',NULL,'2007-06-06 14:41:08'),(8,NULL,4,'DataElement','Update','ParameterRole',' Update of ModelElement with with 4',NULL,'2007-06-06 14:41:09'),(9,NULL,5,'DataElement','Create','ParameterType',' Create of ModelElement with with 5',NULL,'2007-06-06 14:42:41'),(10,NULL,5,'DataElement','Update','ParameterType',' Update of ModelElement with with 5',NULL,'2007-06-06 14:42:41'),(11,NULL,6,'DataElement','Create','Roles',' Create of ModelElement with with 6',NULL,'2007-06-06 14:43:10'),(12,NULL,6,'DataElement','Update','Roles',' Update of ModelElement with with 6',NULL,'2007-06-06 14:43:10'),(13,NULL,7,'DataElement','Create','Molar',' Create of ListElement with with 7',NULL,'2007-06-06 14:45:45'),(14,NULL,8,'DataElement','Create','M',' Create of DataElement with with 8',NULL,'2007-06-06 14:45:45'),(15,NULL,8,'DataElement','Update','M',' Update of DataElement with with 8',NULL,'2007-06-06 14:45:45'),(16,NULL,9,'DataElement','Create','mM',' Create of DataElement with with 9',NULL,'2007-06-06 14:45:45'),(17,NULL,9,'DataElement','Update','mM',' Update of DataElement with with 9',NULL,'2007-06-06 14:45:45'),(18,NULL,10,'DataElement','Create','uM',' Create of DataElement with with 10',NULL,'2007-06-06 14:45:45'),(19,NULL,10,'DataElement','Update','uM',' Update of DataElement with with 10',NULL,'2007-06-06 14:45:45'),(20,NULL,11,'DataElement','Create','pM',' Create of DataElement with with 11',NULL,'2007-06-06 14:45:45'),(21,NULL,11,'DataElement','Update','pM',' Update of DataElement with with 11',NULL,'2007-06-06 14:45:45'),(22,NULL,12,'DataElement','Create','nM',' Create of DataElement with with 12',NULL,'2007-06-06 14:45:45'),(23,NULL,12,'DataElement','Update','nM',' Update of DataElement with with 12',NULL,'2007-06-06 14:45:45'),(24,NULL,7,'DataElement','Update','Molar',' Update of ListElement with with 7',NULL,'2007-06-06 14:45:45'),(25,NULL,13,'DataElement','Create','Length',' Create of ListElement with with 13',NULL,'2007-06-06 14:46:42'),(26,NULL,14,'DataElement','Create','m',' Create of DataElement with with 14',NULL,'2007-06-06 14:46:42'),(27,NULL,14,'DataElement','Update','m',' Update of DataElement with with 14',NULL,'2007-06-06 14:46:42'),(28,NULL,15,'DataElement','Create','km',' Create of DataElement with with 15',NULL,'2007-06-06 14:46:42'),(29,NULL,15,'DataElement','Update','km',' Update of DataElement with with 15',NULL,'2007-06-06 14:46:42'),(30,NULL,16,'DataElement','Create','cm',' Create of DataElement with with 16',NULL,'2007-06-06 14:46:42'),(31,NULL,16,'DataElement','Update','cm',' Update of DataElement with with 16',NULL,'2007-06-06 14:46:42'),(32,NULL,17,'DataElement','Create','mm',' Create of DataElement with with 17',NULL,'2007-06-06 14:46:42'),(33,NULL,17,'DataElement','Update','mm',' Update of DataElement with with 17',NULL,'2007-06-06 14:46:42'),(34,NULL,18,'DataElement','Create','um',' Create of DataElement with with 18',NULL,'2007-06-06 14:46:42'),(35,NULL,18,'DataElement','Update','um',' Update of DataElement with with 18',NULL,'2007-06-06 14:46:42'),(36,NULL,19,'DataElement','Create','nm',' Create of DataElement with with 19',NULL,'2007-06-06 14:46:42'),(37,NULL,19,'DataElement','Update','nm',' Update of DataElement with with 19',NULL,'2007-06-06 14:46:42'),(38,NULL,20,'DataElement','Create','pm',' Create of DataElement with with 20',NULL,'2007-06-06 14:46:42'),(39,NULL,20,'DataElement','Update','pm',' Update of DataElement with with 20',NULL,'2007-06-06 14:46:42'),(40,NULL,13,'DataElement','Update','Length',' Update of ListElement with with 13',NULL,'2007-06-06 14:46:42'),(41,NULL,21,'DataElement','Create','weight',' Create of ListElement with with 21',NULL,'2007-06-06 14:47:17'),(42,NULL,22,'DataElement','Create','g',' Create of DataElement with with 22',NULL,'2007-06-06 14:47:17'),(43,NULL,22,'DataElement','Update','g',' Update of DataElement with with 22',NULL,'2007-06-06 14:47:17'),(44,NULL,23,'DataElement','Create','kg',' Create of DataElement with with 23',NULL,'2007-06-06 14:47:17'),(45,NULL,23,'DataElement','Update','kg',' Update of DataElement with with 23',NULL,'2007-06-06 14:47:18'),(46,NULL,24,'DataElement','Create','mg',' Create of DataElement with with 24',NULL,'2007-06-06 14:47:18'),(47,NULL,24,'DataElement','Update','mg',' Update of DataElement with with 24',NULL,'2007-06-06 14:47:18'),(48,NULL,25,'DataElement','Create','ug',' Create of DataElement with with 25',NULL,'2007-06-06 14:47:18'),(49,NULL,25,'DataElement','Update','ug',' Update of DataElement with with 25',NULL,'2007-06-06 14:47:18'),(50,NULL,26,'DataElement','Create','ng',' Create of DataElement with with 26',NULL,'2007-06-06 14:47:18'),(51,NULL,26,'DataElement','Update','ng',' Update of DataElement with with 26',NULL,'2007-06-06 14:47:18'),(52,NULL,27,'DataElement','Create','pg',' Create of DataElement with with 27',NULL,'2007-06-06 14:47:18'),(53,NULL,27,'DataElement','Update','pg',' Update of DataElement with with 27',NULL,'2007-06-06 14:47:18'),(54,NULL,21,'DataElement','Update','weight',' Update of ListElement with with 21',NULL,'2007-06-06 14:47:18'),(55,NULL,28,'DataElement','Create','Users',' Create of ModelElement with with 28',NULL,'2007-06-06 14:49:09'),(56,NULL,28,'DataElement','Update','Users',' Update of ModelElement with with 28',NULL,'2007-06-06 14:49:09'),(57,NULL,29,'DataElement','Create','Administrators',' Create of SqlElement with with 29',NULL,'2007-06-06 14:51:30'),(58,NULL,29,'DataElement','Update','Administrators',' Update of SqlElement with with 29',NULL,'2007-06-06 14:51:30'),(59,NULL,30,'DataElement','Create','Experiment',' Create of ModelElement with with 30',NULL,'2007-06-06 14:52:44'),(60,NULL,30,'DataElement','Update','Experiment',' Update of ModelElement with with 30',NULL,'2007-06-06 14:52:44'),(61,NULL,31,'DataElement','Create','Folder',' Create of ModelElement with with 31',NULL,'2007-06-06 14:53:42'),(62,NULL,31,'DataElement','Update','Folder',' Update of ModelElement with with 31',NULL,'2007-06-06 14:53:42'),(63,NULL,32,'DataElement','Create','Project',' Create of ModelElement with with 32',NULL,'2007-06-06 14:55:25'),(64,NULL,32,'DataElement','Update','Project',' Update of ModelElement with with 32',NULL,'2007-06-06 14:55:25'),(65,NULL,33,'DataElement','Create','Task',' Create of ModelElement with with 33',NULL,'2007-06-06 14:55:53'),(66,NULL,33,'DataElement','Update','Task',' Update of ModelElement with with 33',NULL,'2007-06-06 14:55:53'),(67,NULL,34,'DataElement','Create','Batches',' Create of ModelElement with with 34',NULL,'2007-06-06 14:56:31'),(68,NULL,34,'DataElement','Update','Batches',' Update of ModelElement with with 34',NULL,'2007-06-06 14:56:31'),(69,NULL,35,'DataElement','Create','Compounds',' Create of ModelElement with with 35',NULL,'2007-06-06 14:56:50'),(70,NULL,35,'DataElement','Update','Compounds',' Update of ModelElement with with 35',NULL,'2007-06-06 14:56:50'),(71,NULL,36,'DataElement','Create','Request',' Create of ModelElement with with 36',NULL,'2007-06-06 14:58:11'),(72,NULL,36,'DataElement','Update','Request',' Update of ModelElement with with 36',NULL,'2007-06-06 14:58:11'),(73,NULL,37,'DataElement','Create','Plate',' Create of ModelElement with with 37',NULL,'2007-06-06 14:59:01'),(74,NULL,37,'DataElement','Update','Plate',' Update of ModelElement with with 37',NULL,'2007-06-06 14:59:01'),(75,NULL,1,'ParameterType','Create','Dose',' Create of ParameterType with with 1',NULL,'2007-06-06 16:56:20'),(76,NULL,2,'ParameterType','Create','Count',' Create of ParameterType with with 2',NULL,'2007-06-06 16:59:17'),(77,NULL,3,'ParameterType','Create','Inhibition',' Create of ParameterType with with 3',NULL,'2007-06-06 17:01:06'),(78,NULL,2,'ParameterType','Update','Count',' Update of ParameterType with with 2',NULL,'2007-06-06 17:02:49'),(79,NULL,4,'ParameterType','Create','Identifier',' Create of ParameterType with with 4',NULL,'2007-06-06 17:04:24'),(80,NULL,5,'ParameterType','Create','Compound',' Create of ParameterType with with 5',NULL,'2007-06-06 17:05:07'),(81,NULL,6,'ParameterType','Create','Plate',' Create of ParameterType with with 6',NULL,'2007-06-06 17:05:46'),(82,NULL,7,'ParameterType','Create','Subject',' Create of ParameterType with with 7',NULL,'2007-06-06 17:07:05'),(83,NULL,8,'ParameterType','Create','Rate',' Create of ParameterType with with 8',NULL,'2007-06-06 17:08:52'),(84,NULL,9,'ParameterType','Create','Duration',' Create of ParameterType with with 9',NULL,'2007-06-06 17:09:57'),(85,NULL,10,'ParameterType','Create','Length',' Create of ParameterType with with 10',NULL,'2007-06-06 17:12:28'),(86,NULL,11,'ParameterType','Create','url',' Create of ParameterType with with 11',NULL,'2007-06-06 17:13:05'),(87,NULL,11,'ParameterType','Update','URL',' Update of ParameterType with with 11',NULL,'2007-06-06 17:13:42'),(88,NULL,12,'DataFormat','Update','Decimal5.2',' Update of DataFormat with with 12',NULL,'2007-06-06 20:13:07'),(89,NULL,26,'DataFormat','Create','Quantiy',' Create of DataFormat with with 26',NULL,'2007-06-06 20:15:15'),(90,NULL,27,'DataFormat','Create','Concentration',' Create of DataFormat with with 27',NULL,'2007-06-06 20:20:26'),(91,NULL,28,'DataFormat','Create','Amount',' Create of DataFormat with with 28',NULL,'2007-06-06 20:22:12'),(92,NULL,13,'DataFormat','Update','Percentage',' Update of DataFormat with with 13',NULL,'2007-06-06 20:26:16'),(93,NULL,52,'DataConcept','Create','Catagory',' Create of DataConcept with with 52',NULL,'2007-06-06 20:36:51'),(94,NULL,52,'DataConcept','Update','Catagory',' Update of DataConcept with with 52',NULL,'2007-06-06 20:36:51'),(95,NULL,53,'DataConcept','Create','Status',' Create of DataConcept with with 53',NULL,'2007-06-06 20:37:19'),(96,NULL,53,'DataConcept','Update','Status',' Update of DataConcept with with 53',NULL,'2007-06-06 20:37:19'),(97,NULL,54,'DataConcept','Create','Area',' Create of DataConcept with with 54',NULL,'2007-06-06 20:37:46'),(98,NULL,54,'DataConcept','Update','Area',' Update of DataConcept with with 54',NULL,'2007-06-06 20:37:46'),(99,NULL,38,'DataElement','Create','Area',' Create of ListElement with with 38',NULL,'2007-06-06 20:42:42'),(100,NULL,39,'DataElement','Create','A',' Create of DataElement with with 39',NULL,'2007-06-06 20:42:42'),(101,NULL,39,'DataElement','Update','A',' Update of DataElement with with 39',NULL,'2007-06-06 20:42:42'),(102,NULL,40,'DataElement','Create','B',' Create of DataElement with with 40',NULL,'2007-06-06 20:42:42'),(103,NULL,40,'DataElement','Update','B',' Update of DataElement with with 40',NULL,'2007-06-06 20:42:42'),(104,NULL,41,'DataElement','Create','C',' Create of DataElement with with 41',NULL,'2007-06-06 20:42:42'),(105,NULL,41,'DataElement','Update','C',' Update of DataElement with with 41',NULL,'2007-06-06 20:42:42'),(106,NULL,42,'DataElement','Create','D',' Create of DataElement with with 42',NULL,'2007-06-06 20:42:42'),(107,NULL,42,'DataElement','Update','D',' Update of DataElement with with 42',NULL,'2007-06-06 20:42:43'),(108,NULL,38,'DataElement','Update','Area',' Update of ListElement with with 38',NULL,'2007-06-06 20:42:43'),(109,NULL,43,'DataElement','Create','Status',' Create of ListElement with with 43',NULL,'2007-06-06 21:15:55'),(110,NULL,44,'DataElement','Create','New',' Create of DataElement with with 44',NULL,'2007-06-06 21:15:55'),(111,NULL,44,'DataElement','Update','New',' Update of DataElement with with 44',NULL,'2007-06-06 21:15:55'),(112,NULL,45,'DataElement','Create','Active',' Create of DataElement with with 45',NULL,'2007-06-06 21:15:55'),(113,NULL,45,'DataElement','Update','Active',' Update of DataElement with with 45',NULL,'2007-06-06 21:15:55'),(114,NULL,46,'DataElement','Create','Finished',' Create of DataElement with with 46',NULL,'2007-06-06 21:15:56'),(115,NULL,46,'DataElement','Update','Finished',' Update of DataElement with with 46',NULL,'2007-06-06 21:15:56'),(116,NULL,43,'DataElement','Update','Status',' Update of ListElement with with 43',NULL,'2007-06-06 21:15:56'),(117,NULL,47,'DataElement','Create','Catagory',' Create of ListElement with with 47',NULL,'2007-06-06 21:17:22'),(118,NULL,48,'DataElement','Create','Screen',' Create of DataElement with with 48',NULL,'2007-06-06 21:17:22'),(119,NULL,48,'DataElement','Update','Screen',' Update of DataElement with with 48',NULL,'2007-06-06 21:17:22'),(120,NULL,49,'DataElement','Create','Dose',' Create of DataElement with with 49',NULL,'2007-06-06 21:17:22'),(121,NULL,49,'DataElement','Update','Dose',' Update of DataElement with with 49',NULL,'2007-06-06 21:17:22'),(122,NULL,50,'DataElement','Create','Profile',' Create of DataElement with with 50',NULL,'2007-06-06 21:17:22'),(123,NULL,50,'DataElement','Update','Profile',' Update of DataElement with with 50',NULL,'2007-06-06 21:17:22'),(124,NULL,51,'DataElement','Create','Tox',' Create of DataElement with with 51',NULL,'2007-06-06 21:17:22'),(125,NULL,51,'DataElement','Update','Tox',' Update of DataElement with with 51',NULL,'2007-06-06 21:17:22'),(126,NULL,47,'DataElement','Update','Catagory',' Update of ListElement with with 47',NULL,'2007-06-06 21:17:22'),(127,NULL,52,'DataConcept','Update','ProtocolCatagory',' Update of DataConcept with with 52',NULL,'2007-06-06 22:00:05'),(128,NULL,53,'DataConcept','Update','ProtocolStatus',' Update of DataConcept with with 53',NULL,'2007-06-06 22:00:48'),(129,NULL,54,'DataConcept','Update','ResearchArea',' Update of DataConcept with with 54',NULL,'2007-06-06 22:01:45'),(130,NULL,12,'ParameterType','Create','IC50',' Create of ParameterType with with 12',NULL,'2007-06-06 22:22:08'),(131,NULL,13,'ParameterType','Create','Enzyme',' Create of ParameterType with with 13',NULL,'2007-06-06 22:27:29'),(132,NULL,14,'ParameterType','Create','organism',' Create of ParameterType with with 14',NULL,'2007-06-06 22:29:09'),(133,NULL,15,'ParameterType','Create','Location',' Create of ParameterType with with 15',NULL,'2007-06-06 22:29:40'),(134,NULL,3,'DataConcept','Update','Catalogue',' Update of DataConcept with with 3',NULL,'2007-06-07 09:46:08'),(135,NULL,8,'DataFormat','Update','Integer',' Update of DataFormat with with 8',NULL,'2007-06-07 21:45:05'),(136,NULL,4,'DataFormat','Update','Double',' Update of DataFormat with with 4',NULL,'2007-06-07 21:45:34'),(137,NULL,3,'ParameterType','Update','Inhibition',' Update of ParameterType with with 3',NULL,'2007-06-08 10:45:01'),(138,NULL,16,'ParameterType','Create','Date',' Create of ParameterType with with 16',NULL,'2007-06-08 10:49:26'),(139,NULL,17,'ParameterType','Create','Time',' Create of ParameterType with with 17',NULL,'2007-06-08 10:49:50'),(140,NULL,18,'ParameterType','Create','Temperature',' Create of ParameterType with with 18',NULL,'2007-06-08 10:51:11'),(141,NULL,27,'DataFormat','Update','Concentration',' Update of DataFormat with with 27',NULL,'2007-06-08 11:24:56');
/*!40000 ALTER TABLE `catalog_logs` ENABLE KEYS */;

--
-- Table structure for table `compound_results`
--

DROP TABLE IF EXISTS `compound_results`;
/*!50001 DROP VIEW IF EXISTS `compound_results`*/;
/*!50001 DROP TABLE IF EXISTS `compound_results`*/;
/*!50001 CREATE TABLE `compound_results` (
  `id` int(11),
  `row_no` int(11),
  `column_no` int(11),
  `task_id` int(11),
  `parameter_context_id` int(11),
  `task_context_id` int(11),
  `data_element_id` int(11),
  `compound_parameter_id` int(11),
  `compound_id` int(11),
  `compound_name` varchar(255),
  `protocol_version_id` int(11),
  `label` varchar(255),
  `row_label` varchar(255),
  `parameter_id` int(11),
  `parameter_name` varchar(62),
  `data_value` double,
  `created_by_user_id` int(11),
  `created_at` datetime,
  `updated_by_user_id` int(11),
  `updated_at` datetime
) */;

--
-- Table structure for table `compounds`
--

DROP TABLE IF EXISTS `compounds`;
CREATE TABLE `compounds` (
  `id` int(11) NOT NULL auto_increment,
  `name` varchar(50) NOT NULL default '',
  `description` text,
  `formula` varchar(50) default NULL,
  `mass` float default NULL,
  `smiles` varchar(255) default NULL,
  `lock_version` int(11) NOT NULL default '0',
  `created_at` datetime NOT NULL,
  `updated_at` datetime NOT NULL,
  `registration_date` datetime default NULL,
  `iupacname` varchar(255) default '',
  `updated_by_user_id` int(11) NOT NULL default '1',
  `created_by_user_id` int(11) NOT NULL default '1',
  PRIMARY KEY  (`id`)
) ENGINE=InnoDB DEFAULT CHARSET=latin1;

--
-- Dumping data for table `compounds`
--


/*!40000 ALTER TABLE `compounds` DISABLE KEYS */;
INSERT INTO `compounds` VALUES (1,'AB001','AB001','',NULL,'C(Cl)C(C)C(N)CCc1ccc(Cl)c(N)c1',4,'2006-10-23 20:33:53','2006-11-30 00:24:23',NULL,'',1,1),(2,'AB002','AB002',NULL,NULL,'c1cc(N)c(Cl)cc1',0,'2006-10-23 20:33:53','2006-10-23 20:33:53',NULL,'',1,1),(3,'AB003','AB003',NULL,NULL,'c1cc(N)c(Cl)cc1',0,'2006-10-23 20:33:53','2006-10-23 20:33:53',NULL,'',1,1),(4,'AB004','AB004',NULL,NULL,'c1cc(N)c(Cl)cc1',0,'2006-10-23 20:33:53','2006-10-23 20:33:53',NULL,'',1,1),(5,'AB005','AB005',NULL,NULL,'c1cc(N)c(Cl)cc1',0,'2006-10-23 20:33:53','2006-10-23 20:33:53',NULL,'',1,1),(6,'AB006','AB006',NULL,NULL,'c1cc(N)c(Cl)cc1',0,'2006-10-23 20:33:53','2006-10-23 20:33:53',NULL,'',1,1),(7,'AB007','AB007',NULL,NULL,'c1cc(N)c(Cl)cc1',0,'2006-10-23 20:33:53','2006-10-23 20:33:53',NULL,'',1,1),(8,'AB008','AB008',NULL,NULL,'c1cc(N)c(Cl)cc1',0,'2006-10-23 20:33:53','2006-10-23 20:33:53',NULL,'',1,1),(9,'AB009','AB009',NULL,NULL,'c1cc(N)c(Cl)cc1',0,'2006-10-23 20:33:53','2006-10-23 20:33:53',NULL,'',1,1),(10,'AB0010','AB0010',NULL,NULL,'c1cc(N)c(Cl)cc1',0,'2006-10-23 20:33:53','2006-10-23 20:33:53',NULL,'',1,1),(11,'AB0011','AB0011',NULL,NULL,'c1cc(N)c(Cl)cc1',0,'2006-10-23 20:33:53','2006-10-23 20:33:53',NULL,'',1,1),(12,'AB0012','AB0012',NULL,NULL,'c1cc(N)c(Cl)cc1',0,'2006-10-23 20:33:53','2006-10-23 20:33:53',NULL,'',1,1),(13,'AB0013','AB0013',NULL,NULL,'c1cc(N)c(Cl)cc1',0,'2006-10-23 20:33:53','2006-10-23 20:33:53',NULL,'',1,1),(14,'AB0014','AB0014',NULL,NULL,'c1cc(N)c(Cl)cc1',0,'2006-10-23 20:33:53','2006-10-23 20:33:53',NULL,'',1,1),(15,'AB0015','AB0015',NULL,NULL,'c1cc(N)c(Cl)cc1',0,'2006-10-23 20:33:53','2006-10-23 20:33:53',NULL,'',1,1),(16,'AB0016','AB0016',NULL,NULL,'c1cc(N)c(Cl)cc1',0,'2006-10-23 20:33:53','2006-10-23 20:33:53',NULL,'',1,1),(17,'AB0017','AB0017',NULL,NULL,'c1cc(N)c(Cl)cc1',0,'2006-10-23 20:33:53','2006-10-23 20:33:53',NULL,'',1,1),(18,'AB0018','AB0018',NULL,NULL,'c1cc(N)c(Cl)cc1',0,'2006-10-23 20:33:53','2006-10-23 20:33:53',NULL,'',1,1),(19,'AB0019','AB0019',NULL,NULL,'c1cc(N)c(Cl)cc1',0,'2006-10-23 20:33:53','2006-10-23 20:33:53',NULL,'',1,1),(20,'AB0020','AB0020',NULL,NULL,'c1cc(N)c(Cl)cc1',0,'2006-10-23 20:33:53','2006-10-23 20:33:53',NULL,'',1,1),(21,'AB0021','AB0021',NULL,NULL,'c1cc(N)c(Cl)cc1',0,'2006-10-23 20:33:54','2006-10-23 20:33:54',NULL,'',1,1),(22,'AB0022','AB0022',NULL,NULL,'c1cc(N)c(Cl)cc1',0,'2006-10-23 20:33:54','2006-10-23 20:33:54',NULL,'',1,1),(23,'AB0023','AB0023',NULL,NULL,'c1cc(N)c(Cl)cc1',0,'2006-10-23 20:33:54','2006-10-23 20:33:54',NULL,'',1,1),(24,'AB0024','AB0024',NULL,NULL,'c1cc(N)c(Cl)cc1',0,'2006-10-23 20:33:54','2006-10-23 20:33:54',NULL,'',1,1),(25,'AB0025','AB0025',NULL,NULL,'c1cc(N)c(Cl)cc1',0,'2006-10-23 20:33:54','2006-10-23 20:33:54',NULL,'',1,1),(26,'AB0026','AB0026',NULL,NULL,'c1cc(N)c(Cl)cc1',0,'2006-10-23 20:33:54','2006-10-23 20:33:54',NULL,'',1,1),(27,'AB0027','AB0027',NULL,NULL,'c1cc(N)c(Cl)cc1',0,'2006-10-23 20:33:54','2006-10-23 20:33:54',NULL,'',1,1),(28,'AB0028','AB0028',NULL,NULL,'c1cc(N)c(Cl)cc1',0,'2006-10-23 20:33:54','2006-10-23 20:33:54',NULL,'',1,1),(29,'AB0029','AB0029',NULL,NULL,'c1cc(N)c(Cl)cc1',0,'2006-10-23 20:33:54','2006-10-23 20:33:54',NULL,'',1,1),(30,'AB0030','AB0030',NULL,NULL,'c1cc(N)c(Cl)cc1',0,'2006-10-23 20:33:54','2006-10-23 20:33:54',NULL,'',1,1),(31,'AB0031','AB0031',NULL,NULL,'c1cc(N)c(Cl)cc1',0,'2006-10-23 20:33:54','2006-10-23 20:33:54',NULL,'',1,1),(32,'AB0032','AB0032',NULL,NULL,'c1cc(N)c(Cl)cc1',0,'2006-10-23 20:33:54','2006-10-23 20:33:54',NULL,'',1,1),(33,'AB0033','AB0033',NULL,NULL,'c1cc(N)c(Cl)cc1',0,'2006-10-23 20:33:54','2006-10-23 20:33:54',NULL,'',1,1),(34,'AB0034','AB0034',NULL,NULL,'c1cc(N)c(Cl)cc1',0,'2006-10-23 20:33:54','2006-10-23 20:33:54',NULL,'',1,1),(35,'AB0035','AB0035',NULL,NULL,'c1cc(N)c(Cl)cc1',0,'2006-10-23 20:33:54','2006-10-23 20:33:54',NULL,'',1,1),(36,'AB0036','AB0036',NULL,NULL,'c1cc(N)c(Cl)cc1',0,'2006-10-23 20:33:54','2006-10-23 20:33:54',NULL,'',1,1),(37,'AB0037','AB0037',NULL,NULL,'c1cc(N)c(Cl)cc1',0,'2006-10-23 20:33:54','2006-10-23 20:33:54',NULL,'',1,1),(38,'AB0038','AB0038',NULL,NULL,'c1cc(N)c(Cl)cc1',0,'2006-10-23 20:33:54','2006-10-23 20:33:54',NULL,'',1,1),(39,'AB0039','AB0039',NULL,NULL,'c1cc(N)c(Cl)cc1',0,'2006-10-23 20:33:54','2006-10-23 20:33:54',NULL,'',1,1),(40,'AB0040','AB0040',NULL,NULL,'c1cc(N)c(Cl)cc1',0,'2006-10-23 20:33:54','2006-10-23 20:33:54',NULL,'',1,1),(41,'AB0041','AB0041',NULL,NULL,'c1cc(N)c(Cl)cc1',0,'2006-10-23 20:33:54','2006-10-23 20:33:54',NULL,'',1,1),(42,'AB0042','AB0042',NULL,NULL,'c1cc(N)c(Cl)cc1',0,'2006-10-23 20:33:54','2006-10-23 20:33:54',NULL,'',1,1),(43,'AB0043','AB0043',NULL,NULL,'c1cc(N)c(Cl)cc1',0,'2006-10-23 20:33:54','2006-10-23 20:33:54',NULL,'',1,1),(44,'AB0044','AB0044',NULL,NULL,'c1cc(N)c(Cl)cc1',0,'2006-10-23 20:33:54','2006-10-23 20:33:54',NULL,'',1,1),(45,'AB0045','AB0045',NULL,NULL,'c1cc(N)c(Cl)cc1',0,'2006-10-23 20:33:54','2006-10-23 20:33:54',NULL,'',1,1),(46,'AB0046','AB0046',NULL,NULL,'c1cc(N)c(Cl)cc1',0,'2006-10-23 20:33:54','2006-10-23 20:33:54',NULL,'',1,1),(47,'AB0047','AB0047',NULL,NULL,'c1cc(N)c(Cl)cc1',0,'2006-10-23 20:33:54','2006-10-23 20:33:54',NULL,'',1,1),(48,'AB0048','AB0048',NULL,NULL,'c1cc(N)c(Cl)cc1',0,'2006-10-23 20:33:54','2006-10-23 20:33:54',NULL,'',1,1),(49,'AB0049','AB0049',NULL,NULL,'c1cc(N)c(Cl)cc1',0,'2006-10-23 20:33:54','2006-10-23 20:33:54',NULL,'',1,1),(50,'AB0050','AB0050',NULL,NULL,'c1cc(N)c(Cl)cc1',0,'2006-10-23 20:33:54','2006-10-23 20:33:54',NULL,'',1,1),(51,'AB0051','AB0051',NULL,NULL,'c1cc(N)c(Cl)cc1',0,'2006-10-23 20:33:55','2006-10-23 20:33:55',NULL,'',1,1),(52,'AB0052','AB0052',NULL,NULL,'c1cc(N)c(Cl)cc1',0,'2006-10-23 20:33:55','2006-10-23 20:33:55',NULL,'',1,1),(53,'AB0053','AB0053',NULL,NULL,'c1cc(N)c(Cl)cc1',0,'2006-10-23 20:33:55','2006-10-23 20:33:55',NULL,'',1,1),(54,'AB0054','AB0054',NULL,NULL,'c1cc(N)c(Cl)cc1',0,'2006-10-23 20:33:55','2006-10-23 20:33:55',NULL,'',1,1),(55,'AB0055','AB0055',NULL,NULL,'c1cc(N)c(Cl)cc1',0,'2006-10-23 20:33:55','2006-10-23 20:33:55',NULL,'',1,1),(56,'AB0056','AB0056',NULL,NULL,'c1cc(N)c(Cl)cc1',0,'2006-10-23 20:33:55','2006-10-23 20:33:55',NULL,'',1,1),(57,'AB0057','AB0057',NULL,NULL,'c1cc(N)c(Cl)cc1',0,'2006-10-23 20:33:55','2006-10-23 20:33:55',NULL,'',1,1),(58,'AB0058','AB0058',NULL,NULL,'c1cc(N)c(Cl)cc1',0,'2006-10-23 20:33:55','2006-10-23 20:33:55',NULL,'',1,1),(59,'AB0059','AB0059',NULL,NULL,'c1cc(N)c(Cl)cc1',0,'2006-10-23 20:33:55','2006-10-23 20:33:55',NULL,'',1,1),(60,'AB0060','AB0060',NULL,NULL,'c1cc(N)c(Cl)cc1',0,'2006-10-23 20:33:55','2006-10-23 20:33:55',NULL,'',1,1),(61,'AB0061','AB0061',NULL,NULL,'c1cc(N)c(Cl)cc1',0,'2006-10-23 20:33:55','2006-10-23 20:33:55',NULL,'',1,1),(62,'AB0062','AB0062',NULL,NULL,'c1cc(N)c(Cl)cc1',0,'2006-10-23 20:33:55','2006-10-23 20:33:55',NULL,'',1,1),(63,'AB0063','AB0063',NULL,NULL,'c1cc(N)c(Cl)cc1',0,'2006-10-23 20:33:55','2006-10-23 20:33:55',NULL,'',1,1),(64,'AB0064','AB0064',NULL,NULL,'c1cc(N)c(Cl)cc1',0,'2006-10-23 20:33:55','2006-10-23 20:33:55',NULL,'',1,1),(65,'AB0065','AB0065',NULL,NULL,'c1cc(N)c(Cl)cc1',0,'2006-10-23 20:33:55','2006-10-23 20:33:55',NULL,'',1,1),(66,'AB0066','AB0066',NULL,NULL,'c1cc(N)c(Cl)cc1',0,'2006-10-23 20:33:55','2006-10-23 20:33:55',NULL,'',1,1),(67,'AB0067','AB0067',NULL,NULL,'c1cc(N)c(Cl)cc1',0,'2006-10-23 20:33:55','2006-10-23 20:33:55',NULL,'',1,1),(68,'AB0068','AB0068',NULL,NULL,'c1cc(N)c(Cl)cc1',0,'2006-10-23 20:33:55','2006-10-23 20:33:55',NULL,'',1,1),(69,'AB0069','AB0069',NULL,NULL,'c1cc(N)c(Cl)cc1',0,'2006-10-23 20:33:55','2006-10-23 20:33:55',NULL,'',1,1),(70,'AB0070','AB0070',NULL,NULL,'c1cc(N)c(Cl)cc1',0,'2006-10-23 20:33:55','2006-10-23 20:33:55',NULL,'',1,1),(71,'AB0071','AB0071',NULL,NULL,'c1cc(N)c(Cl)cc1',0,'2006-10-23 20:33:55','2006-10-23 20:33:55',NULL,'',1,1),(72,'AB0072','AB0072',NULL,NULL,'c1cc(N)c(Cl)cc1',0,'2006-10-23 20:33:55','2006-10-23 20:33:55',NULL,'',1,1),(73,'AB0073','AB0073',NULL,NULL,'c1cc(N)c(Cl)cc1',0,'2006-10-23 20:33:55','2006-10-23 20:33:55',NULL,'',1,1),(74,'AB0074','AB0074',NULL,NULL,'c1cc(N)c(Cl)cc1',0,'2006-10-23 20:33:55','2006-10-23 20:33:55',NULL,'',1,1),(75,'AB0075','AB0075',NULL,NULL,'c1cc(N)c(Cl)cc1',0,'2006-10-23 20:33:55','2006-10-23 20:33:55',NULL,'',1,1),(76,'AB0076','AB0076',NULL,NULL,'c1cc(N)c(Cl)cc1',0,'2006-10-23 20:33:55','2006-10-23 20:33:55',NULL,'',1,1),(77,'AB0077','AB0077',NULL,NULL,'c1cc(N)c(Cl)cc1',0,'2006-10-23 20:33:55','2006-10-23 20:33:55',NULL,'',1,1),(78,'AB0078','AB0078',NULL,NULL,'c1cc(N)c(Cl)cc1',0,'2006-10-23 20:33:55','2006-10-23 20:33:55',NULL,'',1,1),(79,'AB0079','AB0079',NULL,NULL,'c1cc(N)c(Cl)cc1',0,'2006-10-23 20:33:55','2006-10-23 20:33:55',NULL,'',1,1),(80,'AB0080','AB0080',NULL,NULL,'c1cc(N)c(Cl)cc1',0,'2006-10-23 20:33:55','2006-10-23 20:33:55',NULL,'',1,1),(81,'AB0081','AB0081',NULL,NULL,'c1cc(N)c(Cl)cc1',0,'2006-10-23 20:33:55','2006-10-23 20:33:55',NULL,'',1,1),(82,'AB0082','AB0082',NULL,NULL,'c1cc(N)c(Cl)cc1',0,'2006-10-23 20:33:55','2006-10-23 20:33:55',NULL,'',1,1),(83,'AB0083','AB0083',NULL,NULL,'c1cc(N)c(Cl)cc1',0,'2006-10-23 20:33:55','2006-10-23 20:33:55',NULL,'',1,1),(84,'AB0084','AB0084',NULL,NULL,'c1cc(N)c(Cl)cc1',0,'2006-10-23 20:33:56','2006-10-23 20:33:56',NULL,'',1,1),(85,'AB0085','AB0085',NULL,NULL,'c1cc(N)c(Cl)cc1',0,'2006-10-23 20:33:56','2006-10-23 20:33:56',NULL,'',1,1),(86,'AB0086','AB0086',NULL,NULL,'c1cc(N)c(Cl)cc1',0,'2006-10-23 20:33:56','2006-10-23 20:33:56',NULL,'',1,1),(87,'AB0087','AB0087',NULL,NULL,'c1cc(N)c(Cl)cc1',0,'2006-10-23 20:33:56','2006-10-23 20:33:56',NULL,'',1,1),(88,'AB0088','AB0088',NULL,NULL,'c1cc(N)c(Cl)cc1',0,'2006-10-23 20:33:56','2006-10-23 20:33:56',NULL,'',1,1),(89,'AB0089','AB0089',NULL,NULL,'c1cc(N)c(Cl)cc1',0,'2006-10-23 20:33:56','2006-10-23 20:33:56',NULL,'',1,1),(90,'AB0090','AB0090',NULL,NULL,'c1cc(N)c(Cl)cc1',0,'2006-10-23 20:33:56','2006-10-23 20:33:56',NULL,'',1,1),(91,'AB0091','AB0091',NULL,NULL,'c1cc(N)c(Cl)cc1',0,'2006-10-23 20:33:56','2006-10-23 20:33:56',NULL,'',1,1),(92,'AB0092','AB0092',NULL,NULL,'c1cc(N)c(Cl)cc1',0,'2006-10-23 20:33:56','2006-10-23 20:33:56',NULL,'',1,1),(93,'AB0093','AB0093',NULL,NULL,'c1cc(N)c(Cl)cc1',0,'2006-10-23 20:33:56','2006-10-23 20:33:56',NULL,'',1,1),(94,'AB0094','AB0094',NULL,NULL,'c1cc(N)c(Cl)cc1',0,'2006-10-23 20:33:56','2006-10-23 20:33:56',NULL,'',1,1),(95,'AB0095','AB0095',NULL,NULL,'c1cc(N)c(Cl)cc1',0,'2006-10-23 20:33:56','2006-10-23 20:33:56',NULL,'',1,1),(96,'AB0096','AB0096',NULL,NULL,'c1cc(N)c(Cl)cc1',0,'2006-10-23 20:33:56','2006-10-23 20:33:56',NULL,'',1,1),(97,'AB0097','AB0097',NULL,NULL,'c1cc(N)c(Cl)cc1',0,'2006-10-23 20:33:56','2006-10-23 20:33:56',NULL,'',1,1),(98,'AB0098','AB0098',NULL,NULL,'c1cc(N)c(Cl)cc1',0,'2006-10-23 20:33:56','2006-10-23 20:33:56',NULL,'',1,1),(99,'AB0099','AB0099',NULL,NULL,'c1cc(N)c(Cl)cc1',0,'2006-10-23 20:33:56','2006-10-23 20:33:56',NULL,'',1,1),(100,'AB00100','AB00100',NULL,NULL,'c1cc(N)c(Cl)cc1',0,'2006-10-23 20:33:56','2006-10-23 20:33:56',NULL,'',1,1),(101,'AB00101','AB00101',NULL,NULL,'c1cc(N)c(Cl)cc1',0,'2006-10-23 20:33:56','2006-10-23 20:33:56',NULL,'',1,1),(102,'AB00102','AB00102',NULL,NULL,'c1cc(N)c(Cl)cc1',0,'2006-10-23 20:33:56','2006-10-23 20:33:56',NULL,'',1,1),(103,'AB00103','AB00103',NULL,NULL,'c1cc(N)c(Cl)cc1',0,'2006-10-23 20:33:56','2006-10-23 20:33:56',NULL,'',1,1),(104,'AB00104','AB00104',NULL,NULL,'c1cc(N)c(Cl)cc1',0,'2006-10-23 20:33:56','2006-10-23 20:33:56',NULL,'',1,1),(105,'AB00105','AB00105',NULL,NULL,'c1cc(N)c(Cl)cc1',0,'2006-10-23 20:33:56','2006-10-23 20:33:56',NULL,'',1,1),(106,'AB00106','AB00106',NULL,NULL,'c1cc(N)c(Cl)cc1',0,'2006-10-23 20:33:56','2006-10-23 20:33:56',NULL,'',1,1),(107,'AB00107','AB00107',NULL,NULL,'c1cc(N)c(Cl)cc1',0,'2006-10-23 20:33:56','2006-10-23 20:33:56',NULL,'',1,1),(108,'AB00108','AB00108',NULL,NULL,'c1cc(N)c(Cl)cc1',0,'2006-10-23 20:33:56','2006-10-23 20:33:56',NULL,'',1,1),(109,'AB00109','AB00109',NULL,NULL,'c1cc(N)c(Cl)cc1',0,'2006-10-23 20:33:56','2006-10-23 20:33:56',NULL,'',1,1),(110,'AB00110','AB00110',NULL,NULL,'c1cc(N)c(Cl)cc1',0,'2006-10-23 20:33:56','2006-10-23 20:33:56',NULL,'',1,1),(111,'AB00111','AB00111',NULL,NULL,'c1cc(N)c(Cl)cc1',0,'2006-10-23 20:33:56','2006-10-23 20:33:56',NULL,'',1,1),(112,'AB00112','AB00112',NULL,NULL,'c1cc(N)c(Cl)cc1',0,'2006-10-23 20:33:56','2006-10-23 20:33:56',NULL,'',1,1),(113,'AB00113','AB00113',NULL,NULL,'c1cc(N)c(Cl)cc1',0,'2006-10-23 20:33:56','2006-10-23 20:33:56',NULL,'',1,1),(114,'AB00114','AB00114',NULL,NULL,'c1cc(N)c(Cl)cc1',0,'2006-10-23 20:33:56','2006-10-23 20:33:56',NULL,'',1,1),(115,'AB00115','AB00115',NULL,NULL,'c1cc(N)c(Cl)cc1',0,'2006-10-23 20:33:56','2006-10-23 20:33:56',NULL,'',1,1),(116,'AB00116','AB00116',NULL,NULL,'c1cc(N)c(Cl)cc1',0,'2006-10-23 20:33:56','2006-10-23 20:33:56',NULL,'',1,1),(117,'AB00117','AB00117',NULL,NULL,'c1cc(N)c(Cl)cc1',0,'2006-10-23 20:33:56','2006-10-23 20:33:56',NULL,'',1,1),(118,'AB00118','AB00118',NULL,NULL,'c1cc(N)c(Cl)cc1',0,'2006-10-23 20:33:56','2006-10-23 20:33:56',NULL,'',1,1),(119,'AB00119','AB00119',NULL,NULL,'c1cc(N)c(Cl)cc1',0,'2006-10-23 20:33:56','2006-10-23 20:33:56',NULL,'',1,1),(120,'AB00120','AB00120',NULL,NULL,'c1cc(N)c(Cl)cc1',0,'2006-10-23 20:33:57','2006-10-23 20:33:57',NULL,'',1,1),(121,'AB00121','AB00121',NULL,NULL,'c1cc(N)c(Cl)cc1',0,'2006-10-23 20:33:57','2006-10-23 20:33:57',NULL,'',1,1),(122,'AB00122','AB00122',NULL,NULL,'c1cc(N)c(Cl)cc1',0,'2006-10-23 20:33:57','2006-10-23 20:33:57',NULL,'',1,1),(123,'AB00123','AB00123',NULL,NULL,'c1cc(N)c(Cl)cc1',0,'2006-10-23 20:33:57','2006-10-23 20:33:57',NULL,'',1,1),(124,'AB00124','AB00124',NULL,NULL,'c1cc(N)c(Cl)cc1',0,'2006-10-23 20:33:57','2006-10-23 20:33:57',NULL,'',1,1),(125,'AB00125','AB00125',NULL,NULL,'c1cc(N)c(Cl)cc1',0,'2006-10-23 20:33:57','2006-10-23 20:33:57',NULL,'',1,1),(126,'AB00126','AB00126',NULL,NULL,'c1cc(N)c(Cl)cc1',0,'2006-10-23 20:33:57','2006-10-23 20:33:57',NULL,'',1,1),(127,'AB00127','AB00127',NULL,NULL,'c1cc(N)c(Cl)cc1',0,'2006-10-23 20:33:57','2006-10-23 20:33:57',NULL,'',1,1),(128,'AB00128','AB00128',NULL,NULL,'c1cc(N)c(Cl)cc1',0,'2006-10-23 20:33:57','2006-10-23 20:33:57',NULL,'',1,1),(129,'AB00129','AB00129',NULL,NULL,'c1cc(N)c(Cl)cc1',0,'2006-10-23 20:33:57','2006-10-23 20:33:57',NULL,'',1,1),(130,'AB00130','AB00130',NULL,NULL,'c1cc(N)c(Cl)cc1',0,'2006-10-23 20:33:57','2006-10-23 20:33:57',NULL,'',1,1),(131,'AB00131','AB00131',NULL,NULL,'c1cc(N)c(Cl)cc1',0,'2006-10-23 20:33:57','2006-10-23 20:33:57',NULL,'',1,1),(132,'AB00132','AB00132',NULL,NULL,'c1cc(N)c(Cl)cc1',0,'2006-10-23 20:33:57','2006-10-23 20:33:57',NULL,'',1,1),(133,'AB00133','AB00133',NULL,NULL,'c1cc(N)c(Cl)cc1',0,'2006-10-23 20:33:57','2006-10-23 20:33:57',NULL,'',1,1),(134,'AB00134','AB00134',NULL,NULL,'c1cc(N)c(Cl)cc1',0,'2006-10-23 20:33:57','2006-10-23 20:33:57',NULL,'',1,1),(135,'AB00135','AB00135',NULL,NULL,'c1cc(N)c(Cl)cc1',0,'2006-10-23 20:33:57','2006-10-23 20:33:57',NULL,'',1,1),(136,'AB00136','AB00136',NULL,NULL,'c1cc(N)c(Cl)cc1',0,'2006-10-23 20:33:57','2006-10-23 20:33:57',NULL,'',1,1),(137,'AB00137','AB00137',NULL,NULL,'c1cc(N)c(Cl)cc1',0,'2006-10-23 20:33:57','2006-10-23 20:33:57',NULL,'',1,1),(138,'AB00138','AB00138',NULL,NULL,'c1cc(N)c(Cl)cc1',0,'2006-10-23 20:33:57','2006-10-23 20:33:57',NULL,'',1,1),(139,'AB00139','AB00139',NULL,NULL,'c1cc(N)c(Cl)cc1',0,'2006-10-23 20:33:57','2006-10-23 20:33:57',NULL,'',1,1),(140,'AB00140','AB00140',NULL,NULL,'c1cc(N)c(Cl)cc1',0,'2006-10-23 20:33:57','2006-10-23 20:33:57',NULL,'',1,1),(141,'AB00141','AB00141',NULL,NULL,'c1cc(N)c(Cl)cc1',0,'2006-10-23 20:33:57','2006-10-23 20:33:57',NULL,'',1,1),(142,'AB00142','AB00142',NULL,NULL,'c1cc(N)c(Cl)cc1',0,'2006-10-23 20:33:57','2006-10-23 20:33:57',NULL,'',1,1),(143,'AB00143','AB00143',NULL,NULL,'c1cc(N)c(Cl)cc1',0,'2006-10-23 20:33:57','2006-10-23 20:33:57',NULL,'',1,1),(144,'AB00144','AB00144',NULL,NULL,'c1cc(N)c(Cl)cc1',0,'2006-10-23 20:33:57','2006-10-23 20:33:57',NULL,'',1,1),(145,'AB00145','AB00145',NULL,NULL,'c1cc(N)c(Cl)cc1',0,'2006-10-23 20:33:57','2006-10-23 20:33:57',NULL,'',1,1),(146,'AB00146','AB00146',NULL,NULL,'c1cc(N)c(Cl)cc1',0,'2006-10-23 20:33:57','2006-10-23 20:33:57',NULL,'',1,1),(147,'AB00147','AB00147',NULL,NULL,'c1cc(N)c(Cl)cc1',0,'2006-10-23 20:33:57','2006-10-23 20:33:57',NULL,'',1,1),(148,'AB00148','AB00148',NULL,NULL,'c1cc(N)c(Cl)cc1',0,'2006-10-23 20:33:57','2006-10-23 20:33:57',NULL,'',1,1),(149,'AB00149','AB00149',NULL,NULL,'c1cc(N)c(Cl)cc1',0,'2006-10-23 20:33:57','2006-10-23 20:33:57',NULL,'',1,1),(150,'AB00150','AB00150',NULL,NULL,'c1cc(N)c(Cl)cc1',0,'2006-10-23 20:33:57','2006-10-23 20:33:57',NULL,'',1,1),(151,'AB00151','AB00151',NULL,NULL,'c1cc(N)c(Cl)cc1',0,'2006-10-23 20:33:57','2006-10-23 20:33:57',NULL,'',1,1),(152,'AB00152','AB00152',NULL,NULL,'c1cc(N)c(Cl)cc1',0,'2006-10-23 20:33:57','2006-10-23 20:33:57',NULL,'',1,1),(153,'AB00153','AB00153',NULL,NULL,'c1cc(N)c(Cl)cc1',0,'2006-10-23 20:33:57','2006-10-23 20:33:57',NULL,'',1,1),(154,'AB00154','AB00154',NULL,NULL,'c1cc(N)c(Cl)cc1',0,'2006-10-23 20:33:57','2006-10-23 20:33:57',NULL,'',1,1),(155,'AB00155','AB00155',NULL,NULL,'c1cc(N)c(Cl)cc1',0,'2006-10-23 20:33:57','2006-10-23 20:33:57',NULL,'',1,1),(156,'AB00156','AB00156',NULL,NULL,'c1cc(N)c(Cl)cc1',0,'2006-10-23 20:33:57','2006-10-23 20:33:57',NULL,'',1,1),(157,'AB00157','AB00157',NULL,NULL,'c1cc(N)c(Cl)cc1',0,'2006-10-23 20:33:58','2006-10-23 20:33:58',NULL,'',1,1),(158,'AB00158','AB00158',NULL,NULL,'c1cc(N)c(Cl)cc1',0,'2006-10-23 20:33:58','2006-10-23 20:33:58',NULL,'',1,1),(159,'AB00159','AB00159',NULL,NULL,'c1cc(N)c(Cl)cc1',0,'2006-10-23 20:33:58','2006-10-23 20:33:58',NULL,'',1,1),(160,'AB00160','AB00160',NULL,NULL,'c1cc(N)c(Cl)cc1',0,'2006-10-23 20:33:58','2006-10-23 20:33:58',NULL,'',1,1),(161,'AB00161','AB00161',NULL,NULL,'c1cc(N)c(Cl)cc1',0,'2006-10-23 20:33:58','2006-10-23 20:33:58',NULL,'',1,1),(162,'AB00162','AB00162',NULL,NULL,'c1cc(N)c(Cl)cc1',0,'2006-10-23 20:33:58','2006-10-23 20:33:58',NULL,'',1,1),(163,'AB00163','AB00163',NULL,NULL,'c1cc(N)c(Cl)cc1',0,'2006-10-23 20:33:58','2006-10-23 20:33:58',NULL,'',1,1),(164,'AB00164','AB00164',NULL,NULL,'c1cc(N)c(Cl)cc1',0,'2006-10-23 20:33:58','2006-10-23 20:33:58',NULL,'',1,1),(165,'AB00165','AB00165',NULL,NULL,'c1cc(N)c(Cl)cc1',0,'2006-10-23 20:33:58','2006-10-23 20:33:58',NULL,'',1,1),(166,'AB00166','AB00166',NULL,NULL,'c1cc(N)c(Cl)cc1',0,'2006-10-23 20:33:58','2006-10-23 20:33:58',NULL,'',1,1),(167,'AB00167','AB00167',NULL,NULL,'c1cc(N)c(Cl)cc1',0,'2006-10-23 20:33:58','2006-10-23 20:33:58',NULL,'',1,1),(168,'AB00168','AB00168',NULL,NULL,'c1cc(N)c(Cl)cc1',0,'2006-10-23 20:33:58','2006-10-23 20:33:58',NULL,'',1,1),(169,'AB00169','AB00169',NULL,NULL,'c1cc(N)c(Cl)cc1',0,'2006-10-23 20:33:58','2006-10-23 20:33:58',NULL,'',1,1),(170,'AB00170','AB00170',NULL,NULL,'c1cc(N)c(Cl)cc1',0,'2006-10-23 20:33:58','2006-10-23 20:33:58',NULL,'',1,1),(171,'AB00171','AB00171',NULL,NULL,'c1cc(N)c(Cl)cc1',0,'2006-10-23 20:33:58','2006-10-23 20:33:58',NULL,'',1,1),(172,'AB00172','AB00172',NULL,NULL,'c1cc(N)c(Cl)cc1',0,'2006-10-23 20:33:58','2006-10-23 20:33:58',NULL,'',1,1),(173,'AB00173','AB00173',NULL,NULL,'c1cc(N)c(Cl)cc1',0,'2006-10-23 20:33:58','2006-10-23 20:33:58',NULL,'',1,1),(174,'AB00174','AB00174',NULL,NULL,'c1cc(N)c(Cl)cc1',0,'2006-10-23 20:33:58','2006-10-23 20:33:58',NULL,'',1,1),(175,'AB00175','AB00175',NULL,NULL,'c1cc(N)c(Cl)cc1',0,'2006-10-23 20:33:58','2006-10-23 20:33:58',NULL,'',1,1),(176,'AB00176','AB00176',NULL,NULL,'c1cc(N)c(Cl)cc1',0,'2006-10-23 20:33:58','2006-10-23 20:33:58',NULL,'',1,1),(177,'AB00177','AB00177',NULL,NULL,'c1cc(N)c(Cl)cc1',0,'2006-10-23 20:33:58','2006-10-23 20:33:58',NULL,'',1,1),(178,'AB00178','AB00178',NULL,NULL,'c1cc(N)c(Cl)cc1',0,'2006-10-23 20:33:58','2006-10-23 20:33:58',NULL,'',1,1),(179,'AB00179','AB00179',NULL,NULL,'c1cc(N)c(Cl)cc1',0,'2006-10-23 20:33:58','2006-10-23 20:33:58',NULL,'',1,1),(180,'AB00180','AB00180',NULL,NULL,'c1cc(N)c(Cl)cc1',0,'2006-10-23 20:33:58','2006-10-23 20:33:58',NULL,'',1,1),(181,'AB00181','AB00181',NULL,NULL,'c1cc(N)c(Cl)cc1',0,'2006-10-23 20:33:58','2006-10-23 20:33:58',NULL,'',1,1),(182,'AB00182','AB00182',NULL,NULL,'c1cc(N)c(Cl)cc1',0,'2006-10-23 20:33:58','2006-10-23 20:33:58',NULL,'',1,1),(183,'AB00183','AB00183',NULL,NULL,'c1cc(N)c(Cl)cc1',0,'2006-10-23 20:33:58','2006-10-23 20:33:58',NULL,'',1,1),(184,'AB00184','AB00184',NULL,NULL,'c1cc(N)c(Cl)cc1',0,'2006-10-23 20:33:58','2006-10-23 20:33:58',NULL,'',1,1),(185,'AB00185','AB00185',NULL,NULL,'c1cc(N)c(Cl)cc1',0,'2006-10-23 20:33:58','2006-10-23 20:33:58',NULL,'',1,1),(186,'AB00186','AB00186',NULL,NULL,'c1cc(N)c(Cl)cc1',0,'2006-10-23 20:33:58','2006-10-23 20:33:58',NULL,'',1,1),(187,'AB00187','AB00187',NULL,NULL,'c1cc(N)c(Cl)cc1',0,'2006-10-23 20:33:58','2006-10-23 20:33:58',NULL,'',1,1),(188,'AB00188','AB00188',NULL,NULL,'c1cc(N)c(Cl)cc1',0,'2006-10-23 20:33:58','2006-10-23 20:33:58',NULL,'',1,1),(189,'AB00189','AB00189',NULL,NULL,'c1cc(N)c(Cl)cc1',0,'2006-10-23 20:33:58','2006-10-23 20:33:58',NULL,'',1,1),(190,'AB00190','AB00190',NULL,NULL,'c1cc(N)c(Cl)cc1',0,'2006-10-23 20:33:58','2006-10-23 20:33:58',NULL,'',1,1),(191,'AB00191','AB00191',NULL,NULL,'c1cc(N)c(Cl)cc1',0,'2006-10-23 20:33:59','2006-10-23 20:33:59',NULL,'',1,1),(192,'AB00192','AB00192',NULL,NULL,'c1cc(N)c(Cl)cc1',0,'2006-10-23 20:33:59','2006-10-23 20:33:59',NULL,'',1,1),(193,'AB00193','AB00193',NULL,NULL,'c1cc(N)c(Cl)cc1',0,'2006-10-23 20:33:59','2006-10-23 20:33:59',NULL,'',1,1),(194,'AB00194','AB00194',NULL,NULL,'c1cc(N)c(Cl)cc1',0,'2006-10-23 20:33:59','2006-10-23 20:33:59',NULL,'',1,1),(195,'AB00195','AB00195',NULL,NULL,'c1cc(N)c(Cl)cc1',0,'2006-10-23 20:33:59','2006-10-23 20:33:59',NULL,'',1,1),(196,'AB00196','AB00196',NULL,NULL,'c1cc(N)c(Cl)cc1',0,'2006-10-23 20:33:59','2006-10-23 20:33:59',NULL,'',1,1),(197,'AB00197','AB00197',NULL,NULL,'c1cc(N)c(Cl)cc1',0,'2006-10-23 20:33:59','2006-10-23 20:33:59',NULL,'',1,1),(198,'AB00198','AB00198',NULL,NULL,'c1cc(N)c(Cl)cc1',0,'2006-10-23 20:33:59','2006-10-23 20:33:59',NULL,'',1,1),(199,'AB00199','AB00199',NULL,NULL,'c1cc(N)c(Cl)cc1',0,'2006-10-23 20:33:59','2006-10-23 20:33:59',NULL,'',1,1),(200,'AB00200','AB00200',NULL,NULL,'c1cc(N)c(Cl)cc1',0,'2006-10-23 20:33:59','2006-10-23 20:33:59',NULL,'',1,1),(201,'AB00201','AB00201',NULL,NULL,'c1cc(N)c(Cl)cc1',0,'2006-10-23 20:33:59','2006-10-23 20:33:59',NULL,'',1,1),(202,'AB00202','AB00202',NULL,NULL,'c1cc(N)c(Cl)cc1',0,'2006-10-23 20:33:59','2006-10-23 20:33:59',NULL,'',1,1),(203,'AB00203','AB00203',NULL,NULL,'c1cc(N)c(Cl)cc1',0,'2006-10-23 20:33:59','2006-10-23 20:33:59',NULL,'',1,1),(204,'AB00204','AB00204',NULL,NULL,'c1cc(N)c(Cl)cc1',0,'2006-10-23 20:33:59','2006-10-23 20:33:59',NULL,'',1,1),(205,'AB00205','AB00205',NULL,NULL,'c1cc(N)c(Cl)cc1',0,'2006-10-23 20:33:59','2006-10-23 20:33:59',NULL,'',1,1),(206,'AB00206','AB00206',NULL,NULL,'c1cc(N)c(Cl)cc1',0,'2006-10-23 20:33:59','2006-10-23 20:33:59',NULL,'',1,1),(207,'AB00207','AB00207',NULL,NULL,'c1cc(N)c(Cl)cc1',0,'2006-10-23 20:33:59','2006-10-23 20:33:59',NULL,'',1,1),(208,'AB00208','AB00208',NULL,NULL,'c1cc(N)c(Cl)cc1',0,'2006-10-23 20:33:59','2006-10-23 20:33:59',NULL,'',1,1),(209,'AB00209','AB00209',NULL,NULL,'c1cc(N)c(Cl)cc1',0,'2006-10-23 20:33:59','2006-10-23 20:33:59',NULL,'',1,1),(210,'AB00210','AB00210',NULL,NULL,'c1cc(N)c(Cl)cc1',0,'2006-10-23 20:33:59','2006-10-23 20:33:59',NULL,'',1,1),(211,'AB00211','AB00211',NULL,NULL,'c1cc(N)c(Cl)cc1',0,'2006-10-23 20:33:59','2006-10-23 20:33:59',NULL,'',1,1),(212,'AB00212','AB00212',NULL,NULL,'c1cc(N)c(Cl)cc1',0,'2006-10-23 20:33:59','2006-10-23 20:33:59',NULL,'',1,1),(213,'AB00213','AB00213',NULL,NULL,'c1cc(N)c(Cl)cc1',0,'2006-10-23 20:33:59','2006-10-23 20:33:59',NULL,'',1,1),(214,'AB00214','AB00214',NULL,NULL,'c1cc(N)c(Cl)cc1',0,'2006-10-23 20:33:59','2006-10-23 20:33:59',NULL,'',1,1),(215,'AB00215','AB00215',NULL,NULL,'c1cc(N)c(Cl)cc1',0,'2006-10-23 20:33:59','2006-10-23 20:33:59',NULL,'',1,1),(216,'AB00216','AB00216',NULL,NULL,'c1cc(N)c(Cl)cc1',0,'2006-10-23 20:33:59','2006-10-23 20:33:59',NULL,'',1,1),(217,'AB00217','AB00217',NULL,NULL,'c1cc(N)c(Cl)cc1',0,'2006-10-23 20:33:59','2006-10-23 20:33:59',NULL,'',1,1),(218,'AB00218','AB00218',NULL,NULL,'c1cc(N)c(Cl)cc1',0,'2006-10-23 20:33:59','2006-10-23 20:33:59',NULL,'',1,1),(219,'AB00219','AB00219',NULL,NULL,'c1cc(N)c(Cl)cc1',0,'2006-10-23 20:33:59','2006-10-23 20:33:59',NULL,'',1,1),(220,'AB00220','AB00220',NULL,NULL,'c1cc(N)c(Cl)cc1',0,'2006-10-23 20:33:59','2006-10-23 20:33:59',NULL,'',1,1),(221,'AB00221','AB00221',NULL,NULL,'c1cc(N)c(Cl)cc1',0,'2006-10-23 20:33:59','2006-10-23 20:33:59',NULL,'',1,1),(222,'AB00222','AB00222',NULL,NULL,'c1cc(N)c(Cl)cc1',0,'2006-10-23 20:33:59','2006-10-23 20:33:59',NULL,'',1,1),(223,'AB00223','AB00223',NULL,NULL,'c1cc(N)c(Cl)cc1',0,'2006-10-23 20:33:59','2006-10-23 20:33:59',NULL,'',1,1),(224,'AB00224','AB00224',NULL,NULL,'c1cc(N)c(Cl)cc1',0,'2006-10-23 20:33:59','2006-10-23 20:33:59',NULL,'',1,1),(225,'AB00225','AB00225',NULL,NULL,'c1cc(N)c(Cl)cc1',0,'2006-10-23 20:33:59','2006-10-23 20:33:59',NULL,'',1,1),(226,'AB00226','AB00226',NULL,NULL,'c1cc(N)c(Cl)cc1',0,'2006-10-23 20:33:59','2006-10-23 20:33:59',NULL,'',1,1),(227,'AB00227','AB00227',NULL,NULL,'c1cc(N)c(Cl)cc1',0,'2006-10-23 20:33:59','2006-10-23 20:34:00',NULL,'',1,1),(228,'AB00228','AB00228',NULL,NULL,'c1cc(N)c(Cl)cc1',0,'2006-10-23 20:34:00','2006-10-23 20:34:00',NULL,'',1,1),(229,'AB00229','AB00229',NULL,NULL,'c1cc(N)c(Cl)cc1',0,'2006-10-23 20:34:00','2006-10-23 20:34:00',NULL,'',1,1),(230,'AB00230','AB00230',NULL,NULL,'c1cc(N)c(Cl)cc1',0,'2006-10-23 20:34:00','2006-10-23 20:34:00',NULL,'',1,1),(231,'AB00231','AB00231',NULL,NULL,'c1cc(N)c(Cl)cc1',0,'2006-10-23 20:34:00','2006-10-23 20:34:00',NULL,'',1,1),(232,'AB00232','AB00232',NULL,NULL,'c1cc(N)c(Cl)cc1',0,'2006-10-23 20:34:00','2006-10-23 20:34:00',NULL,'',1,1),(233,'AB00233','AB00233',NULL,NULL,'c1cc(N)c(Cl)cc1',0,'2006-10-23 20:34:00','2006-10-23 20:34:00',NULL,'',1,1),(234,'AB00234','AB00234',NULL,NULL,'c1cc(N)c(Cl)cc1',0,'2006-10-23 20:34:00','2006-10-23 20:34:00',NULL,'',1,1),(235,'AB00235','AB00235',NULL,NULL,'c1cc(N)c(Cl)cc1',0,'2006-10-23 20:34:00','2006-10-23 20:34:00',NULL,'',1,1),(236,'AB00236','AB00236',NULL,NULL,'c1cc(N)c(Cl)cc1',0,'2006-10-23 20:34:00','2006-10-23 20:34:00',NULL,'',1,1),(237,'AB00237','AB00237',NULL,NULL,'c1cc(N)c(Cl)cc1',0,'2006-10-23 20:34:00','2006-10-23 20:34:00',NULL,'',1,1),(238,'AB00238','AB00238',NULL,NULL,'c1cc(N)c(Cl)cc1',0,'2006-10-23 20:34:00','2006-10-23 20:34:00',NULL,'',1,1),(239,'AB00239','AB00239',NULL,NULL,'c1cc(N)c(Cl)cc1',0,'2006-10-23 20:34:00','2006-10-23 20:34:00',NULL,'',1,1),(240,'AB00240','AB00240',NULL,NULL,'c1cc(N)c(Cl)cc1',0,'2006-10-23 20:34:00','2006-10-23 20:34:00',NULL,'',1,1),(241,'AB00241','AB00241',NULL,NULL,'c1cc(N)c(Cl)cc1',0,'2006-10-23 20:34:00','2006-10-23 20:34:00',NULL,'',1,1),(242,'AB00242','AB00242',NULL,NULL,'c1cc(N)c(Cl)cc1',0,'2006-10-23 20:34:00','2006-10-23 20:34:00',NULL,'',1,1),(243,'AB00243','AB00243',NULL,NULL,'c1cc(N)c(Cl)cc1',0,'2006-10-23 20:34:00','2006-10-23 20:34:00',NULL,'',1,1),(244,'AB00244','AB00244',NULL,NULL,'c1cc(N)c(Cl)cc1',0,'2006-10-23 20:34:00','2006-10-23 20:34:00',NULL,'',1,1),(245,'AB00245','AB00245',NULL,NULL,'c1cc(N)c(Cl)cc1',0,'2006-10-23 20:34:00','2006-10-23 20:34:00',NULL,'',1,1),(246,'AB00246','AB00246',NULL,NULL,'c1cc(N)c(Cl)cc1',0,'2006-10-23 20:34:00','2006-10-23 20:34:00',NULL,'',1,1),(247,'AB00247','AB00247',NULL,NULL,'c1cc(N)c(Cl)cc1',0,'2006-10-23 20:34:00','2006-10-23 20:34:00',NULL,'',1,1),(248,'AB00248','AB00248',NULL,NULL,'c1cc(N)c(Cl)cc1',0,'2006-10-23 20:34:00','2006-10-23 20:34:00',NULL,'',1,1),(249,'AB00249','AB00249',NULL,NULL,'c1cc(N)c(Cl)cc1',0,'2006-10-23 20:34:00','2006-10-23 20:34:00',NULL,'',1,1),(250,'AB00250','AB00250',NULL,NULL,'c1cc(N)c(Cl)cc1',0,'2006-10-23 20:34:00','2006-10-23 20:34:00',NULL,'',1,1),(251,'AB00251','AB00251',NULL,NULL,'c1cc(N)c(Cl)cc1',0,'2006-10-23 20:34:00','2006-10-23 20:34:00',NULL,'',1,1),(252,'AB00252','AB00252',NULL,NULL,'c1cc(N)c(Cl)cc1',0,'2006-10-23 20:34:00','2006-10-23 20:34:00',NULL,'',1,1),(253,'AB00253','AB00253',NULL,NULL,'c1cc(N)c(Cl)cc1',0,'2006-10-23 20:34:00','2006-10-23 20:34:00',NULL,'',1,1),(254,'AB00254','AB00254',NULL,NULL,'c1cc(N)c(Cl)cc1',0,'2006-10-23 20:34:00','2006-10-23 20:34:00',NULL,'',1,1),(255,'AB00255','AB00255',NULL,NULL,'c1cc(N)c(Cl)cc1',0,'2006-10-23 20:34:00','2006-10-23 20:34:00',NULL,'',1,1),(256,'AB00256','AB00256',NULL,NULL,'c1cc(N)c(Cl)cc1',0,'2006-10-23 20:34:01','2006-10-23 20:34:01',NULL,'',1,1),(257,'AB00257','AB00257',NULL,NULL,'c1cc(N)c(Cl)cc1',0,'2006-10-23 20:34:01','2006-10-23 20:34:01',NULL,'',1,1),(258,'AB00258','AB00258',NULL,NULL,'c1cc(N)c(Cl)cc1',0,'2006-10-23 20:34:01','2006-10-23 20:34:01',NULL,'',1,1),(259,'AB00259','AB00259',NULL,NULL,'c1cc(N)c(Cl)cc1',0,'2006-10-23 20:34:01','2006-10-23 20:34:01',NULL,'',1,1),(260,'AB00260','AB00260',NULL,NULL,'c1cc(N)c(Cl)cc1',0,'2006-10-23 20:34:01','2006-10-23 20:34:01',NULL,'',1,1),(261,'AB00261','AB00261',NULL,NULL,'c1cc(N)c(Cl)cc1',0,'2006-10-23 20:34:01','2006-10-23 20:34:01',NULL,'',1,1),(262,'AB00262','AB00262',NULL,NULL,'c1cc(N)c(Cl)cc1',0,'2006-10-23 20:34:01','2006-10-23 20:34:01',NULL,'',1,1),(263,'AB00263','AB00263',NULL,NULL,'c1cc(N)c(Cl)cc1',0,'2006-10-23 20:34:01','2006-10-23 20:34:01',NULL,'',1,1),(264,'AB00264','AB00264',NULL,NULL,'c1cc(N)c(Cl)cc1',0,'2006-10-23 20:34:01','2006-10-23 20:34:01',NULL,'',1,1),(265,'AB00265','AB00265',NULL,NULL,'c1cc(N)c(Cl)cc1',0,'2006-10-23 20:34:01','2006-10-23 20:34:01',NULL,'',1,1),(266,'AB00266','AB00266',NULL,NULL,'c1cc(N)c(Cl)cc1',0,'2006-10-23 20:34:01','2006-10-23 20:34:01',NULL,'',1,1),(267,'AB00267','AB00267',NULL,NULL,'c1cc(N)c(Cl)cc1',0,'2006-10-23 20:34:01','2006-10-23 20:34:01',NULL,'',1,1),(268,'AB00268','AB00268',NULL,NULL,'c1cc(N)c(Cl)cc1',0,'2006-10-23 20:34:01','2006-10-23 20:34:01',NULL,'',1,1),(269,'AB00269','AB00269',NULL,NULL,'c1cc(N)c(Cl)cc1',0,'2006-10-23 20:34:01','2006-10-23 20:34:01',NULL,'',1,1),(270,'AB00270','AB00270',NULL,NULL,'c1cc(N)c(Cl)cc1',0,'2006-10-23 20:34:01','2006-10-23 20:34:01',NULL,'',1,1),(271,'AB00271','AB00271',NULL,NULL,'c1cc(N)c(Cl)cc1',0,'2006-10-23 20:34:01','2006-10-23 20:34:01',NULL,'',1,1),(272,'AB00272','AB00272',NULL,NULL,'c1cc(N)c(Cl)cc1',0,'2006-10-23 20:34:01','2006-10-23 20:34:01',NULL,'',1,1),(273,'AB00273','AB00273',NULL,NULL,'c1cc(N)c(Cl)cc1',0,'2006-10-23 20:34:01','2006-10-23 20:34:01',NULL,'',1,1),(274,'AB00274','AB00274',NULL,NULL,'c1cc(N)c(Cl)cc1',0,'2006-10-23 20:34:01','2006-10-23 20:34:01',NULL,'',1,1),(275,'AB00275','AB00275',NULL,NULL,'c1cc(N)c(Cl)cc1',0,'2006-10-23 20:34:01','2006-10-23 20:34:01',NULL,'',1,1),(276,'AB00276','AB00276',NULL,NULL,'c1cc(N)c(Cl)cc1',0,'2006-10-23 20:34:01','2006-10-23 20:34:01',NULL,'',1,1),(277,'AB00277','AB00277',NULL,NULL,'c1cc(N)c(Cl)cc1',0,'2006-10-23 20:34:01','2006-10-23 20:34:01',NULL,'',1,1),(278,'AB00278','AB00278',NULL,NULL,'c1cc(N)c(Cl)cc1',0,'2006-10-23 20:34:01','2006-10-23 20:34:01',NULL,'',1,1),(279,'AB00279','AB00279',NULL,NULL,'c1cc(N)c(Cl)cc1',0,'2006-10-23 20:34:01','2006-10-23 20:34:01',NULL,'',1,1),(280,'AB00280','AB00280',NULL,NULL,'c1cc(N)c(Cl)cc1',0,'2006-10-23 20:34:01','2006-10-23 20:34:01',NULL,'',1,1),(281,'AB00281','AB00281',NULL,NULL,'c1cc(N)c(Cl)cc1',0,'2006-10-23 20:34:01','2006-10-23 20:34:01',NULL,'',1,1),(282,'AB00282','AB00282',NULL,NULL,'c1cc(N)c(Cl)cc1',0,'2006-10-23 20:34:01','2006-10-23 20:34:01',NULL,'',1,1),(283,'AB00283','AB00283',NULL,NULL,'c1cc(N)c(Cl)cc1',0,'2006-10-23 20:34:01','2006-10-23 20:34:01',NULL,'',1,1),(284,'AB00284','AB00284',NULL,NULL,'c1cc(N)c(Cl)cc1',0,'2006-10-23 20:34:01','2006-10-23 20:34:01',NULL,'',1,1),(285,'AB00285','AB00285',NULL,NULL,'c1cc(N)c(Cl)cc1',0,'2006-10-23 20:34:02','2006-10-23 20:34:02',NULL,'',1,1),(286,'AB00286','AB00286',NULL,NULL,'c1cc(N)c(Cl)cc1',0,'2006-10-23 20:34:02','2006-10-23 20:34:02',NULL,'',1,1),(287,'AB00287','AB00287',NULL,NULL,'c1cc(N)c(Cl)cc1',0,'2006-10-23 20:34:02','2006-10-23 20:34:02',NULL,'',1,1),(288,'AB00288','AB00288',NULL,NULL,'c1cc(N)c(Cl)cc1',0,'2006-10-23 20:34:02','2006-10-23 20:34:02',NULL,'',1,1),(289,'AB00289','AB00289',NULL,NULL,'c1cc(N)c(Cl)cc1',0,'2006-10-23 20:34:02','2006-10-23 20:34:02',NULL,'',1,1),(290,'AB00290','AB00290',NULL,NULL,'c1cc(N)c(Cl)cc1',0,'2006-10-23 20:34:02','2006-10-23 20:34:02',NULL,'',1,1),(291,'AB00291','AB00291',NULL,NULL,'c1cc(N)c(Cl)cc1',0,'2006-10-23 20:34:02','2006-10-23 20:34:02',NULL,'',1,1),(292,'AB00292','AB00292',NULL,NULL,'c1cc(N)c(Cl)cc1',0,'2006-10-23 20:34:02','2006-10-23 20:34:02',NULL,'',1,1),(293,'AB00293','AB00293',NULL,NULL,'c1cc(N)c(Cl)cc1',0,'2006-10-23 20:34:02','2006-10-23 20:34:02',NULL,'',1,1),(294,'AB00294','AB00294',NULL,NULL,'c1cc(N)c(Cl)cc1',0,'2006-10-23 20:34:02','2006-10-23 20:34:02',NULL,'',1,1),(295,'AB00295','AB00295',NULL,NULL,'c1cc(N)c(Cl)cc1',0,'2006-10-23 20:34:02','2006-10-23 20:34:02',NULL,'',1,1),(296,'AB00296','AB00296',NULL,NULL,'c1cc(N)c(Cl)cc1',0,'2006-10-23 20:34:02','2006-10-23 20:34:02',NULL,'',1,1),(297,'AB00297','AB00297',NULL,NULL,'c1cc(N)c(Cl)cc1',0,'2006-10-23 20:34:02','2006-10-23 20:34:02',NULL,'',1,1),(298,'AB00298','AB00298',NULL,NULL,'c1cc(N)c(Cl)cc1',0,'2006-10-23 20:34:02','2006-10-23 20:34:02',NULL,'',1,1),(299,'AB00299','AB00299',NULL,NULL,'c1cc(N)c(Cl)cc1',0,'2006-10-23 20:34:02','2006-10-23 20:34:02',NULL,'',1,1),(300,'AB00300','AB00300',NULL,NULL,'c1cc(N)c(Cl)cc1',0,'2006-10-23 20:34:02','2006-10-23 20:34:02',NULL,'',1,1),(301,'AB00301','AB00301',NULL,NULL,'c1cc(N)c(Cl)cc1',0,'2006-10-23 20:34:02','2006-10-23 20:34:02',NULL,'',1,1),(302,'AB00302','AB00302',NULL,NULL,'c1cc(N)c(Cl)cc1',0,'2006-10-23 20:34:02','2006-10-23 20:34:02',NULL,'',1,1),(303,'AB00303','AB00303',NULL,NULL,'c1cc(N)c(Cl)cc1',0,'2006-10-23 20:34:02','2006-10-23 20:34:02',NULL,'',1,1),(304,'AB00304','AB00304',NULL,NULL,'c1cc(N)c(Cl)cc1',0,'2006-10-23 20:34:02','2006-10-23 20:34:02',NULL,'',1,1),(305,'AB00305','AB00305',NULL,NULL,'c1cc(N)c(Cl)cc1',0,'2006-10-23 20:34:02','2006-10-23 20:34:02',NULL,'',1,1),(306,'AB00306','AB00306',NULL,NULL,'c1cc(N)c(Cl)cc1',0,'2006-10-23 20:34:02','2006-10-23 20:34:02',NULL,'',1,1),(307,'AB00307','AB00307',NULL,NULL,'c1cc(N)c(Cl)cc1',0,'2006-10-23 20:34:02','2006-10-23 20:34:02',NULL,'',1,1),(308,'AB00308','AB00308',NULL,NULL,'c1cc(N)c(Cl)cc1',0,'2006-10-23 20:34:02','2006-10-23 20:34:02',NULL,'',1,1),(309,'AB00309','AB00309',NULL,NULL,'c1cc(N)c(Cl)cc1',0,'2006-10-23 20:34:02','2006-10-23 20:34:02',NULL,'',1,1),(310,'AB00310','AB00310',NULL,NULL,'c1cc(N)c(Cl)cc1',0,'2006-10-23 20:34:02','2006-10-23 20:34:02',NULL,'',1,1),(311,'AB00311','AB00311',NULL,NULL,'c1cc(N)c(Cl)cc1',0,'2006-10-23 20:34:02','2006-10-23 20:34:02',NULL,'',1,1),(312,'AB00312','AB00312',NULL,NULL,'c1cc(N)c(Cl)cc1',0,'2006-10-23 20:34:02','2006-10-23 20:34:02',NULL,'',1,1),(313,'AB00313','AB00313',NULL,NULL,'c1cc(N)c(Cl)cc1',0,'2006-10-23 20:34:02','2006-10-23 20:34:02',NULL,'',1,1),(314,'AB00314','AB00314',NULL,NULL,'c1cc(N)c(Cl)cc1',0,'2006-10-23 20:34:02','2006-10-23 20:34:02',NULL,'',1,1),(315,'AB00315','AB00315',NULL,NULL,'c1cc(N)c(Cl)cc1',0,'2006-10-23 20:34:02','2006-10-23 20:34:02',NULL,'',1,1),(316,'AB00316','AB00316',NULL,NULL,'c1cc(N)c(Cl)cc1',0,'2006-10-23 20:34:03','2006-10-23 20:34:03',NULL,'',1,1),(317,'AB00317','AB00317',NULL,NULL,'c1cc(N)c(Cl)cc1',0,'2006-10-23 20:34:03','2006-10-23 20:34:03',NULL,'',1,1),(318,'AB00318','AB00318',NULL,NULL,'c1cc(N)c(Cl)cc1',0,'2006-10-23 20:34:03','2006-10-23 20:34:03',NULL,'',1,1),(319,'AB00319','AB00319',NULL,NULL,'c1cc(N)c(Cl)cc1',0,'2006-10-23 20:34:03','2006-10-23 20:34:03',NULL,'',1,1),(320,'AB00320','AB00320',NULL,NULL,'c1cc(N)c(Cl)cc1',0,'2006-10-23 20:34:03','2006-10-23 20:34:03',NULL,'',1,1),(321,'AB00321','AB00321',NULL,NULL,'c1cc(N)c(Cl)cc1',0,'2006-10-23 20:34:03','2006-10-23 20:34:03',NULL,'',1,1),(322,'AB00322','AB00322',NULL,NULL,'c1cc(N)c(Cl)cc1',0,'2006-10-23 20:34:03','2006-10-23 20:34:03',NULL,'',1,1),(323,'AB00323','AB00323',NULL,NULL,'c1cc(N)c(Cl)cc1',0,'2006-10-23 20:34:03','2006-10-23 20:34:03',NULL,'',1,1),(324,'AB00324','AB00324',NULL,NULL,'c1cc(N)c(Cl)cc1',0,'2006-10-23 20:34:03','2006-10-23 20:34:03',NULL,'',1,1),(325,'AB00325','AB00325',NULL,NULL,'c1cc(N)c(Cl)cc1',0,'2006-10-23 20:34:03','2006-10-23 20:34:03',NULL,'',1,1),(326,'AB00326','AB00326',NULL,NULL,'c1cc(N)c(Cl)cc1',0,'2006-10-23 20:34:03','2006-10-23 20:34:03',NULL,'',1,1),(327,'AB00327','AB00327',NULL,NULL,'c1cc(N)c(Cl)cc1',0,'2006-10-23 20:34:03','2006-10-23 20:34:03',NULL,'',1,1),(328,'AB00328','AB00328',NULL,NULL,'c1cc(N)c(Cl)cc1',0,'2006-10-23 20:34:03','2006-10-23 20:34:03',NULL,'',1,1),(329,'AB00329','AB00329',NULL,NULL,'c1cc(N)c(Cl)cc1',0,'2006-10-23 20:34:03','2006-10-23 20:34:03',NULL,'',1,1),(330,'AB00330','AB00330',NULL,NULL,'c1cc(N)c(Cl)cc1',0,'2006-10-23 20:34:03','2006-10-23 20:34:03',NULL,'',1,1),(331,'AB00331','AB00331',NULL,NULL,'c1cc(N)c(Cl)cc1',0,'2006-10-23 20:34:03','2006-10-23 20:34:03',NULL,'',1,1),(332,'AB00332','AB00332',NULL,NULL,'c1cc(N)c(Cl)cc1',0,'2006-10-23 20:34:03','2006-10-23 20:34:03',NULL,'',1,1),(333,'AB00333','AB00333',NULL,NULL,'c1cc(N)c(Cl)cc1',0,'2006-10-23 20:34:03','2006-10-23 20:34:03',NULL,'',1,1),(334,'AB00334','AB00334',NULL,NULL,'c1cc(N)c(Cl)cc1',0,'2006-10-23 20:34:03','2006-10-23 20:34:03',NULL,'',1,1),(335,'AB00335','AB00335',NULL,NULL,'c1cc(N)c(Cl)cc1',0,'2006-10-23 20:34:03','2006-10-23 20:34:03',NULL,'',1,1),(336,'AB00336','AB00336',NULL,NULL,'c1cc(N)c(Cl)cc1',0,'2006-10-23 20:34:03','2006-10-23 20:34:03',NULL,'',1,1),(337,'AB00337','AB00337',NULL,NULL,'c1cc(N)c(Cl)cc1',0,'2006-10-23 20:34:03','2006-10-23 20:34:03',NULL,'',1,1),(338,'AB00338','AB00338',NULL,NULL,'c1cc(N)c(Cl)cc1',0,'2006-10-23 20:34:03','2006-10-23 20:34:03',NULL,'',1,1),(339,'AB00339','AB00339',NULL,NULL,'c1cc(N)c(Cl)cc1',0,'2006-10-23 20:34:03','2006-10-23 20:34:03',NULL,'',1,1),(340,'AB00340','AB00340',NULL,NULL,'c1cc(N)c(Cl)cc1',0,'2006-10-23 20:34:03','2006-10-23 20:34:03',NULL,'',1,1),(341,'AB00341','AB00341',NULL,NULL,'c1cc(N)c(Cl)cc1',0,'2006-10-23 20:34:03','2006-10-23 20:34:03',NULL,'',1,1),(342,'AB00342','AB00342',NULL,NULL,'c1cc(N)c(Cl)cc1',0,'2006-10-23 20:34:03','2006-10-23 20:34:03',NULL,'',1,1),(343,'AB00343','AB00343',NULL,NULL,'c1cc(N)c(Cl)cc1',0,'2006-10-23 20:34:03','2006-10-23 20:34:03',NULL,'',1,1),(344,'AB00344','AB00344',NULL,NULL,'c1cc(N)c(Cl)cc1',0,'2006-10-23 20:34:03','2006-10-23 20:34:03',NULL,'',1,1),(345,'AB00345','AB00345',NULL,NULL,'c1cc(N)c(Cl)cc1',0,'2006-10-23 20:34:04','2006-10-23 20:34:04',NULL,'',1,1),(346,'AB00346','AB00346',NULL,NULL,'c1cc(N)c(Cl)cc1',0,'2006-10-23 20:34:04','2006-10-23 20:34:04',NULL,'',1,1),(347,'AB00347','AB00347',NULL,NULL,'c1cc(N)c(Cl)cc1',0,'2006-10-23 20:34:04','2006-10-23 20:34:04',NULL,'',1,1),(348,'AB00348','AB00348',NULL,NULL,'c1cc(N)c(Cl)cc1',0,'2006-10-23 20:34:04','2006-10-23 20:34:04',NULL,'',1,1),(349,'AB00349','AB00349',NULL,NULL,'c1cc(N)c(Cl)cc1',0,'2006-10-23 20:34:04','2006-10-23 20:34:04',NULL,'',1,1),(350,'AB00350','AB00350',NULL,NULL,'c1cc(N)c(Cl)cc1',0,'2006-10-23 20:34:04','2006-10-23 20:34:04',NULL,'',1,1),(351,'AB00351','AB00351',NULL,NULL,'c1cc(N)c(Cl)cc1',0,'2006-10-23 20:34:04','2006-10-23 20:34:04',NULL,'',1,1),(352,'AB00352','AB00352',NULL,NULL,'c1cc(N)c(Cl)cc1',0,'2006-10-23 20:34:04','2006-10-23 20:34:04',NULL,'',1,1),(353,'AB00353','AB00353',NULL,NULL,'c1cc(N)c(Cl)cc1',0,'2006-10-23 20:34:04','2006-10-23 20:34:04',NULL,'',1,1),(354,'AB00354','AB00354',NULL,NULL,'c1cc(N)c(Cl)cc1',0,'2006-10-23 20:34:04','2006-10-23 20:34:04',NULL,'',1,1),(355,'AB00355','AB00355',NULL,NULL,'c1cc(N)c(Cl)cc1',0,'2006-10-23 20:34:04','2006-10-23 20:34:04',NULL,'',1,1),(356,'AB00356','AB00356',NULL,NULL,'c1cc(N)c(Cl)cc1',0,'2006-10-23 20:34:04','2006-10-23 20:34:04',NULL,'',1,1),(357,'AB00357','AB00357',NULL,NULL,'c1cc(N)c(Cl)cc1',0,'2006-10-23 20:34:04','2006-10-23 20:34:04',NULL,'',1,1),(358,'AB00358','AB00358',NULL,NULL,'c1cc(N)c(Cl)cc1',0,'2006-10-23 20:34:04','2006-10-23 20:34:04',NULL,'',1,1),(359,'AB00359','AB00359',NULL,NULL,'c1cc(N)c(Cl)cc1',0,'2006-10-23 20:34:04','2006-10-23 20:34:04',NULL,'',1,1),(360,'AB00360','AB00360',NULL,NULL,'c1cc(N)c(Cl)cc1',0,'2006-10-23 20:34:04','2006-10-23 20:34:04',NULL,'',1,1),(361,'AB00361','AB00361',NULL,NULL,'c1cc(N)c(Cl)cc1',0,'2006-10-23 20:34:04','2006-10-23 20:34:04',NULL,'',1,1),(362,'AB00362','AB00362',NULL,NULL,'c1cc(N)c(Cl)cc1',0,'2006-10-23 20:34:04','2006-10-23 20:34:04',NULL,'',1,1),(363,'AB00363','AB00363',NULL,NULL,'c1cc(N)c(Cl)cc1',0,'2006-10-23 20:34:04','2006-10-23 20:34:04',NULL,'',1,1),(364,'AB00364','AB00364',NULL,NULL,'c1cc(N)c(Cl)cc1',0,'2006-10-23 20:34:04','2006-10-23 20:34:04',NULL,'',1,1),(365,'AB00365','AB00365',NULL,NULL,'c1cc(N)c(Cl)cc1',0,'2006-10-23 20:34:04','2006-10-23 20:34:04',NULL,'',1,1),(366,'AB00366','AB00366',NULL,NULL,'c1cc(N)c(Cl)cc1',0,'2006-10-23 20:34:04','2006-10-23 20:34:04',NULL,'',1,1),(367,'AB00367','AB00367',NULL,NULL,'c1cc(N)c(Cl)cc1',0,'2006-10-23 20:34:04','2006-10-23 20:34:04',NULL,'',1,1),(368,'AB00368','AB00368',NULL,NULL,'c1cc(N)c(Cl)cc1',0,'2006-10-23 20:34:04','2006-10-23 20:34:04',NULL,'',1,1),(369,'AB00369','AB00369',NULL,NULL,'c1cc(N)c(Cl)cc1',0,'2006-10-23 20:34:04','2006-10-23 20:34:04',NULL,'',1,1),(370,'AB00370','AB00370',NULL,NULL,'c1cc(N)c(Cl)cc1',0,'2006-10-23 20:34:04','2006-10-23 20:34:04',NULL,'',1,1),(371,'AB00371','AB00371',NULL,NULL,'c1cc(N)c(Cl)cc1',0,'2006-10-23 20:34:04','2006-10-23 20:34:04',NULL,'',1,1),(372,'AB00372','AB00372',NULL,NULL,'c1cc(N)c(Cl)cc1',0,'2006-10-23 20:34:04','2006-10-23 20:34:04',NULL,'',1,1),(373,'AB00373','AB00373',NULL,NULL,'c1cc(N)c(Cl)cc1',0,'2006-10-23 20:34:04','2006-10-23 20:34:04',NULL,'',1,1),(374,'AB00374','AB00374',NULL,NULL,'c1cc(N)c(Cl)cc1',0,'2006-10-23 20:34:04','2006-10-23 20:34:04',NULL,'',1,1),(375,'AB00375','AB00375',NULL,NULL,'c1cc(N)c(Cl)cc1',0,'2006-10-23 20:34:04','2006-10-23 20:34:04',NULL,'',1,1),(376,'AB00376','AB00376',NULL,NULL,'c1cc(N)c(Cl)cc1',0,'2006-10-23 20:34:04','2006-10-23 20:34:04',NULL,'',1,1),(377,'AB00377','AB00377',NULL,NULL,'c1cc(N)c(Cl)cc1',0,'2006-10-23 20:34:04','2006-10-23 20:34:04',NULL,'',1,1),(378,'AB00378','AB00378',NULL,NULL,'c1cc(N)c(Cl)cc1',0,'2006-10-23 20:34:05','2006-10-23 20:34:05',NULL,'',1,1),(379,'AB00379','AB00379',NULL,NULL,'c1cc(N)c(Cl)cc1',0,'2006-10-23 20:34:05','2006-10-23 20:34:05',NULL,'',1,1),(380,'AB00380','AB00380',NULL,NULL,'c1cc(N)c(Cl)cc1',0,'2006-10-23 20:34:05','2006-10-23 20:34:05',NULL,'',1,1),(381,'AB00381','AB00381',NULL,NULL,'c1cc(N)c(Cl)cc1',0,'2006-10-23 20:34:05','2006-10-23 20:34:05',NULL,'',1,1),(382,'AB00382','AB00382',NULL,NULL,'c1cc(N)c(Cl)cc1',0,'2006-10-23 20:34:05','2006-10-23 20:34:05',NULL,'',1,1),(383,'AB00383','AB00383',NULL,NULL,'c1cc(N)c(Cl)cc1',0,'2006-10-23 20:34:05','2006-10-23 20:34:05',NULL,'',1,1),(384,'AB00384','AB00384',NULL,NULL,'c1cc(N)c(Cl)cc1',0,'2006-10-23 20:34:05','2006-10-23 20:34:05',NULL,'',1,1),(385,'AB00385','AB00385',NULL,NULL,'c1cc(N)c(Cl)cc1',0,'2006-10-23 20:34:05','2006-10-23 20:34:05',NULL,'',1,1),(386,'AB00386','AB00386',NULL,NULL,'c1cc(N)c(Cl)cc1',0,'2006-10-23 20:34:05','2006-10-23 20:34:05',NULL,'',1,1),(387,'AB00387','AB00387',NULL,NULL,'c1cc(N)c(Cl)cc1',0,'2006-10-23 20:34:05','2006-10-23 20:34:05',NULL,'',1,1),(388,'AB00388','AB00388',NULL,NULL,'c1cc(N)c(Cl)cc1',0,'2006-10-23 20:34:05','2006-10-23 20:34:05',NULL,'',1,1),(389,'AB00389','AB00389',NULL,NULL,'c1cc(N)c(Cl)cc1',0,'2006-10-23 20:34:05','2006-10-23 20:34:05',NULL,'',1,1),(390,'AB00390','AB00390',NULL,NULL,'c1cc(N)c(Cl)cc1',0,'2006-10-23 20:34:05','2006-10-23 20:34:05',NULL,'',1,1),(391,'AB00391','AB00391',NULL,NULL,'c1cc(N)c(Cl)cc1',0,'2006-10-23 20:34:05','2006-10-23 20:34:05',NULL,'',1,1),(392,'AB00392','AB00392',NULL,NULL,'c1cc(N)c(Cl)cc1',0,'2006-10-23 20:34:05','2006-10-23 20:34:05',NULL,'',1,1),(393,'AB00393','AB00393',NULL,NULL,'c1cc(N)c(Cl)cc1',0,'2006-10-23 20:34:05','2006-10-23 20:34:05',NULL,'',1,1),(394,'AB00394','AB00394',NULL,NULL,'c1cc(N)c(Cl)cc1',0,'2006-10-23 20:34:05','2006-10-23 20:34:05',NULL,'',1,1),(395,'AB00395','AB00395',NULL,NULL,'c1cc(N)c(Cl)cc1',0,'2006-10-23 20:34:05','2006-10-23 20:34:05',NULL,'',1,1),(396,'AB00396','AB00396',NULL,NULL,'c1cc(N)c(Cl)cc1',0,'2006-10-23 20:34:05','2006-10-23 20:34:05',NULL,'',1,1),(397,'AB00397','AB00397',NULL,NULL,'c1cc(N)c(Cl)cc1',0,'2006-10-23 20:34:05','2006-10-23 20:34:05',NULL,'',1,1),(398,'AB00398','AB00398',NULL,NULL,'c1cc(N)c(Cl)cc1',0,'2006-10-23 20:34:05','2006-10-23 20:34:05',NULL,'',1,1),(399,'AB00399','AB00399',NULL,NULL,'c1cc(N)c(Cl)cc1',0,'2006-10-23 20:34:05','2006-10-23 20:34:05',NULL,'',1,1),(400,'AB00400','AB00400',NULL,NULL,'c1cc(N)c(Cl)cc1',0,'2006-10-23 20:34:05','2006-10-23 20:34:05',NULL,'',1,1),(401,'AB00401','AB00401',NULL,NULL,'c1cc(N)c(Cl)cc1',0,'2006-10-23 20:34:05','2006-10-23 20:34:05',NULL,'',1,1),(402,'AB00402','AB00402',NULL,NULL,'c1cc(N)c(Cl)cc1',0,'2006-10-23 20:34:05','2006-10-23 20:34:05',NULL,'',1,1),(403,'AB00403','AB00403',NULL,NULL,'c1cc(N)c(Cl)cc1',0,'2006-10-23 20:34:05','2006-10-23 20:34:05',NULL,'',1,1),(404,'AB00404','AB00404',NULL,NULL,'c1cc(N)c(Cl)cc1',0,'2006-10-23 20:34:05','2006-10-23 20:34:05',NULL,'',1,1),(405,'AB00405','AB00405',NULL,NULL,'c1cc(N)c(Cl)cc1',0,'2006-10-23 20:34:05','2006-10-23 20:34:05',NULL,'',1,1),(406,'AB00406','AB00406',NULL,NULL,'c1cc(N)c(Cl)cc1',0,'2006-10-23 20:34:05','2006-10-23 20:34:05',NULL,'',1,1),(407,'AB00407','AB00407',NULL,NULL,'c1cc(N)c(Cl)cc1',0,'2006-10-23 20:34:05','2006-10-23 20:34:05',NULL,'',1,1),(408,'AB00408','AB00408',NULL,NULL,'c1cc(N)c(Cl)cc1',0,'2006-10-23 20:34:05','2006-10-23 20:34:05',NULL,'',1,1),(409,'AB00409','AB00409',NULL,NULL,'c1cc(N)c(Cl)cc1',0,'2006-10-23 20:34:05','2006-10-23 20:34:05',NULL,'',1,1),(410,'AB00410','AB00410',NULL,NULL,'c1cc(N)c(Cl)cc1',0,'2006-10-23 20:34:05','2006-10-23 20:34:05',NULL,'',1,1),(411,'AB00411','AB00411',NULL,NULL,'c1cc(N)c(Cl)cc1',0,'2006-10-23 20:34:05','2006-10-23 20:34:05',NULL,'',1,1),(412,'AB00412','AB00412',NULL,NULL,'c1cc(N)c(Cl)cc1',0,'2006-10-23 20:34:05','2006-10-23 20:34:05',NULL,'',1,1),(413,'AB00413','AB00413',NULL,NULL,'c1cc(N)c(Cl)cc1',0,'2006-10-23 20:34:06','2006-10-23 20:34:06',NULL,'',1,1),(414,'AB00414','AB00414',NULL,NULL,'c1cc(N)c(Cl)cc1',0,'2006-10-23 20:34:06','2006-10-23 20:34:06',NULL,'',1,1),(415,'AB00415','AB00415',NULL,NULL,'c1cc(N)c(Cl)cc1',0,'2006-10-23 20:34:06','2006-10-23 20:34:06',NULL,'',1,1),(416,'AB00416','AB00416',NULL,NULL,'c1cc(N)c(Cl)cc1',0,'2006-10-23 20:34:06','2006-10-23 20:34:06',NULL,'',1,1),(417,'AB00417','AB00417',NULL,NULL,'c1cc(N)c(Cl)cc1',0,'2006-10-23 20:34:06','2006-10-23 20:34:06',NULL,'',1,1),(418,'AB00418','AB00418',NULL,NULL,'c1cc(N)c(Cl)cc1',0,'2006-10-23 20:34:06','2006-10-23 20:34:06',NULL,'',1,1),(419,'AB00419','AB00419',NULL,NULL,'c1cc(N)c(Cl)cc1',0,'2006-10-23 20:34:06','2006-10-23 20:34:06',NULL,'',1,1),(420,'AB00420','AB00420',NULL,NULL,'c1cc(N)c(Cl)cc1',0,'2006-10-23 20:34:06','2006-10-23 20:34:06',NULL,'',1,1),(421,'AB00421','AB00421',NULL,NULL,'c1cc(N)c(Cl)cc1',0,'2006-10-23 20:34:06','2006-10-23 20:34:06',NULL,'',1,1),(422,'AB00422','AB00422',NULL,NULL,'c1cc(N)c(Cl)cc1',0,'2006-10-23 20:34:06','2006-10-23 20:34:06',NULL,'',1,1),(423,'AB00423','AB00423',NULL,NULL,'c1cc(N)c(Cl)cc1',0,'2006-10-23 20:34:06','2006-10-23 20:34:06',NULL,'',1,1),(424,'AB00424','AB00424',NULL,NULL,'c1cc(N)c(Cl)cc1',0,'2006-10-23 20:34:06','2006-10-23 20:34:06',NULL,'',1,1),(425,'AB00425','AB00425',NULL,NULL,'c1cc(N)c(Cl)cc1',0,'2006-10-23 20:34:06','2006-10-23 20:34:06',NULL,'',1,1),(426,'AB00426','AB00426',NULL,NULL,'c1cc(N)c(Cl)cc1',0,'2006-10-23 20:34:06','2006-10-23 20:34:06',NULL,'',1,1),(427,'AB00427','AB00427',NULL,NULL,'c1cc(N)c(Cl)cc1',0,'2006-10-23 20:34:06','2006-10-23 20:34:06',NULL,'',1,1),(428,'AB00428','AB00428',NULL,NULL,'c1cc(N)c(Cl)cc1',0,'2006-10-23 20:34:06','2006-10-23 20:34:06',NULL,'',1,1),(429,'AB00429','AB00429',NULL,NULL,'c1cc(N)c(Cl)cc1',0,'2006-10-23 20:34:06','2006-10-23 20:34:06',NULL,'',1,1),(430,'AB00430','AB00430',NULL,NULL,'c1cc(N)c(Cl)cc1',0,'2006-10-23 20:34:06','2006-10-23 20:34:06',NULL,'',1,1),(431,'AB00431','AB00431',NULL,NULL,'c1cc(N)c(Cl)cc1',0,'2006-10-23 20:34:06','2006-10-23 20:34:06',NULL,'',1,1),(432,'AB00432','AB00432',NULL,NULL,'c1cc(N)c(Cl)cc1',0,'2006-10-23 20:34:06','2006-10-23 20:34:06',NULL,'',1,1),(433,'AB00433','AB00433',NULL,NULL,'c1cc(N)c(Cl)cc1',0,'2006-10-23 20:34:06','2006-10-23 20:34:06',NULL,'',1,1),(434,'AB00434','AB00434',NULL,NULL,'c1cc(N)c(Cl)cc1',0,'2006-10-23 20:34:06','2006-10-23 20:34:06',NULL,'',1,1),(435,'AB00435','AB00435',NULL,NULL,'c1cc(N)c(Cl)cc1',0,'2006-10-23 20:34:06','2006-10-23 20:34:06',NULL,'',1,1),(436,'AB00436','AB00436',NULL,NULL,'c1cc(N)c(Cl)cc1',0,'2006-10-23 20:34:06','2006-10-23 20:34:06',NULL,'',1,1),(437,'AB00437','AB00437',NULL,NULL,'c1cc(N)c(Cl)cc1',0,'2006-10-23 20:34:06','2006-10-23 20:34:06',NULL,'',1,1),(438,'AB00438','AB00438',NULL,NULL,'c1cc(N)c(Cl)cc1',0,'2006-10-23 20:34:06','2006-10-23 20:34:06',NULL,'',1,1),(439,'AB00439','AB00439',NULL,NULL,'c1cc(N)c(Cl)cc1',0,'2006-10-23 20:34:06','2006-10-23 20:34:06',NULL,'',1,1),(440,'AB00440','AB00440',NULL,NULL,'c1cc(N)c(Cl)cc1',0,'2006-10-23 20:34:06','2006-10-23 20:34:06',NULL,'',1,1),(441,'AB00441','AB00441',NULL,NULL,'c1cc(N)c(Cl)cc1',0,'2006-10-23 20:34:06','2006-10-23 20:34:06',NULL,'',1,1),(442,'AB00442','AB00442',NULL,NULL,'c1cc(N)c(Cl)cc1',0,'2006-10-23 20:34:06','2006-10-23 20:34:06',NULL,'',1,1),(443,'AB00443','AB00443',NULL,NULL,'c1cc(N)c(Cl)cc1',0,'2006-10-23 20:34:06','2006-10-23 20:34:06',NULL,'',1,1),(444,'AB00444','AB00444',NULL,NULL,'c1cc(N)c(Cl)cc1',0,'2006-10-23 20:34:06','2006-10-23 20:34:06',NULL,'',1,1),(445,'AB00445','AB00445',NULL,NULL,'c1cc(N)c(Cl)cc1',0,'2006-10-23 20:34:06','2006-10-23 20:34:06',NULL,'',1,1),(446,'AB00446','AB00446',NULL,NULL,'c1cc(N)c(Cl)cc1',0,'2006-10-23 20:34:06','2006-10-23 20:34:06',NULL,'',1,1),(447,'AB00447','AB00447',NULL,NULL,'c1cc(N)c(Cl)cc1',0,'2006-10-23 20:34:06','2006-10-23 20:34:06',NULL,'',1,1),(448,'AB00448','AB00448',NULL,NULL,'c1cc(N)c(Cl)cc1',0,'2006-10-23 20:34:06','2006-10-23 20:34:06',NULL,'',1,1),(449,'AB00449','AB00449',NULL,NULL,'c1cc(N)c(Cl)cc1',0,'2006-10-23 20:34:07','2006-10-23 20:34:07',NULL,'',1,1),(450,'AB00450','AB00450',NULL,NULL,'c1cc(N)c(Cl)cc1',0,'2006-10-23 20:34:07','2006-10-23 20:34:07',NULL,'',1,1),(451,'AB00451','AB00451',NULL,NULL,'c1cc(N)c(Cl)cc1',0,'2006-10-23 20:34:07','2006-10-23 20:34:07',NULL,'',1,1),(452,'AB00452','AB00452',NULL,NULL,'c1cc(N)c(Cl)cc1',0,'2006-10-23 20:34:07','2006-10-23 20:34:07',NULL,'',1,1),(453,'AB00453','AB00453',NULL,NULL,'c1cc(N)c(Cl)cc1',0,'2006-10-23 20:34:07','2006-10-23 20:34:07',NULL,'',1,1),(454,'AB00454','AB00454',NULL,NULL,'c1cc(N)c(Cl)cc1',0,'2006-10-23 20:34:07','2006-10-23 20:34:07',NULL,'',1,1),(455,'AB00455','AB00455',NULL,NULL,'c1cc(N)c(Cl)cc1',0,'2006-10-23 20:34:07','2006-10-23 20:34:07',NULL,'',1,1),(456,'AB00456','AB00456',NULL,NULL,'c1cc(N)c(Cl)cc1',0,'2006-10-23 20:34:07','2006-10-23 20:34:07',NULL,'',1,1),(457,'AB00457','AB00457',NULL,NULL,'c1cc(N)c(Cl)cc1',0,'2006-10-23 20:34:07','2006-10-23 20:34:07',NULL,'',1,1),(458,'AB00458','AB00458',NULL,NULL,'c1cc(N)c(Cl)cc1',0,'2006-10-23 20:34:07','2006-10-23 20:34:07',NULL,'',1,1),(459,'AB00459','AB00459',NULL,NULL,'c1cc(N)c(Cl)cc1',0,'2006-10-23 20:34:07','2006-10-23 20:34:07',NULL,'',1,1),(460,'AB00460','AB00460',NULL,NULL,'c1cc(N)c(Cl)cc1',0,'2006-10-23 20:34:07','2006-10-23 20:34:07',NULL,'',1,1),(461,'AB00461','AB00461',NULL,NULL,'c1cc(N)c(Cl)cc1',0,'2006-10-23 20:34:07','2006-10-23 20:34:07',NULL,'',1,1),(462,'AB00462','AB00462',NULL,NULL,'c1cc(N)c(Cl)cc1',0,'2006-10-23 20:34:07','2006-10-23 20:34:07',NULL,'',1,1),(463,'AB00463','AB00463',NULL,NULL,'c1cc(N)c(Cl)cc1',0,'2006-10-23 20:34:07','2006-10-23 20:34:07',NULL,'',1,1),(464,'AB00464','AB00464',NULL,NULL,'c1cc(N)c(Cl)cc1',0,'2006-10-23 20:34:07','2006-10-23 20:34:07',NULL,'',1,1),(465,'AB00465','AB00465',NULL,NULL,'c1cc(N)c(Cl)cc1',0,'2006-10-23 20:34:07','2006-10-23 20:34:07',NULL,'',1,1),(466,'AB00466','AB00466',NULL,NULL,'c1cc(N)c(Cl)cc1',0,'2006-10-23 20:34:07','2006-10-23 20:34:07',NULL,'',1,1),(467,'AB00467','AB00467',NULL,NULL,'c1cc(N)c(Cl)cc1',0,'2006-10-23 20:34:07','2006-10-23 20:34:07',NULL,'',1,1),(468,'AB00468','AB00468',NULL,NULL,'c1cc(N)c(Cl)cc1',0,'2006-10-23 20:34:07','2006-10-23 20:34:07',NULL,'',1,1),(469,'AB00469','AB00469',NULL,NULL,'c1cc(N)c(Cl)cc1',0,'2006-10-23 20:34:07','2006-10-23 20:34:07',NULL,'',1,1),(470,'AB00470','AB00470',NULL,NULL,'c1cc(N)c(Cl)cc1',0,'2006-10-23 20:34:07','2006-10-23 20:34:07',NULL,'',1,1),(471,'AB00471','AB00471',NULL,NULL,'c1cc(N)c(Cl)cc1',0,'2006-10-23 20:34:07','2006-10-23 20:34:07',NULL,'',1,1),(472,'AB00472','AB00472',NULL,NULL,'c1cc(N)c(Cl)cc1',0,'2006-10-23 20:34:07','2006-10-23 20:34:07',NULL,'',1,1),(473,'AB00473','AB00473',NULL,NULL,'c1cc(N)c(Cl)cc1',0,'2006-10-23 20:34:07','2006-10-23 20:34:07',NULL,'',1,1),(474,'AB00474','AB00474',NULL,NULL,'c1cc(N)c(Cl)cc1',0,'2006-10-23 20:34:07','2006-10-23 20:34:07',NULL,'',1,1),(475,'AB00475','AB00475',NULL,NULL,'c1cc(N)c(Cl)cc1',0,'2006-10-23 20:34:07','2006-10-23 20:34:07',NULL,'',1,1),(476,'AB00476','AB00476',NULL,NULL,'c1cc(N)c(Cl)cc1',0,'2006-10-23 20:34:07','2006-10-23 20:34:07',NULL,'',1,1),(477,'AB00477','AB00477',NULL,NULL,'c1cc(N)c(Cl)cc1',0,'2006-10-23 20:34:07','2006-10-23 20:34:07',NULL,'',1,1),(478,'AB00478','AB00478',NULL,NULL,'c1cc(N)c(Cl)cc1',0,'2006-10-23 20:34:07','2006-10-23 20:34:07',NULL,'',1,1),(479,'AB00479','AB00479',NULL,NULL,'c1cc(N)c(Cl)cc1',0,'2006-10-23 20:34:07','2006-10-23 20:34:07',NULL,'',1,1),(480,'AB00480','AB00480',NULL,NULL,'c1cc(N)c(Cl)cc1',0,'2006-10-23 20:34:07','2006-10-23 20:34:07',NULL,'',1,1),(481,'AB00481','AB00481',NULL,NULL,'c1cc(N)c(Cl)cc1',0,'2006-10-23 20:34:07','2006-10-23 20:34:07',NULL,'',1,1),(482,'AB00482','AB00482',NULL,NULL,'c1cc(N)c(Cl)cc1',0,'2006-10-23 20:34:07','2006-10-23 20:34:07',NULL,'',1,1),(483,'AB00483','AB00483',NULL,NULL,'c1cc(N)c(Cl)cc1',0,'2006-10-23 20:34:08','2006-10-23 20:34:08',NULL,'',1,1),(484,'AB00484','AB00484',NULL,NULL,'c1cc(N)c(Cl)cc1',0,'2006-10-23 20:34:08','2006-10-23 20:34:08',NULL,'',1,1),(485,'AB00485','AB00485',NULL,NULL,'c1cc(N)c(Cl)cc1',0,'2006-10-23 20:34:08','2006-10-23 20:34:08',NULL,'',1,1),(486,'AB00486','AB00486',NULL,NULL,'c1cc(N)c(Cl)cc1',0,'2006-10-23 20:34:08','2006-10-23 20:34:08',NULL,'',1,1),(487,'AB00487','AB00487',NULL,NULL,'c1cc(N)c(Cl)cc1',0,'2006-10-23 20:34:08','2006-10-23 20:34:08',NULL,'',1,1),(488,'AB00488','AB00488',NULL,NULL,'c1cc(N)c(Cl)cc1',0,'2006-10-23 20:34:08','2006-10-23 20:34:08',NULL,'',1,1),(489,'AB00489','AB00489',NULL,NULL,'c1cc(N)c(Cl)cc1',0,'2006-10-23 20:34:08','2006-10-23 20:34:08',NULL,'',1,1),(490,'AB00490','AB00490',NULL,NULL,'c1cc(N)c(Cl)cc1',0,'2006-10-23 20:34:08','2006-10-23 20:34:08',NULL,'',1,1),(491,'AB00491','AB00491',NULL,NULL,'c1cc(N)c(Cl)cc1',0,'2006-10-23 20:34:08','2006-10-23 20:34:08',NULL,'',1,1),(492,'AB00492','AB00492',NULL,NULL,'c1cc(N)c(Cl)cc1',0,'2006-10-23 20:34:08','2006-10-23 20:34:08',NULL,'',1,1),(493,'AB00493','AB00493',NULL,NULL,'c1cc(N)c(Cl)cc1',0,'2006-10-23 20:34:08','2006-10-23 20:34:08',NULL,'',1,1),(494,'AB00494','AB00494',NULL,NULL,'c1cc(N)c(Cl)cc1',0,'2006-10-23 20:34:08','2006-10-23 20:34:08',NULL,'',1,1),(495,'AB00495','AB00495',NULL,NULL,'c1cc(N)c(Cl)cc1',0,'2006-10-23 20:34:08','2006-10-23 20:34:08',NULL,'',1,1),(496,'AB00496','AB00496',NULL,NULL,'c1cc(N)c(Cl)cc1',0,'2006-10-23 20:34:08','2006-10-23 20:34:08',NULL,'',1,1),(497,'AB00497','AB00497',NULL,NULL,'c1cc(N)c(Cl)cc1',0,'2006-10-23 20:34:08','2006-10-23 20:34:08',NULL,'',1,1),(498,'AB00498','AB00498',NULL,NULL,'c1cc(N)c(Cl)cc1',0,'2006-10-23 20:34:08','2006-10-23 20:34:08',NULL,'',1,1),(499,'AB00499','AB00499',NULL,NULL,'c1cc(N)c(Cl)cc1',0,'2006-10-23 20:34:08','2006-10-23 20:34:08',NULL,'',1,1),(500,'AB00500','AB00500',NULL,NULL,'c1cc(N)c(Cl)cc1',0,'2006-10-23 20:34:08','2006-10-23 20:34:08',NULL,'',1,1),(501,'AB00501','AB00501',NULL,NULL,'c1cc(N)c(Cl)cc1',0,'2006-10-23 20:34:08','2006-10-23 20:34:08',NULL,'',1,1),(502,'AB00502','AB00502',NULL,NULL,'c1cc(N)c(Cl)cc1',0,'2006-10-23 20:34:08','2006-10-23 20:34:08',NULL,'',1,1),(503,'AB00503','AB00503',NULL,NULL,'c1cc(N)c(Cl)cc1',0,'2006-10-23 20:34:08','2006-10-23 20:34:08',NULL,'',1,1),(504,'AB00504','AB00504',NULL,NULL,'c1cc(N)c(Cl)cc1',0,'2006-10-23 20:34:08','2006-10-23 20:34:08',NULL,'',1,1),(505,'AB00505','AB00505',NULL,NULL,'c1cc(N)c(Cl)cc1',0,'2006-10-23 20:34:08','2006-10-23 20:34:08',NULL,'',1,1),(506,'AB00506','AB00506',NULL,NULL,'c1cc(N)c(Cl)cc1',0,'2006-10-23 20:34:08','2006-10-23 20:34:08',NULL,'',1,1),(507,'AB00507','AB00507',NULL,NULL,'c1cc(N)c(Cl)cc1',0,'2006-10-23 20:34:08','2006-10-23 20:34:08',NULL,'',1,1),(508,'AB00508','AB00508',NULL,NULL,'c1cc(N)c(Cl)cc1',0,'2006-10-23 20:34:08','2006-10-23 20:34:08',NULL,'',1,1),(509,'AB00509','AB00509',NULL,NULL,'c1cc(N)c(Cl)cc1',0,'2006-10-23 20:34:08','2006-10-23 20:34:08',NULL,'',1,1),(510,'AB00510','AB00510',NULL,NULL,'c1cc(N)c(Cl)cc1',0,'2006-10-23 20:34:08','2006-10-23 20:34:08',NULL,'',1,1),(511,'AB00511','AB00511',NULL,NULL,'c1cc(N)c(Cl)cc1',0,'2006-10-23 20:34:08','2006-10-23 20:34:08',NULL,'',1,1),(512,'AB00512','AB00512',NULL,NULL,'c1cc(N)c(Cl)cc1',0,'2006-10-23 20:34:08','2006-10-23 20:34:08',NULL,'',1,1),(513,'AB00513','AB00513',NULL,NULL,'c1cc(N)c(Cl)cc1',0,'2006-10-23 20:34:08','2006-10-23 20:34:08',NULL,'',1,1),(514,'AB00514','AB00514',NULL,NULL,'c1cc(N)c(Cl)cc1',0,'2006-10-23 20:34:08','2006-10-23 20:34:08',NULL,'',1,1),(515,'AB00515','AB00515',NULL,NULL,'c1cc(N)c(Cl)cc1',0,'2006-10-23 20:34:08','2006-10-23 20:34:08',NULL,'',1,1),(516,'AB00516','AB00516',NULL,NULL,'c1cc(N)c(Cl)cc1',0,'2006-10-23 20:34:08','2006-10-23 20:34:08',NULL,'',1,1),(517,'AB00517','AB00517',NULL,NULL,'c1cc(N)c(Cl)cc1',0,'2006-10-23 20:34:08','2006-10-23 20:34:08',NULL,'',1,1),(518,'AB00518','AB00518',NULL,NULL,'c1cc(N)c(Cl)cc1',0,'2006-10-23 20:34:08','2006-10-23 20:34:08',NULL,'',1,1),(519,'AB00519','AB00519',NULL,NULL,'c1cc(N)c(Cl)cc1',0,'2006-10-23 20:34:08','2006-10-23 20:34:08',NULL,'',1,1),(520,'AB00520','AB00520',NULL,NULL,'c1cc(N)c(Cl)cc1',0,'2006-10-23 20:34:08','2006-10-23 20:34:08',NULL,'',1,1),(521,'AB00521','AB00521',NULL,NULL,'c1cc(N)c(Cl)cc1',0,'2006-10-23 20:34:09','2006-10-23 20:34:09',NULL,'',1,1),(522,'AB00522','AB00522',NULL,NULL,'c1cc(N)c(Cl)cc1',0,'2006-10-23 20:34:09','2006-10-23 20:34:09',NULL,'',1,1),(523,'AB00523','AB00523',NULL,NULL,'c1cc(N)c(Cl)cc1',0,'2006-10-23 20:34:09','2006-10-23 20:34:09',NULL,'',1,1),(524,'AB00524','AB00524',NULL,NULL,'c1cc(N)c(Cl)cc1',0,'2006-10-23 20:34:09','2006-10-23 20:34:09',NULL,'',1,1),(525,'AB00525','AB00525',NULL,NULL,'c1cc(N)c(Cl)cc1',0,'2006-10-23 20:34:09','2006-10-23 20:34:09',NULL,'',1,1),(526,'AB00526','AB00526',NULL,NULL,'c1cc(N)c(Cl)cc1',0,'2006-10-23 20:34:09','2006-10-23 20:34:09',NULL,'',1,1),(527,'AB00527','AB00527',NULL,NULL,'c1cc(N)c(Cl)cc1',0,'2006-10-23 20:34:09','2006-10-23 20:34:09',NULL,'',1,1),(528,'AB00528','AB00528',NULL,NULL,'c1cc(N)c(Cl)cc1',0,'2006-10-23 20:34:09','2006-10-23 20:34:09',NULL,'',1,1),(529,'AB00529','AB00529',NULL,NULL,'c1cc(N)c(Cl)cc1',0,'2006-10-23 20:34:09','2006-10-23 20:34:09',NULL,'',1,1),(530,'AB00530','AB00530',NULL,NULL,'c1cc(N)c(Cl)cc1',0,'2006-10-23 20:34:09','2006-10-23 20:34:09',NULL,'',1,1),(531,'AB00531','AB00531',NULL,NULL,'c1cc(N)c(Cl)cc1',0,'2006-10-23 20:34:09','2006-10-23 20:34:09',NULL,'',1,1),(532,'AB00532','AB00532',NULL,NULL,'c1cc(N)c(Cl)cc1',0,'2006-10-23 20:34:09','2006-10-23 20:34:09',NULL,'',1,1),(533,'AB00533','AB00533',NULL,NULL,'c1cc(N)c(Cl)cc1',0,'2006-10-23 20:34:09','2006-10-23 20:34:09',NULL,'',1,1),(534,'AB00534','AB00534',NULL,NULL,'c1cc(N)c(Cl)cc1',0,'2006-10-23 20:34:09','2006-10-23 20:34:09',NULL,'',1,1),(535,'AB00535','AB00535',NULL,NULL,'c1cc(N)c(Cl)cc1',0,'2006-10-23 20:34:09','2006-10-23 20:34:09',NULL,'',1,1),(536,'AB00536','AB00536',NULL,NULL,'c1cc(N)c(Cl)cc1',0,'2006-10-23 20:34:09','2006-10-23 20:34:09',NULL,'',1,1),(537,'AB00537','AB00537',NULL,NULL,'c1cc(N)c(Cl)cc1',0,'2006-10-23 20:34:09','2006-10-23 20:34:09',NULL,'',1,1),(538,'AB00538','AB00538',NULL,NULL,'c1cc(N)c(Cl)cc1',0,'2006-10-23 20:34:09','2006-10-23 20:34:09',NULL,'',1,1),(539,'AB00539','AB00539',NULL,NULL,'c1cc(N)c(Cl)cc1',0,'2006-10-23 20:34:09','2006-10-23 20:34:09',NULL,'',1,1),(540,'AB00540','AB00540',NULL,NULL,'c1cc(N)c(Cl)cc1',0,'2006-10-23 20:34:09','2006-10-23 20:34:09',NULL,'',1,1),(541,'AB00541','AB00541',NULL,NULL,'c1cc(N)c(Cl)cc1',0,'2006-10-23 20:34:09','2006-10-23 20:34:09',NULL,'',1,1),(542,'AB00542','AB00542',NULL,NULL,'c1cc(N)c(Cl)cc1',0,'2006-10-23 20:34:09','2006-10-23 20:34:09',NULL,'',1,1),(543,'AB00543','AB00543',NULL,NULL,'c1cc(N)c(Cl)cc1',0,'2006-10-23 20:34:09','2006-10-23 20:34:09',NULL,'',1,1),(544,'AB00544','AB00544',NULL,NULL,'c1cc(N)c(Cl)cc1',0,'2006-10-23 20:34:09','2006-10-23 20:34:09',NULL,'',1,1),(545,'AB00545','AB00545',NULL,NULL,'c1cc(N)c(Cl)cc1',0,'2006-10-23 20:34:09','2006-10-23 20:34:09',NULL,'',1,1),(546,'AB00546','AB00546',NULL,NULL,'c1cc(N)c(Cl)cc1',0,'2006-10-23 20:34:09','2006-10-23 20:34:09',NULL,'',1,1),(547,'AB00547','AB00547',NULL,NULL,'c1cc(N)c(Cl)cc1',0,'2006-10-23 20:34:09','2006-10-23 20:34:09',NULL,'',1,1),(548,'AB00548','AB00548',NULL,NULL,'c1cc(N)c(Cl)cc1',0,'2006-10-23 20:34:09','2006-10-23 20:34:09',NULL,'',1,1),(549,'AB00549','AB00549',NULL,NULL,'c1cc(N)c(Cl)cc1',0,'2006-10-23 20:34:09','2006-10-23 20:34:09',NULL,'',1,1),(550,'AB00550','AB00550',NULL,NULL,'c1cc(N)c(Cl)cc1',0,'2006-10-23 20:34:09','2006-10-23 20:34:09',NULL,'',1,1),(551,'AB00551','AB00551',NULL,NULL,'c1cc(N)c(Cl)cc1',0,'2006-10-23 20:34:09','2006-10-23 20:34:09',NULL,'',1,1),(552,'AB00552','AB00552',NULL,NULL,'c1cc(N)c(Cl)cc1',0,'2006-10-23 20:34:09','2006-10-23 20:34:09',NULL,'',1,1),(553,'AB00553','AB00553',NULL,NULL,'c1cc(N)c(Cl)cc1',0,'2006-10-23 20:34:09','2006-10-23 20:34:09',NULL,'',1,1),(554,'AB00554','AB00554',NULL,NULL,'c1cc(N)c(Cl)cc1',0,'2006-10-23 20:34:09','2006-10-23 20:34:09',NULL,'',1,1),(555,'AB00555','AB00555',NULL,NULL,'c1cc(N)c(Cl)cc1',0,'2006-10-23 20:34:09','2006-10-23 20:34:09',NULL,'',1,1),(556,'AB00556','AB00556',NULL,NULL,'c1cc(N)c(Cl)cc1',0,'2006-10-23 20:34:10','2006-10-23 20:34:10',NULL,'',1,1),(557,'AB00557','AB00557',NULL,NULL,'c1cc(N)c(Cl)cc1',0,'2006-10-23 20:34:10','2006-10-23 20:34:10',NULL,'',1,1),(558,'AB00558','AB00558',NULL,NULL,'c1cc(N)c(Cl)cc1',0,'2006-10-23 20:34:10','2006-10-23 20:34:10',NULL,'',1,1),(559,'AB00559','AB00559',NULL,NULL,'c1cc(N)c(Cl)cc1',0,'2006-10-23 20:34:10','2006-10-23 20:34:10',NULL,'',1,1),(560,'AB00560','AB00560',NULL,NULL,'c1cc(N)c(Cl)cc1',0,'2006-10-23 20:34:10','2006-10-23 20:34:10',NULL,'',1,1),(561,'AB00561','AB00561',NULL,NULL,'c1cc(N)c(Cl)cc1',0,'2006-10-23 20:34:10','2006-10-23 20:34:10',NULL,'',1,1),(562,'AB00562','AB00562',NULL,NULL,'c1cc(N)c(Cl)cc1',0,'2006-10-23 20:34:10','2006-10-23 20:34:10',NULL,'',1,1),(563,'AB00563','AB00563',NULL,NULL,'c1cc(N)c(Cl)cc1',0,'2006-10-23 20:34:10','2006-10-23 20:34:10',NULL,'',1,1),(564,'AB00564','AB00564',NULL,NULL,'c1cc(N)c(Cl)cc1',0,'2006-10-23 20:34:10','2006-10-23 20:34:10',NULL,'',1,1),(565,'AB00565','AB00565',NULL,NULL,'c1cc(N)c(Cl)cc1',0,'2006-10-23 20:34:10','2006-10-23 20:34:10',NULL,'',1,1),(566,'AB00566','AB00566',NULL,NULL,'c1cc(N)c(Cl)cc1',0,'2006-10-23 20:34:10','2006-10-23 20:34:10',NULL,'',1,1),(567,'AB00567','AB00567',NULL,NULL,'c1cc(N)c(Cl)cc1',0,'2006-10-23 20:34:10','2006-10-23 20:34:10',NULL,'',1,1),(568,'AB00568','AB00568',NULL,NULL,'c1cc(N)c(Cl)cc1',0,'2006-10-23 20:34:10','2006-10-23 20:34:10',NULL,'',1,1),(569,'AB00569','AB00569',NULL,NULL,'c1cc(N)c(Cl)cc1',0,'2006-10-23 20:34:10','2006-10-23 20:34:10',NULL,'',1,1),(570,'AB00570','AB00570',NULL,NULL,'c1cc(N)c(Cl)cc1',0,'2006-10-23 20:34:10','2006-10-23 20:34:10',NULL,'',1,1),(571,'AB00571','AB00571',NULL,NULL,'c1cc(N)c(Cl)cc1',0,'2006-10-23 20:34:10','2006-10-23 20:34:10',NULL,'',1,1),(572,'AB00572','AB00572',NULL,NULL,'c1cc(N)c(Cl)cc1',0,'2006-10-23 20:34:10','2006-10-23 20:34:10',NULL,'',1,1),(573,'AB00573','AB00573',NULL,NULL,'c1cc(N)c(Cl)cc1',0,'2006-10-23 20:34:10','2006-10-23 20:34:10',NULL,'',1,1),(574,'AB00574','AB00574',NULL,NULL,'c1cc(N)c(Cl)cc1',0,'2006-10-23 20:34:10','2006-10-23 20:34:10',NULL,'',1,1),(575,'AB00575','AB00575',NULL,NULL,'c1cc(N)c(Cl)cc1',0,'2006-10-23 20:34:10','2006-10-23 20:34:10',NULL,'',1,1),(576,'AB00576','AB00576',NULL,NULL,'c1cc(N)c(Cl)cc1',0,'2006-10-23 20:34:10','2006-10-23 20:34:10',NULL,'',1,1),(577,'AB00577','AB00577',NULL,NULL,'c1cc(N)c(Cl)cc1',0,'2006-10-23 20:34:10','2006-10-23 20:34:10',NULL,'',1,1),(578,'AB00578','AB00578',NULL,NULL,'c1cc(N)c(Cl)cc1',0,'2006-10-23 20:34:10','2006-10-23 20:34:10',NULL,'',1,1),(579,'AB00579','AB00579',NULL,NULL,'c1cc(N)c(Cl)cc1',0,'2006-10-23 20:34:10','2006-10-23 20:34:10',NULL,'',1,1),(580,'AB00580','AB00580',NULL,NULL,'c1cc(N)c(Cl)cc1',0,'2006-10-23 20:34:10','2006-10-23 20:34:10',NULL,'',1,1),(581,'AB00581','AB00581',NULL,NULL,'c1cc(N)c(Cl)cc1',0,'2006-10-23 20:34:10','2006-10-23 20:34:10',NULL,'',1,1),(582,'AB00582','AB00582',NULL,NULL,'c1cc(N)c(Cl)cc1',0,'2006-10-23 20:34:10','2006-10-23 20:34:10',NULL,'',1,1),(583,'AB00583','AB00583',NULL,NULL,'c1cc(N)c(Cl)cc1',0,'2006-10-23 20:34:10','2006-10-23 20:34:10',NULL,'',1,1),(584,'AB00584','AB00584',NULL,NULL,'c1cc(N)c(Cl)cc1',0,'2006-10-23 20:34:10','2006-10-23 20:34:10',NULL,'',1,1),(585,'AB00585','AB00585',NULL,NULL,'c1cc(N)c(Cl)cc1',0,'2006-10-23 20:34:10','2006-10-23 20:34:10',NULL,'',1,1),(586,'AB00586','AB00586',NULL,NULL,'c1cc(N)c(Cl)cc1',0,'2006-10-23 20:34:10','2006-10-23 20:34:10',NULL,'',1,1),(587,'AB00587','AB00587',NULL,NULL,'c1cc(N)c(Cl)cc1',0,'2006-10-23 20:34:10','2006-10-23 20:34:10',NULL,'',1,1),(588,'AB00588','AB00588',NULL,NULL,'c1cc(N)c(Cl)cc1',0,'2006-10-23 20:34:10','2006-10-23 20:34:10',NULL,'',1,1),(589,'AB00589','AB00589',NULL,NULL,'c1cc(N)c(Cl)cc1',0,'2006-10-23 20:34:10','2006-10-23 20:34:10',NULL,'',1,1),(590,'AB00590','AB00590',NULL,NULL,'c1cc(N)c(Cl)cc1',0,'2006-10-23 20:34:11','2006-10-23 20:34:11',NULL,'',1,1),(591,'AB00591','AB00591',NULL,NULL,'c1cc(N)c(Cl)cc1',0,'2006-10-23 20:34:11','2006-10-23 20:34:11',NULL,'',1,1),(592,'AB00592','AB00592',NULL,NULL,'c1cc(N)c(Cl)cc1',0,'2006-10-23 20:34:11','2006-10-23 20:34:11',NULL,'',1,1),(593,'AB00593','AB00593',NULL,NULL,'c1cc(N)c(Cl)cc1',0,'2006-10-23 20:34:11','2006-10-23 20:34:11',NULL,'',1,1),(594,'AB00594','AB00594',NULL,NULL,'c1cc(N)c(Cl)cc1',0,'2006-10-23 20:34:11','2006-10-23 20:34:11',NULL,'',1,1),(595,'AB00595','AB00595',NULL,NULL,'c1cc(N)c(Cl)cc1',0,'2006-10-23 20:34:11','2006-10-23 20:34:11',NULL,'',1,1),(596,'AB00596','AB00596',NULL,NULL,'c1cc(N)c(Cl)cc1',0,'2006-10-23 20:34:11','2006-10-23 20:34:11',NULL,'',1,1),(597,'AB00597','AB00597',NULL,NULL,'c1cc(N)c(Cl)cc1',0,'2006-10-23 20:34:11','2006-10-23 20:34:11',NULL,'',1,1),(598,'AB00598','AB00598',NULL,NULL,'c1cc(N)c(Cl)cc1',0,'2006-10-23 20:34:11','2006-10-23 20:34:11',NULL,'',1,1),(599,'AB00599','AB00599',NULL,NULL,'c1cc(N)c(Cl)cc1',0,'2006-10-23 20:34:11','2006-10-23 20:34:11',NULL,'',1,1),(600,'AB00600','AB00600',NULL,NULL,'c1cc(N)c(Cl)cc1',0,'2006-10-23 20:34:11','2006-10-23 20:34:11',NULL,'',1,1),(601,'AB00601','AB00601',NULL,NULL,'c1cc(N)c(Cl)cc1',0,'2006-10-23 20:34:11','2006-10-23 20:34:11',NULL,'',1,1),(602,'AB00602','AB00602',NULL,NULL,'c1cc(N)c(Cl)cc1',0,'2006-10-23 20:34:11','2006-10-23 20:34:11',NULL,'',1,1),(603,'AB00603','AB00603',NULL,NULL,'c1cc(N)c(Cl)cc1',0,'2006-10-23 20:34:11','2006-10-23 20:34:11',NULL,'',1,1),(604,'AB00604','AB00604',NULL,NULL,'c1cc(N)c(Cl)cc1',0,'2006-10-23 20:34:11','2006-10-23 20:34:11',NULL,'',1,1),(605,'AB00605','AB00605',NULL,NULL,'c1cc(N)c(Cl)cc1',0,'2006-10-23 20:34:11','2006-10-23 20:34:11',NULL,'',1,1),(606,'AB00606','AB00606',NULL,NULL,'c1cc(N)c(Cl)cc1',0,'2006-10-23 20:34:11','2006-10-23 20:34:11',NULL,'',1,1),(607,'AB00607','AB00607',NULL,NULL,'c1cc(N)c(Cl)cc1',0,'2006-10-23 20:34:11','2006-10-23 20:34:11',NULL,'',1,1),(608,'AB00608','AB00608',NULL,NULL,'c1cc(N)c(Cl)cc1',0,'2006-10-23 20:34:11','2006-10-23 20:34:11',NULL,'',1,1),(609,'AB00609','AB00609',NULL,NULL,'c1cc(N)c(Cl)cc1',0,'2006-10-23 20:34:11','2006-10-23 20:34:11',NULL,'',1,1),(610,'AB00610','AB00610',NULL,NULL,'c1cc(N)c(Cl)cc1',0,'2006-10-23 20:34:11','2006-10-23 20:34:11',NULL,'',1,1),(611,'AB00611','AB00611',NULL,NULL,'c1cc(N)c(Cl)cc1',0,'2006-10-23 20:34:11','2006-10-23 20:34:11',NULL,'',1,1),(612,'AB00612','AB00612',NULL,NULL,'c1cc(N)c(Cl)cc1',0,'2006-10-23 20:34:11','2006-10-23 20:34:11',NULL,'',1,1),(613,'AB00613','AB00613',NULL,NULL,'c1cc(N)c(Cl)cc1',0,'2006-10-23 20:34:11','2006-10-23 20:34:11',NULL,'',1,1),(614,'AB00614','AB00614',NULL,NULL,'c1cc(N)c(Cl)cc1',0,'2006-10-23 20:34:11','2006-10-23 20:34:11',NULL,'',1,1),(615,'AB00615','AB00615',NULL,NULL,'c1cc(N)c(Cl)cc1',0,'2006-10-23 20:34:11','2006-10-23 20:34:11',NULL,'',1,1),(616,'AB00616','AB00616',NULL,NULL,'c1cc(N)c(Cl)cc1',0,'2006-10-23 20:34:11','2006-10-23 20:34:11',NULL,'',1,1),(617,'AB00617','AB00617',NULL,NULL,'c1cc(N)c(Cl)cc1',0,'2006-10-23 20:34:11','2006-10-23 20:34:11',NULL,'',1,1),(618,'AB00618','AB00618',NULL,NULL,'c1cc(N)c(Cl)cc1',0,'2006-10-23 20:34:11','2006-10-23 20:34:11',NULL,'',1,1),(619,'AB00619','AB00619',NULL,NULL,'c1cc(N)c(Cl)cc1',0,'2006-10-23 20:34:11','2006-10-23 20:34:11',NULL,'',1,1),(620,'AB00620','AB00620',NULL,NULL,'c1cc(N)c(Cl)cc1',0,'2006-10-23 20:34:11','2006-10-23 20:34:11',NULL,'',1,1),(621,'AB00621','AB00621',NULL,NULL,'c1cc(N)c(Cl)cc1',0,'2006-10-23 20:34:11','2006-10-23 20:34:11',NULL,'',1,1),(622,'AB00622','AB00622',NULL,NULL,'c1cc(N)c(Cl)cc1',0,'2006-10-23 20:34:11','2006-10-23 20:34:11',NULL,'',1,1),(623,'AB00623','AB00623',NULL,NULL,'c1cc(N)c(Cl)cc1',0,'2006-10-23 20:34:11','2006-10-23 20:34:11',NULL,'',1,1),(624,'AB00624','AB00624',NULL,NULL,'c1cc(N)c(Cl)cc1',0,'2006-10-23 20:34:11','2006-10-23 20:34:11',NULL,'',1,1),(625,'AB00625','AB00625',NULL,NULL,'c1cc(N)c(Cl)cc1',0,'2006-10-23 20:34:11','2006-10-23 20:34:11',NULL,'',1,1),(626,'AB00626','AB00626',NULL,NULL,'c1cc(N)c(Cl)cc1',0,'2006-10-23 20:34:11','2006-10-23 20:34:11',NULL,'',1,1),(627,'AB00627','AB00627',NULL,NULL,'c1cc(N)c(Cl)cc1',0,'2006-10-23 20:34:12','2006-10-23 20:34:12',NULL,'',1,1),(628,'AB00628','AB00628',NULL,NULL,'c1cc(N)c(Cl)cc1',0,'2006-10-23 20:34:12','2006-10-23 20:34:12',NULL,'',1,1),(629,'AB00629','AB00629',NULL,NULL,'c1cc(N)c(Cl)cc1',0,'2006-10-23 20:34:12','2006-10-23 20:34:12',NULL,'',1,1),(630,'AB00630','AB00630',NULL,NULL,'c1cc(N)c(Cl)cc1',0,'2006-10-23 20:34:12','2006-10-23 20:34:12',NULL,'',1,1),(631,'AB00631','AB00631',NULL,NULL,'c1cc(N)c(Cl)cc1',0,'2006-10-23 20:34:12','2006-10-23 20:34:12',NULL,'',1,1),(632,'AB00632','AB00632',NULL,NULL,'c1cc(N)c(Cl)cc1',0,'2006-10-23 20:34:12','2006-10-23 20:34:12',NULL,'',1,1),(633,'AB00633','AB00633',NULL,NULL,'c1cc(N)c(Cl)cc1',0,'2006-10-23 20:34:12','2006-10-23 20:34:12',NULL,'',1,1),(634,'AB00634','AB00634',NULL,NULL,'c1cc(N)c(Cl)cc1',0,'2006-10-23 20:34:12','2006-10-23 20:34:12',NULL,'',1,1),(635,'AB00635','AB00635',NULL,NULL,'c1cc(N)c(Cl)cc1',0,'2006-10-23 20:34:12','2006-10-23 20:34:12',NULL,'',1,1),(636,'AB00636','AB00636',NULL,NULL,'c1cc(N)c(Cl)cc1',0,'2006-10-23 20:34:12','2006-10-23 20:34:12',NULL,'',1,1),(637,'AB00637','AB00637',NULL,NULL,'c1cc(N)c(Cl)cc1',0,'2006-10-23 20:34:12','2006-10-23 20:34:12',NULL,'',1,1),(638,'AB00638','AB00638',NULL,NULL,'c1cc(N)c(Cl)cc1',0,'2006-10-23 20:34:12','2006-10-23 20:34:12',NULL,'',1,1),(639,'AB00639','AB00639',NULL,NULL,'c1cc(N)c(Cl)cc1',0,'2006-10-23 20:34:12','2006-10-23 20:34:12',NULL,'',1,1),(640,'AB00640','AB00640',NULL,NULL,'c1cc(N)c(Cl)cc1',0,'2006-10-23 20:34:12','2006-10-23 20:34:12',NULL,'',1,1),(641,'AB00641','AB00641',NULL,NULL,'c1cc(N)c(Cl)cc1',0,'2006-10-23 20:34:12','2006-10-23 20:34:12',NULL,'',1,1),(642,'AB00642','AB00642',NULL,NULL,'c1cc(N)c(Cl)cc1',0,'2006-10-23 20:34:12','2006-10-23 20:34:12',NULL,'',1,1),(643,'AB00643','AB00643',NULL,NULL,'c1cc(N)c(Cl)cc1',0,'2006-10-23 20:34:12','2006-10-23 20:34:12',NULL,'',1,1),(644,'AB00644','AB00644',NULL,NULL,'c1cc(N)c(Cl)cc1',0,'2006-10-23 20:34:12','2006-10-23 20:34:12',NULL,'',1,1),(645,'AB00645','AB00645',NULL,NULL,'c1cc(N)c(Cl)cc1',0,'2006-10-23 20:34:12','2006-10-23 20:34:12',NULL,'',1,1),(646,'AB00646','AB00646',NULL,NULL,'c1cc(N)c(Cl)cc1',0,'2006-10-23 20:34:12','2006-10-23 20:34:12',NULL,'',1,1),(647,'AB00647','AB00647',NULL,NULL,'c1cc(N)c(Cl)cc1',0,'2006-10-23 20:34:12','2006-10-23 20:34:12',NULL,'',1,1),(648,'AB00648','AB00648',NULL,NULL,'c1cc(N)c(Cl)cc1',0,'2006-10-23 20:34:12','2006-10-23 20:34:12',NULL,'',1,1),(649,'AB00649','AB00649',NULL,NULL,'c1cc(N)c(Cl)cc1',0,'2006-10-23 20:34:12','2006-10-23 20:34:12',NULL,'',1,1),(650,'AB00650','AB00650',NULL,NULL,'c1cc(N)c(Cl)cc1',0,'2006-10-23 20:34:12','2006-10-23 20:34:12',NULL,'',1,1),(651,'AB00651','AB00651',NULL,NULL,'c1cc(N)c(Cl)cc1',0,'2006-10-23 20:34:12','2006-10-23 20:34:12',NULL,'',1,1),(652,'AB00652','AB00652',NULL,NULL,'c1cc(N)c(Cl)cc1',0,'2006-10-23 20:34:12','2006-10-23 20:34:12',NULL,'',1,1),(653,'AB00653','AB00653',NULL,NULL,'c1cc(N)c(Cl)cc1',0,'2006-10-23 20:34:12','2006-10-23 20:34:12',NULL,'',1,1),(654,'AB00654','AB00654',NULL,NULL,'c1cc(N)c(Cl)cc1',0,'2006-10-23 20:34:12','2006-10-23 20:34:12',NULL,'',1,1),(655,'AB00655','AB00655',NULL,NULL,'c1cc(N)c(Cl)cc1',0,'2006-10-23 20:34:12','2006-10-23 20:34:12',NULL,'',1,1),(656,'AB00656','AB00656',NULL,NULL,'c1cc(N)c(Cl)cc1',0,'2006-10-23 20:34:12','2006-10-23 20:34:12',NULL,'',1,1),(657,'AB00657','AB00657',NULL,NULL,'c1cc(N)c(Cl)cc1',0,'2006-10-23 20:34:12','2006-10-23 20:34:12',NULL,'',1,1),(658,'AB00658','AB00658',NULL,NULL,'c1cc(N)c(Cl)cc1',0,'2006-10-23 20:34:12','2006-10-23 20:34:12',NULL,'',1,1),(659,'AB00659','AB00659',NULL,NULL,'c1cc(N)c(Cl)cc1',0,'2006-10-23 20:34:12','2006-10-23 20:34:12',NULL,'',1,1),(660,'AB00660','AB00660',NULL,NULL,'c1cc(N)c(Cl)cc1',0,'2006-10-23 20:34:12','2006-10-23 20:34:12',NULL,'',1,1),(661,'AB00661','AB00661',NULL,NULL,'c1cc(N)c(Cl)cc1',0,'2006-10-23 20:34:12','2006-10-23 20:34:12',NULL,'',1,1),(662,'AB00662','AB00662',NULL,NULL,'c1cc(N)c(Cl)cc1',0,'2006-10-23 20:34:13','2006-10-23 20:34:13',NULL,'',1,1),(663,'AB00663','AB00663',NULL,NULL,'c1cc(N)c(Cl)cc1',0,'2006-10-23 20:34:13','2006-10-23 20:34:13',NULL,'',1,1),(664,'AB00664','AB00664',NULL,NULL,'c1cc(N)c(Cl)cc1',0,'2006-10-23 20:34:13','2006-10-23 20:34:13',NULL,'',1,1),(665,'AB00665','AB00665',NULL,NULL,'c1cc(N)c(Cl)cc1',0,'2006-10-23 20:34:13','2006-10-23 20:34:13',NULL,'',1,1),(666,'AB00666','AB00666',NULL,NULL,'c1cc(N)c(Cl)cc1',0,'2006-10-23 20:34:13','2006-10-23 20:34:13',NULL,'',1,1),(667,'AB00667','AB00667',NULL,NULL,'c1cc(N)c(Cl)cc1',0,'2006-10-23 20:34:13','2006-10-23 20:34:13',NULL,'',1,1),(668,'AB00668','AB00668',NULL,NULL,'c1cc(N)c(Cl)cc1',0,'2006-10-23 20:34:13','2006-10-23 20:34:13',NULL,'',1,1),(669,'AB00669','AB00669',NULL,NULL,'c1cc(N)c(Cl)cc1',0,'2006-10-23 20:34:13','2006-10-23 20:34:13',NULL,'',1,1),(670,'AB00670','AB00670',NULL,NULL,'c1cc(N)c(Cl)cc1',0,'2006-10-23 20:34:13','2006-10-23 20:34:13',NULL,'',1,1),(671,'AB00671','AB00671',NULL,NULL,'c1cc(N)c(Cl)cc1',0,'2006-10-23 20:34:13','2006-10-23 20:34:13',NULL,'',1,1),(672,'AB00672','AB00672',NULL,NULL,'c1cc(N)c(Cl)cc1',0,'2006-10-23 20:34:13','2006-10-23 20:34:13',NULL,'',1,1),(673,'AB00673','AB00673',NULL,NULL,'c1cc(N)c(Cl)cc1',0,'2006-10-23 20:34:13','2006-10-23 20:34:13',NULL,'',1,1),(674,'AB00674','AB00674',NULL,NULL,'c1cc(N)c(Cl)cc1',0,'2006-10-23 20:34:13','2006-10-23 20:34:13',NULL,'',1,1),(675,'AB00675','AB00675',NULL,NULL,'c1cc(N)c(Cl)cc1',0,'2006-10-23 20:34:13','2006-10-23 20:34:13',NULL,'',1,1),(676,'AB00676','AB00676',NULL,NULL,'c1cc(N)c(Cl)cc1',0,'2006-10-23 20:34:13','2006-10-23 20:34:13',NULL,'',1,1),(677,'AB00677','AB00677',NULL,NULL,'c1cc(N)c(Cl)cc1',0,'2006-10-23 20:34:13','2006-10-23 20:34:13',NULL,'',1,1),(678,'AB00678','AB00678',NULL,NULL,'c1cc(N)c(Cl)cc1',0,'2006-10-23 20:34:13','2006-10-23 20:34:13',NULL,'',1,1),(679,'AB00679','AB00679',NULL,NULL,'c1cc(N)c(Cl)cc1',0,'2006-10-23 20:34:13','2006-10-23 20:34:13',NULL,'',1,1),(680,'AB00680','AB00680',NULL,NULL,'c1cc(N)c(Cl)cc1',0,'2006-10-23 20:34:13','2006-10-23 20:34:13',NULL,'',1,1),(681,'AB00681','AB00681',NULL,NULL,'c1cc(N)c(Cl)cc1',0,'2006-10-23 20:34:13','2006-10-23 20:34:13',NULL,'',1,1),(682,'AB00682','AB00682',NULL,NULL,'c1cc(N)c(Cl)cc1',0,'2006-10-23 20:34:13','2006-10-23 20:34:13',NULL,'',1,1),(683,'AB00683','AB00683',NULL,NULL,'c1cc(N)c(Cl)cc1',0,'2006-10-23 20:34:13','2006-10-23 20:34:13',NULL,'',1,1),(684,'AB00684','AB00684',NULL,NULL,'c1cc(N)c(Cl)cc1',0,'2006-10-23 20:34:13','2006-10-23 20:34:13',NULL,'',1,1),(685,'AB00685','AB00685',NULL,NULL,'c1cc(N)c(Cl)cc1',0,'2006-10-23 20:34:13','2006-10-23 20:34:13',NULL,'',1,1),(686,'AB00686','AB00686',NULL,NULL,'c1cc(N)c(Cl)cc1',0,'2006-10-23 20:34:13','2006-10-23 20:34:13',NULL,'',1,1),(687,'AB00687','AB00687',NULL,NULL,'c1cc(N)c(Cl)cc1',0,'2006-10-23 20:34:13','2006-10-23 20:34:13',NULL,'',1,1),(688,'AB00688','AB00688',NULL,NULL,'c1cc(N)c(Cl)cc1',0,'2006-10-23 20:34:13','2006-10-23 20:34:13',NULL,'',1,1),(689,'AB00689','AB00689',NULL,NULL,'c1cc(N)c(Cl)cc1',0,'2006-10-23 20:34:13','2006-10-23 20:34:13',NULL,'',1,1),(690,'AB00690','AB00690',NULL,NULL,'c1cc(N)c(Cl)cc1',0,'2006-10-23 20:34:13','2006-10-23 20:34:13',NULL,'',1,1),(691,'AB00691','AB00691',NULL,NULL,'c1cc(N)c(Cl)cc1',0,'2006-10-23 20:34:14','2006-10-23 20:34:14',NULL,'',1,1),(692,'AB00692','AB00692',NULL,NULL,'c1cc(N)c(Cl)cc1',0,'2006-10-23 20:34:14','2006-10-23 20:34:14',NULL,'',1,1),(693,'AB00693','AB00693',NULL,NULL,'c1cc(N)c(Cl)cc1',0,'2006-10-23 20:34:14','2006-10-23 20:34:14',NULL,'',1,1),(694,'AB00694','AB00694',NULL,NULL,'c1cc(N)c(Cl)cc1',0,'2006-10-23 20:34:14','2006-10-23 20:34:14',NULL,'',1,1),(695,'AB00695','AB00695',NULL,NULL,'c1cc(N)c(Cl)cc1',0,'2006-10-23 20:34:14','2006-10-23 20:34:14',NULL,'',1,1),(696,'AB00696','AB00696',NULL,NULL,'c1cc(N)c(Cl)cc1',0,'2006-10-23 20:34:14','2006-10-23 20:34:14',NULL,'',1,1),(697,'AB00697','AB00697',NULL,NULL,'c1cc(N)c(Cl)cc1',0,'2006-10-23 20:34:14','2006-10-23 20:34:14',NULL,'',1,1),(698,'AB00698','AB00698',NULL,NULL,'c1cc(N)c(Cl)cc1',0,'2006-10-23 20:34:14','2006-10-23 20:34:14',NULL,'',1,1),(699,'AB00699','AB00699',NULL,NULL,'c1cc(N)c(Cl)cc1',0,'2006-10-23 20:34:14','2006-10-23 20:34:14',NULL,'',1,1),(700,'AB00700','AB00700',NULL,NULL,'c1cc(N)c(Cl)cc1',0,'2006-10-23 20:34:14','2006-10-23 20:34:14',NULL,'',1,1),(701,'AB00701','AB00701',NULL,NULL,'c1cc(N)c(Cl)cc1',0,'2006-10-23 20:34:14','2006-10-23 20:34:14',NULL,'',1,1),(702,'AB00702','AB00702',NULL,NULL,'c1cc(N)c(Cl)cc1',0,'2006-10-23 20:34:14','2006-10-23 20:34:14',NULL,'',1,1),(703,'AB00703','AB00703',NULL,NULL,'c1cc(N)c(Cl)cc1',0,'2006-10-23 20:34:14','2006-10-23 20:34:14',NULL,'',1,1),(704,'AB00704','AB00704',NULL,NULL,'c1cc(N)c(Cl)cc1',0,'2006-10-23 20:34:14','2006-10-23 20:34:14',NULL,'',1,1),(705,'AB00705','AB00705',NULL,NULL,'c1cc(N)c(Cl)cc1',0,'2006-10-23 20:34:14','2006-10-23 20:34:14',NULL,'',1,1),(706,'AB00706','AB00706',NULL,NULL,'c1cc(N)c(Cl)cc1',0,'2006-10-23 20:34:14','2006-10-23 20:34:14',NULL,'',1,1),(707,'AB00707','AB00707',NULL,NULL,'c1cc(N)c(Cl)cc1',0,'2006-10-23 20:34:14','2006-10-23 20:34:14',NULL,'',1,1),(708,'AB00708','AB00708',NULL,NULL,'c1cc(N)c(Cl)cc1',0,'2006-10-23 20:34:14','2006-10-23 20:34:14',NULL,'',1,1),(709,'AB00709','AB00709',NULL,NULL,'c1cc(N)c(Cl)cc1',0,'2006-10-23 20:34:14','2006-10-23 20:34:14',NULL,'',1,1),(710,'AB00710','AB00710',NULL,NULL,'c1cc(N)c(Cl)cc1',0,'2006-10-23 20:34:14','2006-10-23 20:34:14',NULL,'',1,1),(711,'AB00711','AB00711',NULL,NULL,'c1cc(N)c(Cl)cc1',0,'2006-10-23 20:34:14','2006-10-23 20:34:14',NULL,'',1,1),(712,'AB00712','AB00712',NULL,NULL,'c1cc(N)c(Cl)cc1',0,'2006-10-23 20:34:14','2006-10-23 20:34:14',NULL,'',1,1),(713,'AB00713','AB00713',NULL,NULL,'c1cc(N)c(Cl)cc1',0,'2006-10-23 20:34:14','2006-10-23 20:34:14',NULL,'',1,1),(714,'AB00714','AB00714',NULL,NULL,'c1cc(N)c(Cl)cc1',0,'2006-10-23 20:34:14','2006-10-23 20:34:14',NULL,'',1,1),(715,'AB00715','AB00715',NULL,NULL,'c1cc(N)c(Cl)cc1',0,'2006-10-23 20:34:14','2006-10-23 20:34:14',NULL,'',1,1),(716,'AB00716','AB00716',NULL,NULL,'c1cc(N)c(Cl)cc1',0,'2006-10-23 20:34:14','2006-10-23 20:34:14',NULL,'',1,1),(717,'AB00717','AB00717',NULL,NULL,'c1cc(N)c(Cl)cc1',0,'2006-10-23 20:34:14','2006-10-23 20:34:14',NULL,'',1,1),(718,'AB00718','AB00718',NULL,NULL,'c1cc(N)c(Cl)cc1',0,'2006-10-23 20:34:15','2006-10-23 20:34:15',NULL,'',1,1),(719,'AB00719','AB00719',NULL,NULL,'c1cc(N)c(Cl)cc1',0,'2006-10-23 20:34:15','2006-10-23 20:34:15',NULL,'',1,1),(720,'AB00720','AB00720',NULL,NULL,'c1cc(N)c(Cl)cc1',0,'2006-10-23 20:34:15','2006-10-23 20:34:15',NULL,'',1,1),(721,'AB00721','AB00721',NULL,NULL,'c1cc(N)c(Cl)cc1',0,'2006-10-23 20:34:15','2006-10-23 20:34:15',NULL,'',1,1),(722,'AB00722','AB00722',NULL,NULL,'c1cc(N)c(Cl)cc1',0,'2006-10-23 20:34:15','2006-10-23 20:34:15',NULL,'',1,1),(723,'AB00723','AB00723',NULL,NULL,'c1cc(N)c(Cl)cc1',0,'2006-10-23 20:34:15','2006-10-23 20:34:15',NULL,'',1,1),(724,'AB00724','AB00724',NULL,NULL,'c1cc(N)c(Cl)cc1',0,'2006-10-23 20:34:15','2006-10-23 20:34:15',NULL,'',1,1),(725,'AB00725','AB00725',NULL,NULL,'c1cc(N)c(Cl)cc1',0,'2006-10-23 20:34:15','2006-10-23 20:34:15',NULL,'',1,1),(726,'AB00726','AB00726',NULL,NULL,'c1cc(N)c(Cl)cc1',0,'2006-10-23 20:34:15','2006-10-23 20:34:15',NULL,'',1,1),(727,'AB00727','AB00727',NULL,NULL,'c1cc(N)c(Cl)cc1',0,'2006-10-23 20:34:15','2006-10-23 20:34:15',NULL,'',1,1),(728,'AB00728','AB00728',NULL,NULL,'c1cc(N)c(Cl)cc1',0,'2006-10-23 20:34:15','2006-10-23 20:34:15',NULL,'',1,1),(729,'AB00729','AB00729',NULL,NULL,'c1cc(N)c(Cl)cc1',0,'2006-10-23 20:34:15','2006-10-23 20:34:15',NULL,'',1,1),(730,'AB00730','AB00730',NULL,NULL,'c1cc(N)c(Cl)cc1',0,'2006-10-23 20:34:15','2006-10-23 20:34:15',NULL,'',1,1),(731,'AB00731','AB00731',NULL,NULL,'c1cc(N)c(Cl)cc1',0,'2006-10-23 20:34:15','2006-10-23 20:34:15',NULL,'',1,1),(732,'AB00732','AB00732',NULL,NULL,'c1cc(N)c(Cl)cc1',0,'2006-10-23 20:34:15','2006-10-23 20:34:15',NULL,'',1,1),(733,'AB00733','AB00733',NULL,NULL,'c1cc(N)c(Cl)cc1',0,'2006-10-23 20:34:15','2006-10-23 20:34:15',NULL,'',1,1),(734,'AB00734','AB00734',NULL,NULL,'c1cc(N)c(Cl)cc1',0,'2006-10-23 20:34:15','2006-10-23 20:34:15',NULL,'',1,1),(735,'AB00735','AB00735',NULL,NULL,'c1cc(N)c(Cl)cc1',0,'2006-10-23 20:34:15','2006-10-23 20:34:15',NULL,'',1,1),(736,'AB00736','AB00736',NULL,NULL,'c1cc(N)c(Cl)cc1',0,'2006-10-23 20:34:15','2006-10-23 20:34:15',NULL,'',1,1),(737,'AB00737','AB00737',NULL,NULL,'c1cc(N)c(Cl)cc1',0,'2006-10-23 20:34:15','2006-10-23 20:34:15',NULL,'',1,1),(738,'AB00738','AB00738',NULL,NULL,'c1cc(N)c(Cl)cc1',0,'2006-10-23 20:34:15','2006-10-23 20:34:15',NULL,'',1,1),(739,'AB00739','AB00739',NULL,NULL,'c1cc(N)c(Cl)cc1',0,'2006-10-23 20:34:15','2006-10-23 20:34:15',NULL,'',1,1),(740,'AB00740','AB00740',NULL,NULL,'c1cc(N)c(Cl)cc1',0,'2006-10-23 20:34:15','2006-10-23 20:34:15',NULL,'',1,1),(741,'AB00741','AB00741',NULL,NULL,'c1cc(N)c(Cl)cc1',0,'2006-10-23 20:34:15','2006-10-23 20:34:15',NULL,'',1,1),(742,'AB00742','AB00742',NULL,NULL,'c1cc(N)c(Cl)cc1',0,'2006-10-23 20:34:15','2006-10-23 20:34:15',NULL,'',1,1),(743,'AB00743','AB00743',NULL,NULL,'c1cc(N)c(Cl)cc1',0,'2006-10-23 20:34:15','2006-10-23 20:34:15',NULL,'',1,1),(744,'AB00744','AB00744',NULL,NULL,'c1cc(N)c(Cl)cc1',0,'2006-10-23 20:34:15','2006-10-23 20:34:15',NULL,'',1,1),(745,'AB00745','AB00745',NULL,NULL,'c1cc(N)c(Cl)cc1',0,'2006-10-23 20:34:15','2006-10-23 20:34:15',NULL,'',1,1),(746,'AB00746','AB00746',NULL,NULL,'c1cc(N)c(Cl)cc1',0,'2006-10-23 20:34:15','2006-10-23 20:34:15',NULL,'',1,1),(747,'AB00747','AB00747',NULL,NULL,'c1cc(N)c(Cl)cc1',0,'2006-10-23 20:34:16','2006-10-23 20:34:16',NULL,'',1,1),(748,'AB00748','AB00748',NULL,NULL,'c1cc(N)c(Cl)cc1',0,'2006-10-23 20:34:16','2006-10-23 20:34:16',NULL,'',1,1),(749,'AB00749','AB00749',NULL,NULL,'c1cc(N)c(Cl)cc1',0,'2006-10-23 20:34:16','2006-10-23 20:34:16',NULL,'',1,1),(750,'AB00750','AB00750',NULL,NULL,'c1cc(N)c(Cl)cc1',0,'2006-10-23 20:34:16','2006-10-23 20:34:16',NULL,'',1,1),(751,'AB00751','AB00751',NULL,NULL,'c1cc(N)c(Cl)cc1',0,'2006-10-23 20:34:16','2006-10-23 20:34:16',NULL,'',1,1),(752,'AB00752','AB00752',NULL,NULL,'c1cc(N)c(Cl)cc1',0,'2006-10-23 20:34:16','2006-10-23 20:34:16',NULL,'',1,1),(753,'AB00753','AB00753',NULL,NULL,'c1cc(N)c(Cl)cc1',0,'2006-10-23 20:34:16','2006-10-23 20:34:16',NULL,'',1,1),(754,'AB00754','AB00754',NULL,NULL,'c1cc(N)c(Cl)cc1',0,'2006-10-23 20:34:16','2006-10-23 20:34:16',NULL,'',1,1),(755,'AB00755','AB00755',NULL,NULL,'c1cc(N)c(Cl)cc1',0,'2006-10-23 20:34:16','2006-10-23 20:34:16',NULL,'',1,1),(756,'AB00756','AB00756',NULL,NULL,'c1cc(N)c(Cl)cc1',0,'2006-10-23 20:34:16','2006-10-23 20:34:16',NULL,'',1,1),(757,'AB00757','AB00757',NULL,NULL,'c1cc(N)c(Cl)cc1',0,'2006-10-23 20:34:16','2006-10-23 20:34:16',NULL,'',1,1),(758,'AB00758','AB00758',NULL,NULL,'c1cc(N)c(Cl)cc1',0,'2006-10-23 20:34:16','2006-10-23 20:34:16',NULL,'',1,1),(759,'AB00759','AB00759',NULL,NULL,'c1cc(N)c(Cl)cc1',0,'2006-10-23 20:34:16','2006-10-23 20:34:16',NULL,'',1,1),(760,'AB00760','AB00760',NULL,NULL,'c1cc(N)c(Cl)cc1',0,'2006-10-23 20:34:16','2006-10-23 20:34:16',NULL,'',1,1),(761,'AB00761','AB00761',NULL,NULL,'c1cc(N)c(Cl)cc1',0,'2006-10-23 20:34:16','2006-10-23 20:34:16',NULL,'',1,1),(762,'AB00762','AB00762',NULL,NULL,'c1cc(N)c(Cl)cc1',0,'2006-10-23 20:34:16','2006-10-23 20:34:16',NULL,'',1,1),(763,'AB00763','AB00763',NULL,NULL,'c1cc(N)c(Cl)cc1',0,'2006-10-23 20:34:16','2006-10-23 20:34:16',NULL,'',1,1),(764,'AB00764','AB00764',NULL,NULL,'c1cc(N)c(Cl)cc1',0,'2006-10-23 20:34:16','2006-10-23 20:34:16',NULL,'',1,1),(765,'AB00765','AB00765',NULL,NULL,'c1cc(N)c(Cl)cc1',0,'2006-10-23 20:34:16','2006-10-23 20:34:16',NULL,'',1,1),(766,'AB00766','AB00766',NULL,NULL,'c1cc(N)c(Cl)cc1',0,'2006-10-23 20:34:16','2006-10-23 20:34:16',NULL,'',1,1),(767,'AB00767','AB00767',NULL,NULL,'c1cc(N)c(Cl)cc1',0,'2006-10-23 20:34:16','2006-10-23 20:34:16',NULL,'',1,1),(768,'AB00768','AB00768',NULL,NULL,'c1cc(N)c(Cl)cc1',0,'2006-10-23 20:34:16','2006-10-23 20:34:16',NULL,'',1,1),(769,'AB00769','AB00769',NULL,NULL,'c1cc(N)c(Cl)cc1',0,'2006-10-23 20:34:16','2006-10-23 20:34:16',NULL,'',1,1),(770,'AB00770','AB00770',NULL,NULL,'c1cc(N)c(Cl)cc1',0,'2006-10-23 20:34:16','2006-10-23 20:34:16',NULL,'',1,1),(771,'AB00771','AB00771',NULL,NULL,'c1cc(N)c(Cl)cc1',0,'2006-10-23 20:34:16','2006-10-23 20:34:16',NULL,'',1,1),(772,'AB00772','AB00772',NULL,NULL,'c1cc(N)c(Cl)cc1',0,'2006-10-23 20:34:16','2006-10-23 20:34:16',NULL,'',1,1),(773,'AB00773','AB00773',NULL,NULL,'c1cc(N)c(Cl)cc1',0,'2006-10-23 20:34:16','2006-10-23 20:34:16',NULL,'',1,1),(774,'AB00774','AB00774',NULL,NULL,'c1cc(N)c(Cl)cc1',0,'2006-10-23 20:34:16','2006-10-23 20:34:16',NULL,'',1,1),(775,'AB00775','AB00775',NULL,NULL,'c1cc(N)c(Cl)cc1',0,'2006-10-23 20:34:17','2006-10-23 20:34:17',NULL,'',1,1),(776,'AB00776','AB00776',NULL,NULL,'c1cc(N)c(Cl)cc1',0,'2006-10-23 20:34:17','2006-10-23 20:34:17',NULL,'',1,1),(777,'AB00777','AB00777',NULL,NULL,'c1cc(N)c(Cl)cc1',0,'2006-10-23 20:34:17','2006-10-23 20:34:17',NULL,'',1,1),(778,'AB00778','AB00778',NULL,NULL,'c1cc(N)c(Cl)cc1',0,'2006-10-23 20:34:17','2006-10-23 20:34:17',NULL,'',1,1),(779,'AB00779','AB00779',NULL,NULL,'c1cc(N)c(Cl)cc1',0,'2006-10-23 20:34:17','2006-10-23 20:34:17',NULL,'',1,1),(780,'AB00780','AB00780',NULL,NULL,'c1cc(N)c(Cl)cc1',0,'2006-10-23 20:34:17','2006-10-23 20:34:17',NULL,'',1,1),(781,'AB00781','AB00781',NULL,NULL,'c1cc(N)c(Cl)cc1',0,'2006-10-23 20:34:17','2006-10-23 20:34:17',NULL,'',1,1),(782,'AB00782','AB00782',NULL,NULL,'c1cc(N)c(Cl)cc1',0,'2006-10-23 20:34:17','2006-10-23 20:34:17',NULL,'',1,1),(783,'AB00783','AB00783',NULL,NULL,'c1cc(N)c(Cl)cc1',0,'2006-10-23 20:34:17','2006-10-23 20:34:17',NULL,'',1,1),(784,'AB00784','AB00784',NULL,NULL,'c1cc(N)c(Cl)cc1',0,'2006-10-23 20:34:17','2006-10-23 20:34:17',NULL,'',1,1),(785,'AB00785','AB00785',NULL,NULL,'c1cc(N)c(Cl)cc1',0,'2006-10-23 20:34:17','2006-10-23 20:34:17',NULL,'',1,1),(786,'AB00786','AB00786',NULL,NULL,'c1cc(N)c(Cl)cc1',0,'2006-10-23 20:34:17','2006-10-23 20:34:17',NULL,'',1,1),(787,'AB00787','AB00787',NULL,NULL,'c1cc(N)c(Cl)cc1',0,'2006-10-23 20:34:17','2006-10-23 20:34:17',NULL,'',1,1),(788,'AB00788','AB00788',NULL,NULL,'c1cc(N)c(Cl)cc1',0,'2006-10-23 20:34:17','2006-10-23 20:34:17',NULL,'',1,1),(789,'AB00789','AB00789',NULL,NULL,'c1cc(N)c(Cl)cc1',0,'2006-10-23 20:34:17','2006-10-23 20:34:17',NULL,'',1,1),(790,'AB00790','AB00790',NULL,NULL,'c1cc(N)c(Cl)cc1',0,'2006-10-23 20:34:17','2006-10-23 20:34:17',NULL,'',1,1),(791,'AB00791','AB00791',NULL,NULL,'c1cc(N)c(Cl)cc1',0,'2006-10-23 20:34:17','2006-10-23 20:34:17',NULL,'',1,1),(792,'AB00792','AB00792',NULL,NULL,'c1cc(N)c(Cl)cc1',0,'2006-10-23 20:34:17','2006-10-23 20:34:17',NULL,'',1,1),(793,'AB00793','AB00793',NULL,NULL,'c1cc(N)c(Cl)cc1',0,'2006-10-23 20:34:17','2006-10-23 20:34:17',NULL,'',1,1),(794,'AB00794','AB00794',NULL,NULL,'c1cc(N)c(Cl)cc1',0,'2006-10-23 20:34:17','2006-10-23 20:34:17',NULL,'',1,1),(795,'AB00795','AB00795',NULL,NULL,'c1cc(N)c(Cl)cc1',0,'2006-10-23 20:34:17','2006-10-23 20:34:17',NULL,'',1,1),(796,'AB00796','AB00796',NULL,NULL,'c1cc(N)c(Cl)cc1',0,'2006-10-23 20:34:17','2006-10-23 20:34:17',NULL,'',1,1),(797,'AB00797','AB00797',NULL,NULL,'c1cc(N)c(Cl)cc1',0,'2006-10-23 20:34:17','2006-10-23 20:34:17',NULL,'',1,1),(798,'AB00798','AB00798',NULL,NULL,'c1cc(N)c(Cl)cc1',0,'2006-10-23 20:34:17','2006-10-23 20:34:17',NULL,'',1,1),(799,'AB00799','AB00799',NULL,NULL,'c1cc(N)c(Cl)cc1',0,'2006-10-23 20:34:17','2006-10-23 20:34:17',NULL,'',1,1),(800,'AB00800','AB00800',NULL,NULL,'c1cc(N)c(Cl)cc1',0,'2006-10-23 20:34:17','2006-10-23 20:34:17',NULL,'',1,1),(801,'AB00801','AB00801',NULL,NULL,'c1cc(N)c(Cl)cc1',0,'2006-10-23 20:34:17','2006-10-23 20:34:17',NULL,'',1,1),(802,'AB00802','AB00802',NULL,NULL,'c1cc(N)c(Cl)cc1',0,'2006-10-23 20:34:17','2006-10-23 20:34:17',NULL,'',1,1),(803,'AB00803','AB00803',NULL,NULL,'c1cc(N)c(Cl)cc1',0,'2006-10-23 20:34:17','2006-10-23 20:34:17',NULL,'',1,1),(804,'AB00804','AB00804',NULL,NULL,'c1cc(N)c(Cl)cc1',0,'2006-10-23 20:34:17','2006-10-23 20:34:17',NULL,'',1,1),(805,'AB00805','AB00805',NULL,NULL,'c1cc(N)c(Cl)cc1',0,'2006-10-23 20:34:18','2006-10-23 20:34:18',NULL,'',1,1),(806,'AB00806','AB00806',NULL,NULL,'c1cc(N)c(Cl)cc1',0,'2006-10-23 20:34:18','2006-10-23 20:34:18',NULL,'',1,1),(807,'AB00807','AB00807',NULL,NULL,'c1cc(N)c(Cl)cc1',0,'2006-10-23 20:34:18','2006-10-23 20:34:18',NULL,'',1,1),(808,'AB00808','AB00808',NULL,NULL,'c1cc(N)c(Cl)cc1',0,'2006-10-23 20:34:18','2006-10-23 20:34:18',NULL,'',1,1),(809,'AB00809','AB00809',NULL,NULL,'c1cc(N)c(Cl)cc1',0,'2006-10-23 20:34:18','2006-10-23 20:34:18',NULL,'',1,1),(810,'AB00810','AB00810',NULL,NULL,'c1cc(N)c(Cl)cc1',0,'2006-10-23 20:34:18','2006-10-23 20:34:18',NULL,'',1,1),(811,'AB00811','AB00811',NULL,NULL,'c1cc(N)c(Cl)cc1',0,'2006-10-23 20:34:18','2006-10-23 20:34:18',NULL,'',1,1),(812,'AB00812','AB00812',NULL,NULL,'c1cc(N)c(Cl)cc1',0,'2006-10-23 20:34:18','2006-10-23 20:34:18',NULL,'',1,1),(813,'AB00813','AB00813',NULL,NULL,'c1cc(N)c(Cl)cc1',0,'2006-10-23 20:34:18','2006-10-23 20:34:18',NULL,'',1,1),(814,'AB00814','AB00814',NULL,NULL,'c1cc(N)c(Cl)cc1',0,'2006-10-23 20:34:18','2006-10-23 20:34:18',NULL,'',1,1),(815,'AB00815','AB00815',NULL,NULL,'c1cc(N)c(Cl)cc1',0,'2006-10-23 20:34:18','2006-10-23 20:34:18',NULL,'',1,1),(816,'AB00816','AB00816',NULL,NULL,'c1cc(N)c(Cl)cc1',0,'2006-10-23 20:34:18','2006-10-23 20:34:18',NULL,'',1,1),(817,'AB00817','AB00817',NULL,NULL,'c1cc(N)c(Cl)cc1',0,'2006-10-23 20:34:18','2006-10-23 20:34:18',NULL,'',1,1),(818,'AB00818','AB00818',NULL,NULL,'c1cc(N)c(Cl)cc1',0,'2006-10-23 20:34:18','2006-10-23 20:34:18',NULL,'',1,1),(819,'AB00819','AB00819',NULL,NULL,'c1cc(N)c(Cl)cc1',0,'2006-10-23 20:34:18','2006-10-23 20:34:18',NULL,'',1,1),(820,'AB00820','AB00820',NULL,NULL,'c1cc(N)c(Cl)cc1',0,'2006-10-23 20:34:18','2006-10-23 20:34:18',NULL,'',1,1),(821,'AB00821','AB00821',NULL,NULL,'c1cc(N)c(Cl)cc1',0,'2006-10-23 20:34:18','2006-10-23 20:34:18',NULL,'',1,1),(822,'AB00822','AB00822',NULL,NULL,'c1cc(N)c(Cl)cc1',0,'2006-10-23 20:34:18','2006-10-23 20:34:18',NULL,'',1,1),(823,'AB00823','AB00823',NULL,NULL,'c1cc(N)c(Cl)cc1',0,'2006-10-23 20:34:18','2006-10-23 20:34:18',NULL,'',1,1),(824,'AB00824','AB00824',NULL,NULL,'c1cc(N)c(Cl)cc1',0,'2006-10-23 20:34:18','2006-10-23 20:34:18',NULL,'',1,1),(825,'AB00825','AB00825',NULL,NULL,'c1cc(N)c(Cl)cc1',0,'2006-10-23 20:34:18','2006-10-23 20:34:18',NULL,'',1,1),(826,'AB00826','AB00826',NULL,NULL,'c1cc(N)c(Cl)cc1',0,'2006-10-23 20:34:18','2006-10-23 20:34:18',NULL,'',1,1),(827,'AB00827','AB00827',NULL,NULL,'c1cc(N)c(Cl)cc1',0,'2006-10-23 20:34:18','2006-10-23 20:34:18',NULL,'',1,1),(828,'AB00828','AB00828',NULL,NULL,'c1cc(N)c(Cl)cc1',0,'2006-10-23 20:34:18','2006-10-23 20:34:18',NULL,'',1,1),(829,'AB00829','AB00829',NULL,NULL,'c1cc(N)c(Cl)cc1',0,'2006-10-23 20:34:18','2006-10-23 20:34:18',NULL,'',1,1),(830,'AB00830','AB00830',NULL,NULL,'c1cc(N)c(Cl)cc1',0,'2006-10-23 20:34:18','2006-10-23 20:34:18',NULL,'',1,1),(831,'AB00831','AB00831',NULL,NULL,'c1cc(N)c(Cl)cc1',0,'2006-10-23 20:34:18','2006-10-23 20:34:18',NULL,'',1,1),(832,'AB00832','AB00832',NULL,NULL,'c1cc(N)c(Cl)cc1',0,'2006-10-23 20:34:18','2006-10-23 20:34:18',NULL,'',1,1),(833,'AB00833','AB00833',NULL,NULL,'c1cc(N)c(Cl)cc1',0,'2006-10-23 20:34:19','2006-10-23 20:34:19',NULL,'',1,1),(834,'AB00834','AB00834',NULL,NULL,'c1cc(N)c(Cl)cc1',0,'2006-10-23 20:34:19','2006-10-23 20:34:19',NULL,'',1,1),(835,'AB00835','AB00835',NULL,NULL,'c1cc(N)c(Cl)cc1',0,'2006-10-23 20:34:19','2006-10-23 20:34:19',NULL,'',1,1),(836,'AB00836','AB00836',NULL,NULL,'c1cc(N)c(Cl)cc1',0,'2006-10-23 20:34:19','2006-10-23 20:34:19',NULL,'',1,1),(837,'AB00837','AB00837',NULL,NULL,'c1cc(N)c(Cl)cc1',0,'2006-10-23 20:34:19','2006-10-23 20:34:19',NULL,'',1,1),(838,'AB00838','AB00838',NULL,NULL,'c1cc(N)c(Cl)cc1',0,'2006-10-23 20:34:19','2006-10-23 20:34:19',NULL,'',1,1),(839,'AB00839','AB00839',NULL,NULL,'c1cc(N)c(Cl)cc1',0,'2006-10-23 20:34:19','2006-10-23 20:34:19',NULL,'',1,1),(840,'AB00840','AB00840',NULL,NULL,'c1cc(N)c(Cl)cc1',0,'2006-10-23 20:34:19','2006-10-23 20:34:19',NULL,'',1,1),(841,'AB00841','AB00841',NULL,NULL,'c1cc(N)c(Cl)cc1',0,'2006-10-23 20:34:19','2006-10-23 20:34:19',NULL,'',1,1),(842,'AB00842','AB00842',NULL,NULL,'c1cc(N)c(Cl)cc1',0,'2006-10-23 20:34:19','2006-10-23 20:34:19',NULL,'',1,1),(843,'AB00843','AB00843',NULL,NULL,'c1cc(N)c(Cl)cc1',0,'2006-10-23 20:34:19','2006-10-23 20:34:19',NULL,'',1,1),(844,'AB00844','AB00844',NULL,NULL,'c1cc(N)c(Cl)cc1',0,'2006-10-23 20:34:19','2006-10-23 20:34:19',NULL,'',1,1),(845,'AB00845','AB00845',NULL,NULL,'c1cc(N)c(Cl)cc1',0,'2006-10-23 20:34:19','2006-10-23 20:34:19',NULL,'',1,1),(846,'AB00846','AB00846',NULL,NULL,'c1cc(N)c(Cl)cc1',0,'2006-10-23 20:34:19','2006-10-23 20:34:19',NULL,'',1,1),(847,'AB00847','AB00847',NULL,NULL,'c1cc(N)c(Cl)cc1',0,'2006-10-23 20:34:19','2006-10-23 20:34:19',NULL,'',1,1),(848,'AB00848','AB00848',NULL,NULL,'c1cc(N)c(Cl)cc1',0,'2006-10-23 20:34:19','2006-10-23 20:34:19',NULL,'',1,1),(849,'AB00849','AB00849',NULL,NULL,'c1cc(N)c(Cl)cc1',0,'2006-10-23 20:34:19','2006-10-23 20:34:19',NULL,'',1,1),(850,'AB00850','AB00850',NULL,NULL,'c1cc(N)c(Cl)cc1',0,'2006-10-23 20:34:19','2006-10-23 20:34:19',NULL,'',1,1),(851,'AB00851','AB00851',NULL,NULL,'c1cc(N)c(Cl)cc1',0,'2006-10-23 20:34:19','2006-10-23 20:34:19',NULL,'',1,1),(852,'AB00852','AB00852',NULL,NULL,'c1cc(N)c(Cl)cc1',0,'2006-10-23 20:34:19','2006-10-23 20:34:19',NULL,'',1,1),(853,'AB00853','AB00853',NULL,NULL,'c1cc(N)c(Cl)cc1',0,'2006-10-23 20:34:19','2006-10-23 20:34:19',NULL,'',1,1),(854,'AB00854','AB00854',NULL,NULL,'c1cc(N)c(Cl)cc1',0,'2006-10-23 20:34:19','2006-10-23 20:34:19',NULL,'',1,1),(855,'AB00855','AB00855',NULL,NULL,'c1cc(N)c(Cl)cc1',0,'2006-10-23 20:34:19','2006-10-23 20:34:19',NULL,'',1,1),(856,'AB00856','AB00856',NULL,NULL,'c1cc(N)c(Cl)cc1',0,'2006-10-23 20:34:19','2006-10-23 20:34:19',NULL,'',1,1),(857,'AB00857','AB00857',NULL,NULL,'c1cc(N)c(Cl)cc1',0,'2006-10-23 20:34:19','2006-10-23 20:34:19',NULL,'',1,1),(858,'AB00858','AB00858',NULL,NULL,'c1cc(N)c(Cl)cc1',0,'2006-10-23 20:34:19','2006-10-23 20:34:19',NULL,'',1,1),(859,'AB00859','AB00859',NULL,NULL,'c1cc(N)c(Cl)cc1',0,'2006-10-23 20:34:19','2006-10-23 20:34:19',NULL,'',1,1),(860,'AB00860','AB00860',NULL,NULL,'c1cc(N)c(Cl)cc1',0,'2006-10-23 20:34:19','2006-10-23 20:34:19',NULL,'',1,1),(861,'AB00861','AB00861',NULL,NULL,'c1cc(N)c(Cl)cc1',0,'2006-10-23 20:34:19','2006-10-23 20:34:19',NULL,'',1,1),(862,'AB00862','AB00862',NULL,NULL,'c1cc(N)c(Cl)cc1',0,'2006-10-23 20:34:19','2006-10-23 20:34:19',NULL,'',1,1),(863,'AB00863','AB00863',NULL,NULL,'c1cc(N)c(Cl)cc1',0,'2006-10-23 20:34:20','2006-10-23 20:34:20',NULL,'',1,1),(864,'AB00864','AB00864',NULL,NULL,'c1cc(N)c(Cl)cc1',0,'2006-10-23 20:34:20','2006-10-23 20:34:20',NULL,'',1,1),(865,'AB00865','AB00865',NULL,NULL,'c1cc(N)c(Cl)cc1',0,'2006-10-23 20:34:20','2006-10-23 20:34:20',NULL,'',1,1),(866,'AB00866','AB00866',NULL,NULL,'c1cc(N)c(Cl)cc1',0,'2006-10-23 20:34:20','2006-10-23 20:34:20',NULL,'',1,1),(867,'AB00867','AB00867',NULL,NULL,'c1cc(N)c(Cl)cc1',0,'2006-10-23 20:34:20','2006-10-23 20:34:20',NULL,'',1,1),(868,'AB00868','AB00868',NULL,NULL,'c1cc(N)c(Cl)cc1',0,'2006-10-23 20:34:20','2006-10-23 20:34:20',NULL,'',1,1),(869,'AB00869','AB00869',NULL,NULL,'c1cc(N)c(Cl)cc1',0,'2006-10-23 20:34:20','2006-10-23 20:34:20',NULL,'',1,1),(870,'AB00870','AB00870',NULL,NULL,'c1cc(N)c(Cl)cc1',0,'2006-10-23 20:34:20','2006-10-23 20:34:20',NULL,'',1,1),(871,'AB00871','AB00871',NULL,NULL,'c1cc(N)c(Cl)cc1',0,'2006-10-23 20:34:20','2006-10-23 20:34:20',NULL,'',1,1),(872,'AB00872','AB00872',NULL,NULL,'c1cc(N)c(Cl)cc1',0,'2006-10-23 20:34:20','2006-10-23 20:34:20',NULL,'',1,1),(873,'AB00873','AB00873',NULL,NULL,'c1cc(N)c(Cl)cc1',0,'2006-10-23 20:34:20','2006-10-23 20:34:20',NULL,'',1,1),(874,'AB00874','AB00874',NULL,NULL,'c1cc(N)c(Cl)cc1',0,'2006-10-23 20:34:20','2006-10-23 20:34:20',NULL,'',1,1),(875,'AB00875','AB00875',NULL,NULL,'c1cc(N)c(Cl)cc1',0,'2006-10-23 20:34:20','2006-10-23 20:34:20',NULL,'',1,1),(876,'AB00876','AB00876',NULL,NULL,'c1cc(N)c(Cl)cc1',0,'2006-10-23 20:34:20','2006-10-23 20:34:20',NULL,'',1,1),(877,'AB00877','AB00877',NULL,NULL,'c1cc(N)c(Cl)cc1',0,'2006-10-23 20:34:20','2006-10-23 20:34:20',NULL,'',1,1),(878,'AB00878','AB00878',NULL,NULL,'c1cc(N)c(Cl)cc1',0,'2006-10-23 20:34:20','2006-10-23 20:34:20',NULL,'',1,1),(879,'AB00879','AB00879',NULL,NULL,'c1cc(N)c(Cl)cc1',0,'2006-10-23 20:34:20','2006-10-23 20:34:20',NULL,'',1,1),(880,'AB00880','AB00880',NULL,NULL,'c1cc(N)c(Cl)cc1',0,'2006-10-23 20:34:20','2006-10-23 20:34:20',NULL,'',1,1),(881,'AB00881','AB00881',NULL,NULL,'c1cc(N)c(Cl)cc1',0,'2006-10-23 20:34:20','2006-10-23 20:34:20',NULL,'',1,1),(882,'AB00882','AB00882',NULL,NULL,'c1cc(N)c(Cl)cc1',0,'2006-10-23 20:34:20','2006-10-23 20:34:20',NULL,'',1,1),(883,'AB00883','AB00883',NULL,NULL,'c1cc(N)c(Cl)cc1',0,'2006-10-23 20:34:20','2006-10-23 20:34:20',NULL,'',1,1),(884,'AB00884','AB00884',NULL,NULL,'c1cc(N)c(Cl)cc1',0,'2006-10-23 20:34:20','2006-10-23 20:34:20',NULL,'',1,1),(885,'AB00885','AB00885',NULL,NULL,'c1cc(N)c(Cl)cc1',0,'2006-10-23 20:34:20','2006-10-23 20:34:20',NULL,'',1,1),(886,'AB00886','AB00886',NULL,NULL,'c1cc(N)c(Cl)cc1',0,'2006-10-23 20:34:20','2006-10-23 20:34:20',NULL,'',1,1),(887,'AB00887','AB00887',NULL,NULL,'c1cc(N)c(Cl)cc1',0,'2006-10-23 20:34:20','2006-10-23 20:34:20',NULL,'',1,1),(888,'AB00888','AB00888',NULL,NULL,'c1cc(N)c(Cl)cc1',0,'2006-10-23 20:34:20','2006-10-23 20:34:20',NULL,'',1,1),(889,'AB00889','AB00889',NULL,NULL,'c1cc(N)c(Cl)cc1',0,'2006-10-23 20:34:20','2006-10-23 20:34:20',NULL,'',1,1),(890,'AB00890','AB00890',NULL,NULL,'c1cc(N)c(Cl)cc1',0,'2006-10-23 20:34:20','2006-10-23 20:34:20',NULL,'',1,1),(891,'AB00891','AB00891',NULL,NULL,'c1cc(N)c(Cl)cc1',0,'2006-10-23 20:34:21','2006-10-23 20:34:21',NULL,'',1,1),(892,'AB00892','AB00892',NULL,NULL,'c1cc(N)c(Cl)cc1',0,'2006-10-23 20:34:21','2006-10-23 20:34:21',NULL,'',1,1),(893,'AB00893','AB00893',NULL,NULL,'c1cc(N)c(Cl)cc1',0,'2006-10-23 20:34:21','2006-10-23 20:34:21',NULL,'',1,1),(894,'AB00894','AB00894',NULL,NULL,'c1cc(N)c(Cl)cc1',0,'2006-10-23 20:34:21','2006-10-23 20:34:21',NULL,'',1,1),(895,'AB00895','AB00895',NULL,NULL,'c1cc(N)c(Cl)cc1',0,'2006-10-23 20:34:21','2006-10-23 20:34:21',NULL,'',1,1),(896,'AB00896','AB00896',NULL,NULL,'c1cc(N)c(Cl)cc1',0,'2006-10-23 20:34:21','2006-10-23 20:34:21',NULL,'',1,1),(897,'AB00897','AB00897',NULL,NULL,'c1cc(N)c(Cl)cc1',0,'2006-10-23 20:34:21','2006-10-23 20:34:21',NULL,'',1,1),(898,'AB00898','AB00898',NULL,NULL,'c1cc(N)c(Cl)cc1',0,'2006-10-23 20:34:21','2006-10-23 20:34:21',NULL,'',1,1),(899,'AB00899','AB00899',NULL,NULL,'c1cc(N)c(Cl)cc1',0,'2006-10-23 20:34:21','2006-10-23 20:34:21',NULL,'',1,1),(900,'AB00900','AB00900',NULL,NULL,'c1cc(N)c(Cl)cc1',0,'2006-10-23 20:34:21','2006-10-23 20:34:21',NULL,'',1,1),(901,'AB00901','AB00901',NULL,NULL,'c1cc(N)c(Cl)cc1',0,'2006-10-23 20:34:21','2006-10-23 20:34:21',NULL,'',1,1),(902,'AB00902','AB00902',NULL,NULL,'c1cc(N)c(Cl)cc1',0,'2006-10-23 20:34:21','2006-10-23 20:34:21',NULL,'',1,1),(903,'AB00903','AB00903',NULL,NULL,'c1cc(N)c(Cl)cc1',0,'2006-10-23 20:34:21','2006-10-23 20:34:21',NULL,'',1,1),(904,'AB00904','AB00904',NULL,NULL,'c1cc(N)c(Cl)cc1',0,'2006-10-23 20:34:21','2006-10-23 20:34:21',NULL,'',1,1),(905,'AB00905','AB00905',NULL,NULL,'c1cc(N)c(Cl)cc1',0,'2006-10-23 20:34:21','2006-10-23 20:34:21',NULL,'',1,1),(906,'AB00906','AB00906',NULL,NULL,'c1cc(N)c(Cl)cc1',0,'2006-10-23 20:34:21','2006-10-23 20:34:21',NULL,'',1,1),(907,'AB00907','AB00907',NULL,NULL,'c1cc(N)c(Cl)cc1',0,'2006-10-23 20:34:21','2006-10-23 20:34:21',NULL,'',1,1),(908,'AB00908','AB00908',NULL,NULL,'c1cc(N)c(Cl)cc1',0,'2006-10-23 20:34:21','2006-10-23 20:34:21',NULL,'',1,1),(909,'AB00909','AB00909',NULL,NULL,'c1cc(N)c(Cl)cc1',0,'2006-10-23 20:34:21','2006-10-23 20:34:21',NULL,'',1,1),(910,'AB00910','AB00910',NULL,NULL,'c1cc(N)c(Cl)cc1',0,'2006-10-23 20:34:21','2006-10-23 20:34:21',NULL,'',1,1),(911,'AB00911','AB00911',NULL,NULL,'c1cc(N)c(Cl)cc1',0,'2006-10-23 20:34:21','2006-10-23 20:34:21',NULL,'',1,1),(912,'AB00912','AB00912',NULL,NULL,'c1cc(N)c(Cl)cc1',0,'2006-10-23 20:34:21','2006-10-23 20:34:21',NULL,'',1,1),(913,'AB00913','AB00913',NULL,NULL,'c1cc(N)c(Cl)cc1',0,'2006-10-23 20:34:21','2006-10-23 20:34:21',NULL,'',1,1),(914,'AB00914','AB00914',NULL,NULL,'c1cc(N)c(Cl)cc1',0,'2006-10-23 20:34:21','2006-10-23 20:34:21',NULL,'',1,1),(915,'AB00915','AB00915',NULL,NULL,'c1cc(N)c(Cl)cc1',0,'2006-10-23 20:34:21','2006-10-23 20:34:21',NULL,'',1,1),(916,'AB00916','AB00916',NULL,NULL,'c1cc(N)c(Cl)cc1',0,'2006-10-23 20:34:21','2006-10-23 20:34:21',NULL,'',1,1),(917,'AB00917','AB00917',NULL,NULL,'c1cc(N)c(Cl)cc1',0,'2006-10-23 20:34:21','2006-10-23 20:34:21',NULL,'',1,1),(918,'AB00918','AB00918',NULL,NULL,'c1cc(N)c(Cl)cc1',0,'2006-10-23 20:34:21','2006-10-23 20:34:21',NULL,'',1,1),(919,'AB00919','AB00919',NULL,NULL,'c1cc(N)c(Cl)cc1',0,'2006-10-23 20:34:21','2006-10-23 20:34:21',NULL,'',1,1),(920,'AB00920','AB00920',NULL,NULL,'c1cc(N)c(Cl)cc1',0,'2006-10-23 20:34:21','2006-10-23 20:34:21',NULL,'',1,1),(921,'AB00921','AB00921',NULL,NULL,'c1cc(N)c(Cl)cc1',0,'2006-10-23 20:34:22','2006-10-23 20:34:22',NULL,'',1,1),(922,'AB00922','AB00922',NULL,NULL,'c1cc(N)c(Cl)cc1',0,'2006-10-23 20:34:22','2006-10-23 20:34:22',NULL,'',1,1),(923,'AB00923','AB00923',NULL,NULL,'c1cc(N)c(Cl)cc1',0,'2006-10-23 20:34:22','2006-10-23 20:34:22',NULL,'',1,1),(924,'AB00924','AB00924',NULL,NULL,'c1cc(N)c(Cl)cc1',0,'2006-10-23 20:34:22','2006-10-23 20:34:22',NULL,'',1,1),(925,'AB00925','AB00925',NULL,NULL,'c1cc(N)c(Cl)cc1',0,'2006-10-23 20:34:22','2006-10-23 20:34:22',NULL,'',1,1),(926,'AB00926','AB00926',NULL,NULL,'c1cc(N)c(Cl)cc1',0,'2006-10-23 20:34:22','2006-10-23 20:34:22',NULL,'',1,1),(927,'AB00927','AB00927',NULL,NULL,'c1cc(N)c(Cl)cc1',0,'2006-10-23 20:34:22','2006-10-23 20:34:22',NULL,'',1,1),(928,'AB00928','AB00928',NULL,NULL,'c1cc(N)c(Cl)cc1',0,'2006-10-23 20:34:22','2006-10-23 20:34:22',NULL,'',1,1),(929,'AB00929','AB00929',NULL,NULL,'c1cc(N)c(Cl)cc1',0,'2006-10-23 20:34:22','2006-10-23 20:34:22',NULL,'',1,1),(930,'AB00930','AB00930',NULL,NULL,'c1cc(N)c(Cl)cc1',0,'2006-10-23 20:34:22','2006-10-23 20:34:22',NULL,'',1,1),(931,'AB00931','AB00931',NULL,NULL,'c1cc(N)c(Cl)cc1',0,'2006-10-23 20:34:22','2006-10-23 20:34:22',NULL,'',1,1),(932,'AB00932','AB00932',NULL,NULL,'c1cc(N)c(Cl)cc1',0,'2006-10-23 20:34:22','2006-10-23 20:34:22',NULL,'',1,1),(933,'AB00933','AB00933',NULL,NULL,'c1cc(N)c(Cl)cc1',0,'2006-10-23 20:34:22','2006-10-23 20:34:22',NULL,'',1,1),(934,'AB00934','AB00934',NULL,NULL,'c1cc(N)c(Cl)cc1',0,'2006-10-23 20:34:22','2006-10-23 20:34:22',NULL,'',1,1),(935,'AB00935','AB00935',NULL,NULL,'c1cc(N)c(Cl)cc1',0,'2006-10-23 20:34:22','2006-10-23 20:34:22',NULL,'',1,1),(936,'AB00936','AB00936',NULL,NULL,'c1cc(N)c(Cl)cc1',0,'2006-10-23 20:34:22','2006-10-23 20:34:22',NULL,'',1,1),(937,'AB00937','AB00937',NULL,NULL,'c1cc(N)c(Cl)cc1',0,'2006-10-23 20:34:22','2006-10-23 20:34:22',NULL,'',1,1),(938,'AB00938','AB00938',NULL,NULL,'c1cc(N)c(Cl)cc1',0,'2006-10-23 20:34:22','2006-10-23 20:34:22',NULL,'',1,1),(939,'AB00939','AB00939',NULL,NULL,'c1cc(N)c(Cl)cc1',0,'2006-10-23 20:34:22','2006-10-23 20:34:22',NULL,'',1,1),(940,'AB00940','AB00940',NULL,NULL,'c1cc(N)c(Cl)cc1',0,'2006-10-23 20:34:22','2006-10-23 20:34:22',NULL,'',1,1),(941,'AB00941','AB00941',NULL,NULL,'c1cc(N)c(Cl)cc1',0,'2006-10-23 20:34:22','2006-10-23 20:34:22',NULL,'',1,1),(942,'AB00942','AB00942',NULL,NULL,'c1cc(N)c(Cl)cc1',0,'2006-10-23 20:34:22','2006-10-23 20:34:22',NULL,'',1,1),(943,'AB00943','AB00943',NULL,NULL,'c1cc(N)c(Cl)cc1',0,'2006-10-23 20:34:22','2006-10-23 20:34:22',NULL,'',1,1),(944,'AB00944','AB00944',NULL,NULL,'c1cc(N)c(Cl)cc1',0,'2006-10-23 20:34:22','2006-10-23 20:34:22',NULL,'',1,1),(945,'AB00945','AB00945',NULL,NULL,'c1cc(N)c(Cl)cc1',0,'2006-10-23 20:34:22','2006-10-23 20:34:22',NULL,'',1,1),(946,'AB00946','AB00946',NULL,NULL,'c1cc(N)c(Cl)cc1',0,'2006-10-23 20:34:22','2006-10-23 20:34:22',NULL,'',1,1),(947,'AB00947','AB00947',NULL,NULL,'c1cc(N)c(Cl)cc1',0,'2006-10-23 20:34:22','2006-10-23 20:34:22',NULL,'',1,1),(948,'AB00948','AB00948',NULL,NULL,'c1cc(N)c(Cl)cc1',0,'2006-10-23 20:34:22','2006-10-23 20:34:22',NULL,'',1,1),(949,'AB00949','AB00949',NULL,NULL,'c1cc(N)c(Cl)cc1',0,'2006-10-23 20:34:22','2006-10-23 20:34:22',NULL,'',1,1),(950,'AB00950','AB00950',NULL,NULL,'c1cc(N)c(Cl)cc1',0,'2006-10-23 20:34:22','2006-10-23 20:34:22',NULL,'',1,1),(951,'AB00951','AB00951',NULL,NULL,'c1cc(N)c(Cl)cc1',0,'2006-10-23 20:34:23','2006-10-23 20:34:23',NULL,'',1,1),(952,'AB00952','AB00952',NULL,NULL,'c1cc(N)c(Cl)cc1',0,'2006-10-23 20:34:23','2006-10-23 20:34:23',NULL,'',1,1),(953,'AB00953','AB00953',NULL,NULL,'c1cc(N)c(Cl)cc1',0,'2006-10-23 20:34:23','2006-10-23 20:34:23',NULL,'',1,1),(954,'AB00954','AB00954',NULL,NULL,'c1cc(N)c(Cl)cc1',0,'2006-10-23 20:34:23','2006-10-23 20:34:23',NULL,'',1,1),(955,'AB00955','AB00955',NULL,NULL,'c1cc(N)c(Cl)cc1',0,'2006-10-23 20:34:23','2006-10-23 20:34:23',NULL,'',1,1),(956,'AB00956','AB00956',NULL,NULL,'c1cc(N)c(Cl)cc1',0,'2006-10-23 20:34:23','2006-10-23 20:34:23',NULL,'',1,1),(957,'AB00957','AB00957',NULL,NULL,'c1cc(N)c(Cl)cc1',0,'2006-10-23 20:34:23','2006-10-23 20:34:23',NULL,'',1,1),(958,'AB00958','AB00958',NULL,NULL,'c1cc(N)c(Cl)cc1',0,'2006-10-23 20:34:23','2006-10-23 20:34:23',NULL,'',1,1),(959,'AB00959','AB00959',NULL,NULL,'c1cc(N)c(Cl)cc1',0,'2006-10-23 20:34:23','2006-10-23 20:34:23',NULL,'',1,1),(960,'AB00960','AB00960',NULL,NULL,'c1cc(N)c(Cl)cc1',0,'2006-10-23 20:34:23','2006-10-23 20:34:23',NULL,'',1,1),(961,'AB00961','AB00961',NULL,NULL,'c1cc(N)c(Cl)cc1',0,'2006-10-23 20:34:23','2006-10-23 20:34:23',NULL,'',1,1),(962,'AB00962','AB00962',NULL,NULL,'c1cc(N)c(Cl)cc1',0,'2006-10-23 20:34:23','2006-10-23 20:34:23',NULL,'',1,1),(963,'AB00963','AB00963',NULL,NULL,'c1cc(N)c(Cl)cc1',0,'2006-10-23 20:34:23','2006-10-23 20:34:23',NULL,'',1,1),(964,'AB00964','AB00964',NULL,NULL,'c1cc(N)c(Cl)cc1',0,'2006-10-23 20:34:23','2006-10-23 20:34:23',NULL,'',1,1),(965,'AB00965','AB00965',NULL,NULL,'c1cc(N)c(Cl)cc1',0,'2006-10-23 20:34:23','2006-10-23 20:34:23',NULL,'',1,1),(966,'AB00966','AB00966',NULL,NULL,'c1cc(N)c(Cl)cc1',0,'2006-10-23 20:34:23','2006-10-23 20:34:23',NULL,'',1,1),(967,'AB00967','AB00967',NULL,NULL,'c1cc(N)c(Cl)cc1',0,'2006-10-23 20:34:23','2006-10-23 20:34:23',NULL,'',1,1),(968,'AB00968','AB00968',NULL,NULL,'c1cc(N)c(Cl)cc1',0,'2006-10-23 20:34:23','2006-10-23 20:34:23',NULL,'',1,1),(969,'AB00969','AB00969',NULL,NULL,'c1cc(N)c(Cl)cc1',0,'2006-10-23 20:34:23','2006-10-23 20:34:23',NULL,'',1,1),(970,'AB00970','AB00970',NULL,NULL,'c1cc(N)c(Cl)cc1',0,'2006-10-23 20:34:23','2006-10-23 20:34:23',NULL,'',1,1),(971,'AB00971','AB00971',NULL,NULL,'c1cc(N)c(Cl)cc1',0,'2006-10-23 20:34:23','2006-10-23 20:34:23',NULL,'',1,1),(972,'AB00972','AB00972',NULL,NULL,'c1cc(N)c(Cl)cc1',0,'2006-10-23 20:34:23','2006-10-23 20:34:23',NULL,'',1,1),(973,'AB00973','AB00973',NULL,NULL,'c1cc(N)c(Cl)cc1',0,'2006-10-23 20:34:23','2006-10-23 20:34:23',NULL,'',1,1),(974,'AB00974','AB00974',NULL,NULL,'c1cc(N)c(Cl)cc1',0,'2006-10-23 20:34:23','2006-10-23 20:34:23',NULL,'',1,1),(975,'AB00975','AB00975',NULL,NULL,'c1cc(N)c(Cl)cc1',0,'2006-10-23 20:34:23','2006-10-23 20:34:23',NULL,'',1,1),(976,'AB00976','AB00976',NULL,NULL,'c1cc(N)c(Cl)cc1',0,'2006-10-23 20:34:23','2006-10-23 20:34:23',NULL,'',1,1),(977,'AB00977','AB00977',NULL,NULL,'c1cc(N)c(Cl)cc1',0,'2006-10-23 20:34:23','2006-10-23 20:34:23',NULL,'',1,1),(978,'AB00978','AB00978',NULL,NULL,'c1cc(N)c(Cl)cc1',0,'2006-10-23 20:34:23','2006-10-23 20:34:23',NULL,'',1,1),(979,'AB00979','AB00979',NULL,NULL,'c1cc(N)c(Cl)cc1',0,'2006-10-23 20:34:23','2006-10-23 20:34:23',NULL,'',1,1),(980,'AB00980','AB00980',NULL,NULL,'c1cc(N)c(Cl)cc1',0,'2006-10-23 20:34:23','2006-10-23 20:34:23',NULL,'',1,1),(981,'AB00981','AB00981',NULL,NULL,'c1cc(N)c(Cl)cc1',0,'2006-10-23 20:34:23','2006-10-23 20:34:23',NULL,'',1,1),(982,'AB00982','AB00982',NULL,NULL,'c1cc(N)c(Cl)cc1',0,'2006-10-23 20:34:23','2006-10-23 20:34:23',NULL,'',1,1),(983,'AB00983','AB00983',NULL,NULL,'c1cc(N)c(Cl)cc1',0,'2006-10-23 20:34:23','2006-10-23 20:34:23',NULL,'',1,1),(984,'AB00984','AB00984',NULL,NULL,'c1cc(N)c(Cl)cc1',0,'2006-10-23 20:34:23','2006-10-23 20:34:23',NULL,'',1,1),(985,'AB00985','AB00985',NULL,NULL,'c1cc(N)c(Cl)cc1',0,'2006-10-23 20:34:23','2006-10-23 20:34:23',NULL,'',1,1),(986,'AB00986','AB00986',NULL,NULL,'c1cc(N)c(Cl)cc1',0,'2006-10-23 20:34:23','2006-10-23 20:34:23',NULL,'',1,1),(987,'AB00987','AB00987',NULL,NULL,'c1cc(N)c(Cl)cc1',0,'2006-10-23 20:34:24','2006-10-23 20:34:24',NULL,'',1,1),(988,'AB00988','AB00988',NULL,NULL,'c1cc(N)c(Cl)cc1',0,'2006-10-23 20:34:24','2006-10-23 20:34:24',NULL,'',1,1),(989,'AB00989','AB00989',NULL,NULL,'c1cc(N)c(Cl)cc1',0,'2006-10-23 20:34:24','2006-10-23 20:34:24',NULL,'',1,1),(990,'AB00990','AB00990',NULL,NULL,'c1cc(N)c(Cl)cc1',0,'2006-10-23 20:34:24','2006-10-23 20:34:24',NULL,'',1,1),(991,'AB00991','AB00991',NULL,NULL,'c1cc(N)c(Cl)cc1',0,'2006-10-23 20:34:24','2006-10-23 20:34:24',NULL,'',1,1),(992,'AB00992','AB00992',NULL,NULL,'c1cc(N)c(Cl)cc1',0,'2006-10-23 20:34:24','2006-10-23 20:34:24',NULL,'',1,1),(993,'AB00993','AB00993',NULL,NULL,'c1cc(N)c(Cl)cc1',0,'2006-10-23 20:34:24','2006-10-23 20:34:24',NULL,'',1,1),(994,'AB00994','AB00994',NULL,NULL,'c1cc(N)c(Cl)cc1',0,'2006-10-23 20:34:24','2006-10-23 20:34:24',NULL,'',1,1),(995,'AB00995','AB00995',NULL,NULL,'c1cc(N)c(Cl)cc1',0,'2006-10-23 20:34:24','2006-10-23 20:34:24',NULL,'',1,1),(996,'AB00996','AB00996',NULL,NULL,'c1cc(N)c(Cl)cc1',0,'2006-10-23 20:34:24','2006-10-23 20:34:24',NULL,'',1,1),(997,'AB00997','AB00997',NULL,NULL,'c1cc(N)c(Cl)cc1',0,'2006-10-23 20:34:24','2006-10-23 20:34:24',NULL,'',1,1),(998,'AB00998','AB00998',NULL,NULL,'c1cc(N)c(Cl)cc1',0,'2006-10-23 20:34:24','2006-10-23 20:34:24',NULL,'',1,1),(999,'AB00999','AB00999',NULL,NULL,'c1cc(N)c(Cl)cc1',0,'2006-10-23 20:34:24','2006-10-23 20:34:24',NULL,'',1,1),(1000,'AB001000','AB001000',NULL,NULL,'c1cc(N)c(Cl)cc1',0,'2006-10-23 20:34:24','2006-10-23 20:34:24',NULL,'',1,1),(1001,'BLANK','I know its a well literal not a compound!','',NULL,'',0,'2007-02-06 09:16:29','2007-02-06 09:16:29','2007-02-06 00:00:00','',1,1),(1002,'TOTB','A new well literal, sorry','',NULL,'',0,'2007-02-06 09:17:03','2007-02-06 09:17:03','2007-02-06 00:00:00','',1,1),(1003,'5pcHPbC','used as negative control in Res_Exposure assay','',NULL,'',1,'2007-03-21 15:20:47','2007-03-21 15:26:02','2007-03-21 00:00:00','',1,1),(1004,'02707','pos control?','',NULL,'',0,'2007-03-21 15:21:40','2007-03-21 15:21:40','2007-03-21 00:00:00','',1,1),(1005,'00749','Vehicle','',NULL,'',0,'2007-03-21 15:22:35','2007-03-21 15:22:35','2007-03-21 00:00:00','',1,1),(1006,'saline','Saline','',NULL,'',0,'2007-03-21 15:26:51','2007-03-21 15:26:51','2007-03-21 00:00:00','',1,1),(1007,'vehicle','a gernic vehicle','C12H30F3',453,'',0,'2007-03-30 20:36:34','2007-03-30 20:36:34','2007-03-30 00:00:00','',1,1);
/*!40000 ALTER TABLE `compounds` ENABLE KEYS */;

--
-- Table structure for table `container_items`
--

DROP TABLE IF EXISTS `container_items`;
CREATE TABLE `container_items` (
  `id` int(11) NOT NULL auto_increment,
  `container_group_id` int(11) NOT NULL,
  `subject_type` varchar(255) NOT NULL,
  `subject_id` int(11) NOT NULL,
  `slot_no` int(11) NOT NULL,
  PRIMARY KEY  (`id`)
) ENGINE=InnoDB DEFAULT CHARSET=latin1;

--
-- Dumping data for table `container_items`
--


/*!40000 ALTER TABLE `container_items` DISABLE KEYS */;
/*!40000 ALTER TABLE `container_items` ENABLE KEYS */;

--
-- Table structure for table `containers`
--

DROP TABLE IF EXISTS `containers`;
CREATE TABLE `containers` (
  `id` int(11) NOT NULL auto_increment,
  `name` varchar(128) NOT NULL default '',
  `description` text,
  `plate_format_id` int(11) default NULL,
  `lock_version` int(11) NOT NULL default '0',
  `created_at` datetime NOT NULL,
  `updated_at` datetime NOT NULL,
  `updated_by_user_id` int(11) NOT NULL default '1',
  `created_by_user_id` int(11) NOT NULL default '1',
  PRIMARY KEY  (`id`)
) ENGINE=InnoDB DEFAULT CHARSET=latin1;

--
-- Dumping data for table `containers`
--


/*!40000 ALTER TABLE `containers` DISABLE KEYS */;
/*!40000 ALTER TABLE `containers` ENABLE KEYS */;

--
-- Table structure for table `data_concepts`
--

DROP TABLE IF EXISTS `data_concepts`;
CREATE TABLE `data_concepts` (
  `id` int(11) NOT NULL auto_increment,
  `parent_id` int(11) default NULL,
  `name` varchar(50) NOT NULL default '',
  `data_context_id` int(11) NOT NULL default '0',
  `description` text,
  `access_control_id` int(11) default NULL,
  `lock_version` int(11) NOT NULL default '0',
  `created_at` datetime NOT NULL default '0000-00-00 00:00:00',
  `updated_at` datetime NOT NULL default '0000-00-00 00:00:00',
  `type` varchar(255) NOT NULL default 'DataConcept',
  `updated_by_user_id` int(11) NOT NULL default '1',
  `created_by_user_id` int(11) NOT NULL default '1',
  PRIMARY KEY  (`id`),
  KEY `data_concepts_idx2` (`updated_at`),
  KEY `data_concepts_idx4` (`created_at`),
  KEY `data_concepts_name_idx` (`name`),
  KEY `data_concepts_acl_idx` (`access_control_id`),
  KEY `data_concepts_fk1` (`data_context_id`)
) ENGINE=InnoDB DEFAULT CHARSET=latin1;

--
-- Dumping data for table `data_concepts`
--


/*!40000 ALTER TABLE `data_concepts` DISABLE KEYS */;
INSERT INTO `data_concepts` VALUES (1,NULL,'BioRails',1,'This is the main <strong>context </strong>or<strong> conceptual name space </strong>for all key <strong>concepts </strong>in the core BioRails application. The context is divided into a logical tree of concepts.&nbsp; These concepts can be extended with child concepts providing&nbsp; the possibility of <strong>value lookup lists</strong> defined against each concept. In-use concepts<strong> </strong>are linked to <strong>parameter types </strong>at the global catalogue level. Parameter types are then implemented as <strong>study parameters</strong> and a linked lookup <strong>element </strong>may be used.<br />\r\n<br />\r\nThis structure provides a solid division of control between global warehousing need and local terminology, put more simply, the scientists can maintain their own (often unique) terminologies which can be mapped into the corporate dictionaries.',NULL,3,'2007-01-22 15:23:29','2007-01-23 20:54:17','DataContext',1,1),(2,1,'Subject',1,'Subject',NULL,1,'2006-09-06 19:33:33','2006-09-06 19:33:33','DataConcept',1,1),(3,1,'Catalogue',1,'Short lookup dictionaries and other internal used combo in study,protocol, and experiment forms.',NULL,2,'2006-09-06 19:35:22','2007-06-07 09:46:08','DataConcept',3,1),(4,1,'Organization',1,'Oganizational Structure (Projects, studies etc)',NULL,5,'2006-09-06 19:35:33','2006-10-09 16:01:50','DataConcept',1,1),(6,2,'Compounds',1,'Compounds',NULL,1,'2006-09-06 19:35:50','2006-09-06 19:35:51','DataConcept',1,1),(7,2,'Batches',1,'Batch',NULL,2,'2006-09-06 19:36:00','2007-01-19 15:37:11','DataConcept',1,1),(8,2,'Plate',1,'Plate',NULL,1,'2006-09-06 19:36:07','2006-09-06 19:36:07','DataConcept',1,1),(9,2,'Treatment',1,'Treatment Groups',NULL,1,'2006-09-06 19:36:13','2006-09-06 19:36:13','DataConcept',1,1),(10,2,'Specimens',1,'Specimens',NULL,1,'2006-09-06 19:36:24','2006-09-06 19:36:24','DataConcept',1,1),(11,2,'Lists',1,'List, Libraries',NULL,2,'2006-09-06 19:36:32','2006-09-06 19:39:47','DataConcept',1,1),(24,4,'Experiment',1,'Experiment main element in the execution of a workflow',NULL,1,'2006-11-22 12:49:19','2006-12-05 18:15:43','DataConcept',1,1),(25,4,'Protocol',1,'Protocol',NULL,0,'2006-11-22 12:52:00','2006-11-22 12:52:00','DataConcept',1,1),(26,3,'Unit',1,'Unit',NULL,0,'2006-11-22 12:52:30','2006-11-22 12:52:30','DataConcept',1,1),(27,4,'Task',1,'Task',NULL,0,'2006-11-22 12:53:17','2006-11-22 12:53:17','DataConcept',1,1),(28,3,'DataType',1,'Various type of data the system is expected to handle like numeric ,text',NULL,3,'2006-11-22 12:53:47','2007-01-22 23:32:32','DataConcept',1,1),(29,3,'DataFormat',1,'Data Formats are skill',NULL,1,'2006-11-22 12:56:05','2007-01-12 13:58:05','DataConcept',1,1),(30,3,'ParameterType',1,'ParameterType',NULL,0,'2006-11-22 12:56:57','2006-11-22 12:56:57','DataConcept',1,1),(31,3,'ParameterRole',1,'Parameter Role',NULL,0,'2006-11-22 12:57:18','2006-11-22 12:57:18','DataConcept',1,1),(33,3,'Groups',1,'Groups',NULL,0,'2006-12-12 13:53:02','2006-12-12 13:53:02','DataConcept',1,1),(39,3,'Roles',1,'Lookup',NULL,0,'2007-01-19 16:04:03','2007-01-19 16:04:03','DataConcept',1,1),(47,2,'Species',1,'Mammals licensed by company for pre-clinical safety studies',NULL,3,'2007-01-31 13:51:33','2007-03-20 15:57:04','DataConcept',1,1),(48,3,'Users',1,'Allowed Username for people in the system',NULL,1,'2007-02-28 17:55:48','2007-02-28 17:55:48','DataConcept',1,1),(49,4,'Project',1,'Projects',NULL,1,'2007-03-20 15:53:10','2007-03-20 15:53:10','DataConcept',1,1),(50,2,'Target',1,'A biological target are the subject of drug discovery campaigns and typically include newly discovered proteins.',NULL,1,'2007-04-03 16:44:25','2007-04-03 16:44:25','DataConcept',1,1),(51,4,'Folder',0,'Folders',NULL,1,'2007-04-30 15:12:38','2007-04-30 15:12:38','DataConcept',2,2),(52,3,'ProtocolCatagory',0,'Protocol Catagory. This is a internal lookup used on the protocol definition forms',NULL,2,'2007-06-06 20:36:51','2007-06-06 22:00:05','DataConcept',3,3),(53,3,'ProtocolStatus',0,'Protocol Status: Internal lookup for the status of a protocol. ',NULL,2,'2007-06-06 20:37:19','2007-06-06 22:00:47','DataConcept',3,3),(54,3,'ResearchArea',0,'Research Area: This is a internal lookup for study form to a list of reasearch area used in the organization',NULL,2,'2007-06-06 20:37:46','2007-06-06 22:01:45','DataConcept',3,3);
/*!40000 ALTER TABLE `data_concepts` ENABLE KEYS */;

--
-- Table structure for table `data_elements`
--

DROP TABLE IF EXISTS `data_elements`;
CREATE TABLE `data_elements` (
  `id` int(11) NOT NULL auto_increment,
  `name` varchar(50) NOT NULL default '',
  `description` text,
  `data_system_id` int(11) NOT NULL,
  `data_concept_id` int(11) NOT NULL,
  `access_control_id` int(11) default NULL,
  `lock_version` int(11) NOT NULL default '0',
  `created_at` datetime NOT NULL,
  `updated_at` datetime NOT NULL,
  `parent_id` int(10) unsigned default NULL,
  `style` varchar(10) NOT NULL,
  `content` text NOT NULL,
  `estimated_count` int(11) default NULL,
  `type` varchar(255) default NULL,
  `updated_by_user_id` int(11) NOT NULL default '1',
  `created_by_user_id` int(11) NOT NULL default '1',
  PRIMARY KEY  (`id`),
  KEY `data_elements_idx2` (`updated_at`),
  KEY `data_elements_idx4` (`created_at`),
  KEY `data_elements_name_idx` (`name`),
  KEY `data_elements_acl_idx` (`access_control_id`),
  KEY `data_element_fk2` (`data_concept_id`),
  KEY `data_element_fk1` (`data_system_id`)
) ENGINE=InnoDB DEFAULT CHARSET=latin1;

--
-- Dumping data for table `data_elements`
--


/*!40000 ALTER TABLE `data_elements` DISABLE KEYS */;
INSERT INTO `data_elements` VALUES (1,'DataFormat','Data Format List for the system',1,29,NULL,1,'2007-06-06 14:31:27','2007-06-06 14:31:27',NULL,'model','DataFormat',NULL,'ModelElement',3,3),(2,'DataType','Data Type implemented in the biorails site',1,28,NULL,1,'2007-06-06 14:37:38','2007-06-06 14:37:38',NULL,'model','DataType',NULL,'ModelElement',3,3),(3,'Groups','User Groups registered on the current system',1,33,NULL,1,'2007-06-06 14:38:15','2007-06-06 14:38:15',NULL,'model','Group',NULL,'ModelElement',3,3),(4,'ParameterRole','Parameter Roles lookup to allow separation of data into a number of bin for fruther use.',1,31,NULL,1,'2007-06-06 14:41:08','2007-06-06 14:41:09',NULL,'model','ParameterRole',NULL,'ModelElement',3,3),(5,'ParameterType','Parameter Types , A little recursive as parameter types are defined with data elements',1,30,NULL,1,'2007-06-06 14:42:41','2007-06-06 14:42:41',NULL,'model','ParameterType',NULL,'ModelElement',3,3),(6,'Roles','Roles a user can take in the system',1,39,NULL,1,'2007-06-06 14:43:10','2007-06-06 14:43:10',NULL,'model','Role',NULL,'ModelElement',3,3),(7,'Molar','Molar Units',1,26,NULL,1,'2007-06-06 14:45:45','2007-06-06 14:45:45',NULL,'list','M,mM,uM,pM,nM',5,'ListElement',3,3),(8,'M','M',1,26,NULL,1,'2007-06-06 14:45:45','2007-06-06 14:45:45',7,'child','',NULL,NULL,3,3),(9,'mM','mM',1,26,NULL,1,'2007-06-06 14:45:45','2007-06-06 14:45:45',7,'child','',NULL,NULL,3,3),(10,'uM','uM',1,26,NULL,1,'2007-06-06 14:45:45','2007-06-06 14:45:45',7,'child','',NULL,NULL,3,3),(11,'pM','pM',1,26,NULL,1,'2007-06-06 14:45:45','2007-06-06 14:45:45',7,'child','',NULL,NULL,3,3),(12,'nM','nM',1,26,NULL,1,'2007-06-06 14:45:45','2007-06-06 14:45:45',7,'child','',NULL,NULL,3,3),(13,'Length','Length Units',1,26,NULL,1,'2007-06-06 14:46:42','2007-06-06 14:46:42',NULL,'list','m,km,cm,mm,um,nm,pm',7,'ListElement',3,3),(14,'m','m',1,26,NULL,1,'2007-06-06 14:46:42','2007-06-06 14:46:42',13,'child','',NULL,NULL,3,3),(15,'km','km',1,26,NULL,1,'2007-06-06 14:46:42','2007-06-06 14:46:42',13,'child','',NULL,NULL,3,3),(16,'cm','cm',1,26,NULL,1,'2007-06-06 14:46:42','2007-06-06 14:46:42',13,'child','',NULL,NULL,3,3),(17,'mm','mm',1,26,NULL,1,'2007-06-06 14:46:42','2007-06-06 14:46:42',13,'child','',NULL,NULL,3,3),(18,'um','um',1,26,NULL,1,'2007-06-06 14:46:42','2007-06-06 14:46:42',13,'child','',NULL,NULL,3,3),(19,'nm','nm',1,26,NULL,1,'2007-06-06 14:46:42','2007-06-06 14:46:42',13,'child','',NULL,NULL,3,3),(20,'pm','pm',1,26,NULL,1,'2007-06-06 14:46:42','2007-06-06 14:46:42',13,'child','',NULL,NULL,3,3),(21,'weight','Weight',1,26,NULL,1,'2007-06-06 14:47:17','2007-06-06 14:47:18',NULL,'list','g,kg,mg,ug,ng,pg',6,'ListElement',3,3),(22,'g','g',1,26,NULL,1,'2007-06-06 14:47:17','2007-06-06 14:47:17',21,'child','',NULL,NULL,3,3),(23,'kg','kg',1,26,NULL,1,'2007-06-06 14:47:17','2007-06-06 14:47:17',21,'child','',NULL,NULL,3,3),(24,'mg','mg',1,26,NULL,1,'2007-06-06 14:47:18','2007-06-06 14:47:18',21,'child','',NULL,NULL,3,3),(25,'ug','ug',1,26,NULL,1,'2007-06-06 14:47:18','2007-06-06 14:47:18',21,'child','',NULL,NULL,3,3),(26,'ng','ng',1,26,NULL,1,'2007-06-06 14:47:18','2007-06-06 14:47:18',21,'child','',NULL,NULL,3,3),(27,'pg','pg',1,26,NULL,1,'2007-06-06 14:47:18','2007-06-06 14:47:18',21,'child','',NULL,NULL,3,3),(28,'Users','User',1,48,NULL,1,'2007-06-06 14:49:09','2007-06-06 14:49:09',NULL,'model','User',NULL,'ModelElement',3,3),(29,'Administrators','Users with full Administration role',1,48,NULL,1,'2007-06-06 14:51:30','2007-06-06 14:51:30',NULL,'sql','select * from users where role_id=3',NULL,'SqlElement',3,3),(30,'Experiment','Experiments',1,24,NULL,1,'2007-06-06 14:52:43','2007-06-06 14:52:44',NULL,'model','Experiment',NULL,'ModelElement',3,3),(31,'Folder','Project Folder',1,51,NULL,1,'2007-06-06 14:53:42','2007-06-06 14:53:42',NULL,'model','ProjectFolder',NULL,'ModelElement',3,3),(32,'Project','List of all projects on the systems ',1,49,NULL,1,'2007-06-06 14:55:25','2007-06-06 14:55:25',NULL,'model','Project',NULL,'ModelElement',3,3),(33,'Task','Task in the system',1,27,NULL,1,'2007-06-06 14:55:53','2007-06-06 14:55:53',NULL,'model','Task',NULL,'ModelElement',3,3),(34,'Batches','Batches of a compound ',1,7,NULL,1,'2007-06-06 14:56:31','2007-06-06 14:56:31',NULL,'model','Batch',NULL,'ModelElement',3,3),(35,'Compounds','Compounds',1,6,NULL,1,'2007-06-06 14:56:50','2007-06-06 14:56:50',NULL,'model','Compound',NULL,'ModelElement',3,3),(36,'Request','List of subjects associated with a request',1,11,NULL,1,'2007-06-06 14:58:11','2007-06-06 14:58:11',NULL,'model','RequestList',NULL,'ModelElement',3,3),(37,'Plate','Plate containers',1,8,NULL,1,'2007-06-06 14:59:01','2007-06-06 14:59:01',NULL,'model','Container',NULL,'ModelElement',3,3),(38,'Area','Research Areas',1,54,NULL,1,'2007-06-06 20:42:42','2007-06-06 20:42:43',NULL,'list','A,B,C,D',4,'ListElement',3,3),(39,'A','A',1,54,NULL,1,'2007-06-06 20:42:42','2007-06-06 20:42:42',38,'child','',NULL,NULL,3,3),(40,'B','B',1,54,NULL,1,'2007-06-06 20:42:42','2007-06-06 20:42:42',38,'child','',NULL,NULL,3,3),(41,'C','C',1,54,NULL,1,'2007-06-06 20:42:42','2007-06-06 20:42:42',38,'child','',NULL,NULL,3,3),(42,'D','D',1,54,NULL,1,'2007-06-06 20:42:42','2007-06-06 20:42:42',38,'child','',NULL,NULL,3,3),(43,'Status','Protocol Status',1,53,NULL,1,'2007-06-06 21:15:55','2007-06-06 21:15:56',NULL,'list','New,Active,Finished',3,'ListElement',3,3),(44,'New','New',1,53,NULL,1,'2007-06-06 21:15:55','2007-06-06 21:15:55',43,'child','',NULL,NULL,3,3),(45,'Active','Active',1,53,NULL,1,'2007-06-06 21:15:55','2007-06-06 21:15:55',43,'child','',NULL,NULL,3,3),(46,'Finished','Finished',1,53,NULL,1,'2007-06-06 21:15:56','2007-06-06 21:15:56',43,'child','',NULL,NULL,3,3),(47,'Catagory','Protocol Catagory',1,52,NULL,1,'2007-06-06 21:17:22','2007-06-06 21:17:22',NULL,'list','Screen,Dose,Profile,Tox',4,'ListElement',3,3),(48,'Screen','Screen',1,52,NULL,1,'2007-06-06 21:17:22','2007-06-06 21:17:22',47,'child','',NULL,NULL,3,3),(49,'Dose','Dose',1,52,NULL,1,'2007-06-06 21:17:22','2007-06-06 21:17:22',47,'child','',NULL,NULL,3,3),(50,'Profile','Profile',1,52,NULL,1,'2007-06-06 21:17:22','2007-06-06 21:17:22',47,'child','',NULL,NULL,3,3),(51,'Tox','Tox',1,52,NULL,1,'2007-06-06 21:17:22','2007-06-06 21:17:22',47,'child','',NULL,NULL,3,3);
/*!40000 ALTER TABLE `data_elements` ENABLE KEYS */;

--
-- Table structure for table `data_formats`
--

DROP TABLE IF EXISTS `data_formats`;
CREATE TABLE `data_formats` (
  `id` int(11) NOT NULL auto_increment,
  `name` varchar(128) NOT NULL default '',
  `description` text,
  `default_value` varchar(255) default NULL,
  `format_regex` varchar(255) default NULL,
  `lock_version` int(11) NOT NULL default '0',
  `created_at` datetime NOT NULL,
  `updated_at` datetime NOT NULL,
  `data_type_id` int(11) default NULL,
  `updated_by_user_id` int(11) NOT NULL default '1',
  `created_by_user_id` int(11) NOT NULL default '1',
  `format_sprintf` varchar(255) default NULL,
  PRIMARY KEY  (`id`)
) ENGINE=InnoDB DEFAULT CHARSET=latin1;

--
-- Dumping data for table `data_formats`
--


/*!40000 ALTER TABLE `data_formats` DISABLE KEYS */;
INSERT INTO `data_formats` VALUES (1,'Text','Free Format Text','','.',1,'0000-00-00 00:00:00','2007-02-07 14:10:25',1,1,1,NULL),(2,'Alpha','A-Z',NULL,NULL,0,'0000-00-00 00:00:00','0000-00-00 00:00:00',1,1,1,NULL),(3,'Line','Single Line of Text',NULL,'[^\"\\r\\n]*',0,'0000-00-00 00:00:00','0000-00-00 00:00:00',1,1,1,NULL),(4,'Double','Standard Number format +/-nnn.nnnnn with units','0.0','^[-+]?[0-9]*\\.?[0-9]+[ ,A-z,/,%]*$',6,'2006-11-27 11:59:22','2007-06-07 21:45:34',2,3,1,'%d %s'),(7,'Scientific Notation','Scientific Notation',NULL,'[-+]?[0-9]*\\.?[0-9]+([eE][-+]?[0-9]+)?',0,'0000-00-00 00:00:00','0000-00-00 00:00:00',2,1,1,NULL),(8,'Integer','Integer Value','','[-+]?\\b\\d+\\b',3,'0000-00-00 00:00:00','2007-06-07 21:45:05',2,3,1,'%d'),(11,'Positive','Description:  	Positive integer value.\r\nMatches: 	123|||10|||54\r\nNon-Matches: 	-54|||54.234|||abc','','^[0-9,.]*$',1,'0000-00-00 00:00:00','2007-05-31 14:18:52',2,3,1,''),(12,'Decimal5.2','Description:  	validates to 5 digits and 2 decimal places but not allowing zero','','(?!^0*$)(?!^0*\\.0*$)^\\d{1,5}(\\.\\d{1,2})?$',2,'0000-00-00 00:00:00','2007-06-06 20:13:07',2,3,1,'%5.2d'),(13,'Percentage','Description:  	Percentage (From 0 to 100)\r\n','','[-+]?[0-9]*\\.?[0-9]',1,'0000-00-00 00:00:00','2007-06-06 20:26:16',2,3,1,'%d'),(24,'URL','Description:  	I wrote this after I couldn\'t find an expression that would search for valid URLs, whether they had HTTP in front or not. This will find those that don\'t have hyphens anywhere in them (except for after the domain).\r\nMatches: 	http://www.google.com|||www.123google.com|||www.google.com/help/me\r\nNon-Matches: 	-123google.com|||http://-123.123google.com\r\n ','','(http://)[a..Z]*',1,'0000-00-00 00:00:00','2007-05-25 19:08:50',6,3,1,NULL),(25,'Name','Name without spaces','','^[A-Z,a-z,0-9]*$',1,'2007-05-25 21:07:28','2007-05-28 15:02:59',3,3,3,''),(26,'Quantiy','Basic numeric value followed by a unit','','^[-+]?[0-9]*\\.?[0-9]+[ ,A-z,/,%]*$',0,'2007-06-06 20:15:15','2007-06-06 20:15:15',2,3,3,'%d %s'),(27,'Concentration','Concentration in molar units','','^[-+]?[0-9]*\\.?[0-9]* ?[m,u,u,p]?M?$',1,'2007-06-06 20:20:26','2007-06-08 11:24:56',2,3,3,'%d %s'),(28,'Amount','Mols of stuff ','','^[-+]?[0-9]*\\.?[0-9] ?[(m,u,n,p)]mol$',0,'2007-06-06 20:22:12','2007-06-06 20:22:12',2,3,3,'%d %s');
/*!40000 ALTER TABLE `data_formats` ENABLE KEYS */;

--
-- Table structure for table `data_relations`
--

DROP TABLE IF EXISTS `data_relations`;
CREATE TABLE `data_relations` (
  `id` int(11) NOT NULL auto_increment,
  `from_concept_id` int(32) NOT NULL,
  `to_concept_id` int(32) NOT NULL,
  `role_concept_id` int(32) NOT NULL,
  PRIMARY KEY  (`id`),
  KEY `data_relations_from_idx` (`from_concept_id`),
  KEY `data_relations_to_idx` (`to_concept_id`),
  KEY `data_relations_role_idx` (`role_concept_id`)
) ENGINE=InnoDB DEFAULT CHARSET=latin1;

--
-- Dumping data for table `data_relations`
--


/*!40000 ALTER TABLE `data_relations` DISABLE KEYS */;
/*!40000 ALTER TABLE `data_relations` ENABLE KEYS */;

--
-- Table structure for table `data_systems`
--

DROP TABLE IF EXISTS `data_systems`;
CREATE TABLE `data_systems` (
  `id` int(11) NOT NULL auto_increment,
  `name` varchar(50) NOT NULL default '',
  `description` text,
  `data_context_id` int(11) NOT NULL default '1',
  `access_control_id` int(11) default NULL,
  `lock_version` int(11) NOT NULL default '0',
  `created_at` datetime NOT NULL,
  `updated_at` datetime NOT NULL,
  `adapter` varchar(50) NOT NULL default 'mysql',
  `host` varchar(50) default 'localhost',
  `username` varchar(50) default 'root',
  `password` varchar(50) default '',
  `database` varchar(50) default '',
  `test_object` varchar(45) NOT NULL,
  `updated_by_user_id` int(11) NOT NULL default '1',
  `created_by_user_id` int(11) NOT NULL default '1',
  PRIMARY KEY  (`id`),
  KEY `data_environments_idx2` (`updated_at`),
  KEY `data_environments_idx4` (`created_at`),
  KEY `data_environments_name_idx` (`name`),
  KEY `data_environments_acl_idx` (`access_control_id`),
  KEY `data_environments_fk1` (`data_context_id`)
) ENGINE=InnoDB DEFAULT CHARSET=latin1;

--
-- Dumping data for table `data_systems`
--


/*!40000 ALTER TABLE `data_systems` DISABLE KEYS */;
INSERT INTO `data_systems` VALUES (1,'Internal','Internal link to reference data element from with this BioRails schema',1,NULL,5,'2006-10-09 12:11:25','2007-01-13 21:46:14','mysql','localhost','biorails','moose','beagle_development','tmp_data',1,1);
/*!40000 ALTER TABLE `data_systems` ENABLE KEYS */;

--
-- Table structure for table `data_types`
--

DROP TABLE IF EXISTS `data_types`;
CREATE TABLE `data_types` (
  `id` int(11) NOT NULL auto_increment,
  `name` varchar(255) default NULL,
  `description` varchar(255) default NULL,
  `value_class` varchar(255) default NULL,
  `lock_version` int(11) NOT NULL default '0',
  `created_at` datetime NOT NULL,
  `updated_at` datetime NOT NULL,
  `updated_by_user_id` int(11) NOT NULL default '1',
  `created_by_user_id` int(11) NOT NULL default '1',
  PRIMARY KEY  (`id`)
) ENGINE=InnoDB DEFAULT CHARSET=latin1;

--
-- Dumping data for table `data_types`
--


/*!40000 ALTER TABLE `data_types` DISABLE KEYS */;
INSERT INTO `data_types` VALUES (1,'text','Text','String',1,'0000-00-00 00:00:00','2006-12-13 16:44:12',1,1),(2,'numeric','Numeric','Numeric',1,'0000-00-00 00:00:00','2006-12-13 16:44:21',1,1),(3,'date','Date','Date',1,'0000-00-00 00:00:00','2006-12-13 16:44:28',1,1),(4,'time','Time','DateTime',1,'0000-00-00 00:00:00','2006-12-13 16:44:35',1,1),(5,'dictionary','Look up on catalogue','DataConcept',1,'0000-00-00 00:00:00','2006-12-13 16:44:41',1,1),(6,'url','Reference','String',1,'0000-00-00 00:00:00','2006-12-13 16:44:50',1,1),(7,'file','File','File',1,'0000-00-00 00:00:00','2006-12-13 16:45:26',1,1);
/*!40000 ALTER TABLE `data_types` ENABLE KEYS */;

--
-- Table structure for table `db_files`
--

DROP TABLE IF EXISTS `db_files`;
CREATE TABLE `db_files` (
  `id` int(11) NOT NULL auto_increment,
  `data` longblob,
  PRIMARY KEY  (`id`)
) ENGINE=InnoDB DEFAULT CHARSET=latin1;

--
-- Dumping data for table `db_files`
--


/*!40000 ALTER TABLE `db_files` DISABLE KEYS */;
INSERT INTO `db_files` VALUES (1,'\0JFIF\0\0H\0H\0\0Exif\0\0MM\0*\0\0\0\0\0\0\0\0\0\0\0\Z\0\0\0\0\0\0\0b\0\0\0\0\0\0\0j(\0\0\0\0\0\0\01\0\0\0\0\0\0\0r2\0\0\0\0\0\0\0i\0\0\0\0\0\0\0\0\0\0\0\0\0H\0\0\0\0\0\0H\0\0\0Adobe Photoshop 7.0\02003:12:21 11:36:57\0\0\0\0\0\0\0\0\0\0\0\0\0\0\0\0\0\0\0\0\0\0\0\0\0\0\0\0\0\0\0\0\0\0\0\0\0\0\Z\0\0\0\0\0\0\0\0\0\0\0\0(\0\0\0\0\0\0\0\0\0\0\0\0\0&\0\0\0\0\0\0\0\0\0\0\0\0\0H\0\0\0\0\0\0H\0\0\0\0JFIF\0\0H\0H\0\0\0Adobe_CM\0\0Adobe\0d\0\0\0\0\0			\n\r\r\r\0\0`\0\"\0\0\0?\0\0\0\0\0\0\0\0\0\0	\n\0\0\0\0\0\0\0\0\0	\n\03\0!1AQa\"q2B#$Rb34rC%Scs5&DTdEt6UeuF\'Vfv7GWgw\05\0!1AQaq\"2B#R3$brCScs4%&5DTdEU6teuFVfv\'7GWgw\0\0\0?\0*XB! `u4:xsk\ZOk5S~;OWM7k?9[NSu`q}\0nm~%\'\\O9>Ma9\"UPdCZ#\\1hmH\0G6\Z4<X}mQ+t\\LA-2HGqiu\09\0k12N\ro\0AOTo\\uhm}\\>S[\\p\rx\0gIu#gOW6G`0{vv8\\\\w0qn0l=&\n7A`i\"*H1]?IN\0S-KC\r@\0S+i`kvL*\r8=8[5?Vogf9`4M\0m{j`cXwMY5,x/kD$OyWcXON\0MWp\"-#N6oKV\ZG?<1>%z6eZuc`4\rMv~cq\n`O:!]wP\Z1%0wz\0sl}\'ypnZ/19.,1F\0,Z,%]\\cC~\"iKZLD5yk[Z}Y07\"D5ph[o]g`U]vV;}G$#c?E8NONX8VK$\\&{b}LpsV7jqh\rtO5G}%=;+9kvNu2qm-c[#JvH!\06#FfX~hiCw+C7\'sC\Z	ms:Szf@2j{Q\'f?),3lMX34n7Vn3 #u mM#?53<ATcuLys~foDM::.w1bfzwWCWSMyQiK}VF:Ka<\Z?]d`<T5$$w1s6,p[cG>~@jWQL?:>Is1k<~m\"p{-oOz?~Aeu6VT._TR\Zr\Z7svI}\0iby\Zm~%gc7I:?9P@j!VeaGt\ZZ9@m \n-O `e@T{5Gjw5{Jn+}bNcV-?_ya>G%}m_0^z4\Z4;=+%x7MphQs]otcI;\Zz|6zV~q\\Q7$@NO,x\0rO98>\rle$< o=T\n$.Uso\\a{\0q\0IOI%/&2+*Ze}G{+3:vxPn2?_StkIg;=>v9iw#\0W&N^Ka6Z_[dlkm{\09Lv{\0jw\0%Y]B+uvn\05+NK7i?xYRr`WBKmmW5dxrB\nq\ncm(tOG^2^Z1AkHXlw+lo[v0>-;8vp)IOK@yDetKp;gpJ]OZs> \'n7\'_qEIG<}/w-~kO,xe\\\r>?CU`mcec4~r2p1[{\ZlAOOekCmcDn7\r\0TkZeI?EhtKv.1Y@qe%qA:OHhe8[\'Zt)gd:zlN?Z?Tg{CN_ FZLto5Ziuw8\0n_M\0\0WPm-uu7+\"\0JR1)e~`&{SFCO\'V5\0MOaI\'R[sw 8>gWd=-%6zdst\0n?O19u}.	\\psk6+f6\rt@c\0c.Dzn?j6qnfprpF4O&f_~aL6\nl1N=\0=`X[T	c\05\0W@t`\\>`V	?i3\0uR\0*w\0|ATqS9k2Vs0I8\0X,8-|=x&3.cCY/hhzZ3$e+k/6Ma^oz1h33(.U:l(2lGpmaK}cm[no0V[SY[D47e:5.m-56GkW=e]{-763_oDf\0Y}e$;sJS@\'&px\0ILsYc.{l?sN+WoS7WSuv~@y^G\\e?rscZ\'p\0U% \r4;\rNjm8$Aa2d`Rk-\0\r{zNK}=;^mIq+s0gGUk\0~P9;Wd{aB\\Vn3v%NXXS[yu6{nfhwY/ai$!d_Kl@j\\Photoshop 3.0\08BIM%\0\0\0\0\0\0\0\0\0\0\0\0\0\0\0\0\0\0\0\0\08BIM\0\0\0\0\0\0H\0\0\0\0\0H\0\0\0\08BIM&\0\0\0\0\0\0\0\0\0\0\0\0\0\0\0?\0\08BIM\r\0\0\0\0\0\0\0\08BIM\0\0\0\0\0\0\0\08BIM\0\0\0\0\0	\0\0\0\0\0\0\0\0\08BIM\n\0\0\0\0\0\0\08BIM\'\0\0\0\0\0\n\0\0\0\0\0\0\0\08BIM\0\0\0\0\0H\0/ff\0\0lff\0\0\0\0\0\0\0/ff\0\0\0\0\0\0\0\0\02\0\0\0\0Z\0\0\0\0\0\0\0\0\05\0\0\0\0-\0\0\0\0\0\0\0\08BIM\0\0\0\0\0p\0\0\0\0\0\0\0\0\0\0\0\0\0\0\0\08BIM\0\0\0\0\0\0\0\0\0\0@\0\0@\0\0\0\08BIM\0\0\0\0\0\0\0\0\08BIM\Z\0\0\0\0[\0\0\0\0\0\0\0\0\0\0\0\0\0\0\0\0\0\0\0\0\01\0.\0E\0p\0h\0a\0p\0t\0i\0c\0 \0a\0c\0t\0i\0v\0i\0t\0y\0\0\0\0\0\0\0\0\0\0\0\0\0\0\0\0\0\0\0\0\0\0\0\0\0\0\0\0\0\0\0\0\0\0\0\0\0\0\0\0\0\0\0\0\0\0\0\0\0\0\0\0\0\0\0\0\0\0\0\0\0\0\0\0\0\0\0\0\0\0\0\0\0\0\0\0\0\0\0\0null\0\0\0\0\0\0boundsObjc\0\0\0\0\0\0\0\0\0Rct1\0\0\0\0\0\0\0Top long\0\0\0\0\0\0\0\0Leftlong\0\0\0\0\0\0\0\0Btomlong\0\0\0\0\0\0\0Rghtlong\0\0\0\0\0\0slicesVlLs\0\0\0Objc\0\0\0\0\0\0\0\0slice\0\0\0\0\0\0sliceIDlong\0\0\0\0\0\0\0groupIDlong\0\0\0\0\0\0\0originenum\0\0\0ESliceOrigin\0\0\0\rautoGenerated\0\0\0\0Typeenum\0\0\0\nESliceType\0\0\0\0Img \0\0\0boundsObjc\0\0\0\0\0\0\0\0\0Rct1\0\0\0\0\0\0\0Top long\0\0\0\0\0\0\0\0Leftlong\0\0\0\0\0\0\0\0Btomlong\0\0\0\0\0\0\0Rghtlong\0\0\0\0\0\0urlTEXT\0\0\0\0\0\0\0\0\0nullTEXT\0\0\0\0\0\0\0\0\0MsgeTEXT\0\0\0\0\0\0\0\0altTagTEXT\0\0\0\0\0\0\0\0cellTextIsHTMLbool\0\0\0cellTextTEXT\0\0\0\0\0\0\0\0	horzAlignenum\0\0\0ESliceHorzAlign\0\0\0default\0\0\0	vertAlignenum\0\0\0ESliceVertAlign\0\0\0default\0\0\0bgColorTypeenum\0\0\0ESliceBGColorType\0\0\0\0None\0\0\0	topOutsetlong\0\0\0\0\0\0\0\nleftOutsetlong\0\0\0\0\0\0\0bottomOutsetlong\0\0\0\0\0\0\0rightOutsetlong\0\0\0\0\08BIM\0\0\0\0\0\08BIM\0\0\0\0\0\0\0\08BIM\0\0\0\0\0\0\0\0\0\0\0\0\0`\0\0\0\0\0\0\0\0\0\0JFIF\0\0H\0H\0\0\0Adobe_CM\0\0Adobe\0d\0\0\0\0\0			\n\r\r\r\0\0`\0\"\0\0\0?\0\0\0\0\0\0\0\0\0\0	\n\0\0\0\0\0\0\0\0\0	\n\03\0!1AQa\"q2B#$Rb34rC%Scs5&DTdEt6UeuF\'Vfv7GWgw\05\0!1AQaq\"2B#R3$brCScs4%&5DTdEU6teuFVfv\'7GWgw\0\0\0?\0*XB! `u4:xsk\ZOk5S~;OWM7k?9[NSu`q}\0nm~%\'\\O9>Ma9\"UPdCZ#\\1hmH\0G6\Z4<X}mQ+t\\LA-2HGqiu\09\0k12N\ro\0AOTo\\uhm}\\>S[\\p\rx\0gIu#gOW6G`0{vv8\\\\w0qn0l=&\n7A`i\"*H1]?IN\0S-KC\r@\0S+i`kvL*\r8=8[5?Vogf9`4M\0m{j`cXwMY5,x/kD$OyWcXON\0MWp\"-#N6oKV\ZG?<1>%z6eZuc`4\rMv~cq\n`O:!]wP\Z1%0wz\0sl}\'ypnZ/19.,1F\0,Z,%]\\cC~\"iKZLD5yk[Z}Y07\"D5ph[o]g`U]vV;}G$#c?E8NONX8VK$\\&{b}LpsV7jqh\rtO5G}%=;+9kvNu2qm-c[#JvH!\06#FfX~hiCw+C7\'sC\Z	ms:Szf@2j{Q\'f?),3lMX34n7Vn3 #u mM#?53<ATcuLys~foDM::.w1bfzwWCWSMyQiK}VF:Ka<\Z?]d`<T5$$w1s6,p[cG>~@jWQL?:>Is1k<~m\"p{-oOz?~Aeu6VT._TR\Zr\Z7svI}\0iby\Zm~%gc7I:?9P@j!VeaGt\ZZ9@m \n-O `e@T{5Gjw5{Jn+}bNcV-?_ya>G%}m_0^z4\Z4;=+%x7MphQs]otcI;\Zz|6zV~q\\Q7$@NO,x\0rO98>\rle$< o=T\n$.Uso\\a{\0q\0IOI%/&2+*Ze}G{+3:vxPn2?_StkIg;=>v9iw#\0W&N^Ka6Z_[dlkm{\09Lv{\0jw\0%Y]B+uvn\05+NK7i?xYRr`WBKmmW5dxrB\nq\ncm(tOG^2^Z1AkHXlw+lo[v0>-;8vp)IOK@yDetKp;gpJ]OZs> \'n7\'_qEIG<}/w-~kO,xe\\\r>?CU`mcec4~r2p1[{\ZlAOOekCmcDn7\r\0TkZeI?EhtKv.1Y@qe%qA:OHhe8[\'Zt)gd:zlN?Z?Tg{CN_ FZLto5Ziuw8\0n_M\0\0WPm-uu7+\"\0JR1)e~`&{SFCO\'V5\0MOaI\'R[sw 8>gWd=-%6zdst\0n?O19u}.	\\psk6+f6\rt@c\0c.Dzn?j6qnfprpF4O&f_~aL6\nl1N=\0=`X[T	c\05\0W@t`\\>`V	?i3\0uR\0*w\0|ATqS9k2Vs0I8\0X,8-|=x&3.cCY/hhzZ3$e+k/6Ma^oz1h33(.U:l(2lGpmaK}cm[no0V[SY[D47e:5.m-56GkW=e]{-763_oDf\0Y}e$;sJS@\'&px\0ILsYc.{l?sN+WoS7WSuv~@y^G\\e?rscZ\'p\0U% \r4;\rNjm8$Aa2d`Rk-\0\r{zNK}=;^mIq+s0gGUk\0~P9;Wd{aB\\Vn3v%NXXS[yu6{nfhwY/ai$!d_Kl@j\08BIM!\0\0\0\0\0U\0\0\0\0\0\0\0A\0d\0o\0b\0e\0 \0P\0h\0o\0t\0o\0s\0h\0o\0p\0\0\0\0A\0d\0o\0b\0e\0 \0P\0h\0o\0t\0o\0s\0h\0o\0p\0 \07\0.\00\0\0\0\08BIM\0\0\0\0\0\0\0\0\0\0Hhttp://ns.adobe.com/xap/1.0/\0<?xpacket begin=\'\' id=\'W5M0MpCehiHzreSzNTczkc9d\'?>\n<?adobe-xap-filters esc=\"CR\"?>\n<x:xapmeta xmlns:x=\'adobe:ns:meta/\' x:xaptk=\'XMP toolkit 2.8.2-33, framework 1.5\'>\n<rdf:RDF xmlns:rdf=\'http://www.w3.org/1999/02/22-rdf-syntax-ns#\' xmlns:iX=\'http://ns.adobe.com/iX/1.0/\'>\n\n <rdf:Description about=\'uuid:d0bea264-33d3-11d8-9e78-ba3705a2cd74\'\n  xmlns:xapMM=\'http://ns.adobe.com/xap/1.0/mm/\'>\n  <xapMM:DocumentID>adobe:docid:photoshop:d0bea262-33d3-11d8-9e78-ba3705a2cd74</xapMM:DocumentID>\n </rdf:Description>\n\n</rdf:RDF>\n</x:xapmeta>\n                                                                                                    \n                                                                                                    \n                                                                                                    \n                                                                                                    \n                                                                                                    \n                                                                                                    \n                                                                                                    \n                                                                                                    \n                                                                                                    \n                                                                                                    \n                                                                                                    \n                                                                                                    \n                                                                                                    \n                                                                                                    \n                                                                                                    \n                                                                                                    \n                                                                                                    \n                                                                                                    \n                                                                                                    \n                                                                                                    \n                                                                                                    \n                                                                                                    \n                                                                                                    \n                                                                                                    \n                                                                                                    \n                                                                                                    \n                                                                                                    \n                                                                                                    \n                                                                                                    \n                                                                                                    \n                                                                                                    \n                                                                                                    \n                                                                                                    \n                                                                                                    \n                                                                                                    \n                                                                                                    \n                                                                                                    \n                                                                                                    \n                                                                                                    \n                                                                                                    \n                                                       \n<?xpacket end=\'w\'?>\0C\0	\n	\n	\n\n\r\n\n\0C\n\0\0\0\0\0\0\0\0\0\0\0\0\0\0\0\0\0	\0@\0\0\0\0!1AQ\"a#2BqR3Cb$S%cr\0\Z\0\0\0\0\0\0\0\0\0\0\0\0\0\0&\0\0\0\0\0\0\01!2\"A3#BCa\0\0\0?\0Y@r+\'`0z)Vv+FX\nmOK=]N\"N/[t*GI@kuJg:M%IV8B	W.F	KiZTGGfSGL:YuKJ )+\0B(VS+jwZp\Z^4n);ZM\0cH)\\@1>@t7!_zc	Bd_J-C\n!\r6N:@}a97APKY&X%)88GtR<%L~?nL~x]S.\0i\"\0j1ICN[x*vB\n[31BRQ\'.iX\0,w~mfMu)mG	J^)ufb+?rH=.(1[TJ\0c63efz+If\\d;\rv8TS)wJJPPF\'#m\r1hqm\\8z4lh%-3XQ^j{3-xwHw]XQZHy[!\'>\'/K0LC{`HtO{A\rs/\Z;G.J8d(>K,<b#;<kV(ZnT{M/_*S:[s3ZoVTGf\Zyjt}e{r\'c\0=^a@gNnJ\\DFF{PI[7d7k%eK_\'O5d-T[[}	?Vx\r~\' TY\0p$=[//9la)m[BN9[0n\Z-$O5KQ\0mNm\Zf?,nHKo~Z^?1++ARW8W@N=DWQ4\09jNRb:*$4;\Zk5tOj\nPbv)e-27pp+:m0\0Wx	2	\09\\l$UteBD9]\"nTft\nh4I.Od5hF!W`]M+kh3g[P]WL\\{E}&\r]pHH6TgO6E?J|yV\0K$9)9+5H`Z=GFOGb\rDI9?K{Nql!?+d>In![TCm+rU-fZ+2z[\nlRS^}\r97p9nt[e@m0\\Or8@i$yt)\\)#<=\rc!Nziq54[h. .*6-	6BC\\Tjo;D+u:_%K\0#*Bd.km;rR3\"\'Q_.}.Q_Pu[vWi\nJV\0!x\"@#zk>mmz\\TNz8nJ\0$l!VJQL5aW[?=G&FmI;P>6\0R3\\Egf7\'WoKtY\')\'*9b![Vb\0\Zj8qYt4m*%k~SS\n\ncWW\"!zHwoD=k3VRaP+w\n-{\Zu\\OW\\)(+N~OqNFg\"^8\'8Rqmj{HOQEP-z@E:yennQ#E9Ippr\"*\\<0\ZO?)BzVf@LvWo|WGRI\rNR\n%u\\Xb!\0n+*b#r}h-7BiT@9Ihip/7INm6[{Ek#[VBu2RChC5lHJJ\0W/E5)$*#JH#\0\0\\bC+K(>Al]BqZ=KP2 69S=F0*Tt8=*{[B8GPW+1.\\g<./kJRX]D\\U-3]L+~=Jd$LH$J\\{_VgO.xiIjZ*QuK\Z8Z	|\'V\nKg5MBhO\Zxw1Zv@rEVN:v<}#ki)\r,S>{{7z]3y%=]#qgO\\\\{Mx+=ZgJvK	nKSR$~MsHm7k1U_4u+Qm(}L\0\'\0%G^]`/;\0]$L~\0[,otpMmS\r=ArZ|7A4	\Z\r!)=_oPBkOg?\n^	H3SX1}]8H2 kIRA#eR\Z!e-z\\j\'J<(0\0oJWrQ(mY|\"ru0Z\"{zdZS0r\0EM4pNvSPzI	G]/jGz3QYR$vL<KB[Nri.uI/0}4km@ms-XKS;<T\r\0C>\Z4\\B@%XWCMZ%rAz&(UH\\zi-e%vw5Q\ZKAM%>{\nu+L0s\\]8\r6-|};TH^;AXN(\0jTIh\rA@t60)$qI\':qaF1\Z3DnF{}h\0M[u|W\Z\rntqR<\0\'\0nv[ZY.N-\"J4d4$Eu	Zl(j/Mal;E\'V-~-hf~P>yX*khum+	\0H\\3Xw!w\"Dve GJiPzN6@QK*+##snj)0|vNRKIJ&]QT~`FrhZbmj%N+7wTm.<EFAqXZYZ-1\\`xme;C&{L|]Dv[yhnB<+9f,L$Fz~=1kW^m%g\0mUT)`e\0Z7|v\n\"5!&)V}]>^4T6Lyt$H/G8Pg>VbF& %vDxV)>FZkk-U*b|9#qY;fyDR*Jo*_ZZ\"dywRH?Z\0y\Z6HO*Y&I\';B9Rtbl|r -@\r]%;\"9;:(ap~xFQY.:B\\GB>]Krc:F:um8~r~oUYMF*frvg,k;4~?LUm)zS[q|[**DL-ijS-fK\ZvV/?S]:Zm*lnMry5sW[S0ML[Ksw9-cAO[uQ+eP\Z~;GieGfZ|=c\r?!{*#WTGV -5xbGaujDS!;sm]p~,4=|+\0q^K,z$ip}I@+8\\%v;4IsssH\n;p&Eo[F:H]\'YJW!(PztzK}/.pdW{t:x\ZqsJ*QJb+^S ,rGU-J|W8R4Txl0%\"Y#H^<@	(o<8VnUT^f\nI fjyJOgkb%)I5cu|f5;TDQ^7d7m<u (\0E0*N?5EO^{7]\r%2\ZJ2{VKG~$NR{Y[t-MXhWfA@u)r;ypJBw&\0xLC <sxdtd%wj74MU\"6{q~.\rIZvGyFk3miHzZsc[uip8A}_FFa<Y-L|\'\0.T\n$0}\' u3	WQ;AB]4[_:OfLmM|4Ot8ULIOAV|}[7A8iVjvwA%6H-pL $)pfk9e\01Yr,hji:TZjCi[,]3S2n=#=7y./>wi<:O=tV)APvZt-hM/Rd	O;Ua]EX	v@fKGnV\01RBT4\\:GzYD78}x_85Y&bp}qFl`:3n2pR1%$9Ej-WzQ`n`pHO	Cd\"9&ldQN`\'\'k2xny~\\E{ jD4bIQ`\Z\\+$t]2nr]BSJ4l.V-?y[[Uk|K\'!<t* Ol\ZHs\r&:+#Jbgtx=;^WqOPgBj^Gq#)P+\0LD:\'>\ZQIB1;Y54[ip{PN%YGn0\rn0[,XL\ZP[Y\'*zD\n-iSEFQ}pJKMm3[Y@i9Dy1\Z@MpVOy5!2	b%Z^6\n<}j}dkF?ug%iv*8}G\0mn%KA5yF2V!S,Vw	;bHiXm?IG/W`y%N>`+*{,)y=F~a;ROnq3e7bCnZPZ2s6\"47K;H!G<b+jPz6{S\\xH]/Dunr$\0d09,F\\FkokDW:q,#H8\0)V2[+Is+@,{Sk:b?h,1:?+;~\"0*-Z^^+2Vl~Iz\0xSszAxxpgVU-JJjq092`$+VjDS7Q)LN-I	m&.ga\"=\"10*1hT2	y{G4^&u\0hSoX!i#ri|Q3 `$R	CKy7$8upeu+Ww$3BOF>U\\\n5]IPyxUZcpT5gI:o]3MAS:W1OW+?}WN6jsyBVMBI.O!$Yg1m7K[WFsYpBm|BY85Z6MAjy*Cx\nrA3zP5JB=)%?A]rp2%zym%yycH\0o}Z\0R\ZJg3tj4\'T>(Sy	W?^dud\\ts@=G7\ZN,QVi\0d:jXH1D~\ZVb#g:VR}X~m-.{ziVJRv\Z/-F+RYeM;!u3CMx_Bp|@K`#[>C*4%\'?19^X)0Tw57-umjTvZq8Gj+x7Z-Hf+kA)6$em.&Y?45kSYRTvv%\":\nuc.nuOW~+@tk|},9;yLFGar@&d>?P@\rxWd)\\S^_R6E\'Gfr;L{=GoqN*\n`E%) v-:!?5ZTP.CknqU>[}_\0j^-1\n3e~PL}y*&Ai!j(?uYkeP$5D,0RN(#~{\\d?DKWY2*34n|.ZbogprFJeLv\"Z\\JW=u2Ag=9Mi\0A[,\rpi9\0@z*_7Zl>o=J%lPkW*/J1yB&CJ\Z&#YnBI5R3j\n\nsF|<\"PeV{UDir)QaV&$be  G5JNw83l\rN>3L{Be$|\Z}&7]GveXY[!ZF;k& 1t/|C$\"C{\03-D\\*!bGu8BP2x4qz+}Z)<bAKJX,]wBy-}L;Gr6Q^E+VY+<u2x5fbya3WL[9YZkmBJ0i;M\0aEW>FE$DE}y]J?:t*$zi{LmQ\r{w\n;L]Ze/gUB\r/\\\"K}UnJecKB=(\03J^ke6+zFIoe?*oBb4FRR@-cTWT]]	*fBP2uy1^Il\\YJX<pc}1[n}b%m:y.36ZF	XMlqrPv6I].Y)rE^:X:BV:+1Qm;p}WrYKHfjO[k%3KJ&LJJQ.\Z2~z\ZV	yFR~#5&P;P4e;Kw{I>g]GM;xs@oYgE\"Y$5\nKw\'\r{z\"GEVCX^eOf*;\nv:GmcL,1$[5<{L?3hJL{-e8*=1M\\5C6xsv642Egq?g\'6[H=kKE/7>j@VI^\\Vv\ZQ\nMeJt\rI?z+:X	X?JE1o##%JnZRx\"#%7\0u4\0skE\\XIm5GwD64e#b\\xc?`WW-E]yR\0PSM=5$<f<b&J0f\nK+%m25%6BSIoYr4QTMOf_V79|\0{Vm]u[~GDI6NLS~-HK\rD\0w|,/\r$X0k{-?w4T/We[CVI((8TrDXO+/q{!?#x/(]+[h0J+*[t{*WD5eY>m\r\Zwp(\Z(eUv =%?Q\0\n+E:.a.LcWWDKev)\rM^?kW<ykk6E\rt;,3kYue_QpcIO&\0a/ 89-fBv*oP*s\\SlIj(WQHIvcNy;	B?Zi;IQ:A>)E`#e\'F9[m(Jr5+`c{23~.,S>YM3f@zhex/2\\qzZhVD;\nq	_~@K7zV{Hz}x-lNEsBO(5hZJstxDUc{\"OGNS)ZdU~m\"zi-Jd}ms@T\'$PZ77MG)Kxooh[x\rn:no1)F<HhMLP\nNRmsWn4fr8|J4JK8S8QKV%[_RfCBp?6u*S5SZI))V(eX)8Zk*g\0!vq@Y.O_R{SQ4Zgv2[_?JNW\nj~*l\0ZzX{e@+3luGdIq8ATWId7z`*${W\"\0R#4	 *P9@d:%Gi=\"M>n-JlzlS$FbzI[L)N+4ZY8|\n0jzf(*\Z5)(	Gq^S!M\n\\@%Vw;xHc}*m\0ZZzX~[J|6sPY2T?KEJIfTugm_rN9N	9s@-Z)+$-2f8U*  ),%[y4)\"AKm>si4M#]\\\"f`mK|nW&+=w0S[LSZW+t6[2x\0w^gTUiY/>D`\0ZN\ZOtg2c<Jo6Kbn\\{~U1Pb%Vn\'LWU-m;az@P=$\']9+^%4m?-b\0HJdO	(Nj=^olScQ:\ZJzEP9Zhhz=ZcKbq]2KakuT68`XM\"(C@\nI-3]:\0\r\"\r<dz$\'9 =h=S7Za\0#p8g0$,\\&	qq\"G<MxW9}0Q!HVP]BG]IM\0tuO)1\\[F[[*z{--.41\0!mRnis,ng+FJ1GVA-Q{ktj*\0{l[	#V23@uFk\'8VB\".k\'I ctUMX]]yW45^@T[OyP7btQspVb2/RacdWZq\'Ku&Y\0~j-.U|r`dZ$&PKaa@G}IHg5\'`{%7-CtC44)=n2jj\'6#^-OjzOW70\0Oh H\\GR{P%rHpr?)\'\\[|2[<hh+cZf\'T`mZ6t-1),\0 *\'HtKSkl[y\Z3yCU<4V7l:M\\KPKd\0j\'\\%qv2/Jk2hgb\npT9\'MKQ %]\rWVB|,#\n<B1Sw4vM\Z=[CGbO\0b[[n`l[#?om,L a@Hun7MR\n\\N(.5Hx\"	\ZCiPpM2vV|Wl[dpkp`hD5/Z9XY^xwWlkRLeis=r\"d>^c)`~ 0Q[p];, v5hbU7Ka(b5ha		R?3ThD+cR-%~=\n}`Y+%gIte]NVIv|}Mk(\\qw\'45r<,-C:M[ze	M1)Sj\0z\07V[7\0q ?<oP]6S.kwBcK_fn2U!8q\\J~\"| }q9q\rRbq\0)/E#85Rh=Vi~\0=H1.*ntXQ=--kVeLpBK27,i*H_a/E=_)k_zK\Z[}B+til	w$cE\'>:1Mx\rmmcRrDPOv<\rQ\\]jIHY[@\";iS.[%vs_CVTFu~}ceR\\S`1,Z6769tFjuB/\0oKF0Z]Zki2Rn%VLw1Sw$/\r!shL?\'nq\ny$:q@MuBZ1%.2Q[:/z6mW\rq$8+9C\0:;O(QH#2;h}&t21m!Wrr?wd;Bc?%(:-pNPRP>*N\r5K+ew=G_J\\\0iX$H#Ey$bS\0!eTc\"(]i&qn?SK}jHhWh\n[+#Zx1dLlq, N\nDDkW$/mV^\\~FRv1JLi1~.-\'$R?.ca.o*q=cXB\"s1A?0?s0iV\"D}{\rClnL[	0Ty6(WBf3d&R_g9iPcBTr>mNsQ1|Kt%3sG<e)1Mf&Iuoa^KJ!\r\n\0uq-)\r\'cIeg(\\Sj!kW\0Y2n}&5\ZzEr!^@V0H1mCT{PG@$Frm!q2$R1@X^YN\nEnIJ	o@$&%vs-)*$+!.>1\nB\'Gz5[-z\nt\ZAu[Z~k;pnRZ_^?JT<]BN0G|PrW\\i\n)wnB}\r\0K Epejq=c51UeZ^R%pq>h%:)OA&!hz!QmARkGnTk^pqJIF T\0Wo1BcRrctBk]\ZoG[zcz`%RJ8lKhs;\nDD	=Akl\07SI1:LMafC]B$w|@iW!9!QcBIZxG&zvIDUJ[OzjkK-{}urvh+B%yK\'s8\n?`Ht2o6LFr7@usS\'z8<x-<~(KHSAyA1J;~YM=)hv9S!@\r$lr@>\Z_Ctm@*6r`@	Mmx85m)I^lH2B\0\n}Z]Kni+r2adh&Zr*\nK>l@=:[AE\0\"C)lfQ\'Z\0+o[t<;J5U~r,RNt:wrzIL	HMd+_C#J/\0.Ulk8\05X}+UzJ8x@oM76tty7/5\rHg9xOz&LuR\']*]BRG]T_j}sU?v;caOz55o@cX:u-2\0[NC\r^z\0C	R,zj}s@?:G%JPd%-9VGi:\0.\Zvx|d#EXS$\0Zpa\nG_-}Cb!bNA^(\0]em 4\0|y2q.%:DrK00K]P+O&{IW2>+ V?*#66Kq\'mj1YAO:C,cw5\r;9`Z\n<;w#NC,[%	%seECy\0\Zc	6@OKW@\Z9>s&Mjoh>gZ*oGGJ/\0X=.?MoQI J3Am+!jZs\0f a!	Wb0'),(2,'\0JFIF\0\0H\0H\0\0Exif\0\0MM\0*\0\0\0\0\0\0\0\0\0\0\0\Z\0\0\0\0\0\0\0b\0\0\0\0\0\0\0j(\0\0\0\0\0\0\01\0\0\0\0\0\0\0r2\0\0\0\0\0\0\0i\0\0\0\0\0\0\0\0\0\0\0\0\0H\0\0\0\0\0\0H\0\0\0Adobe Photoshop 7.0\02003:12:21 11:36:57\0\0\0\0\0\0\0\0\0\0\0\0\0\0\0\0\0\0\0\0\0\0\0\0\0\0\0\0\0\0\0\0\0\0\0\0\0\0\Z\0\0\0\0\0\0\0\0\0\0\0\0(\0\0\0\0\0\0\0\0\0\0\0\0\0&\0\0\0\0\0\0\0\0\0\0\0\0\0H\0\0\0\0\0\0H\0\0\0\0JFIF\0\0H\0H\0\0\0Adobe_CM\0\0Adobe\0d\0\0\0\0\0			\n\r\r\r\0\0`\0\"\0\0\0?\0\0\0\0\0\0\0\0\0\0	\n\0\0\0\0\0\0\0\0\0	\n\03\0!1AQa\"q2B#$Rb34rC%Scs5&DTdEt6UeuF\'Vfv7GWgw\05\0!1AQaq\"2B#R3$brCScs4%&5DTdEU6teuFVfv\'7GWgw\0\0\0?\0*XB! `u4:xsk\ZOk5S~;OWM7k?9[NSu`q}\0nm~%\'\\O9>Ma9\"UPdCZ#\\1hmH\0G6\Z4<X}mQ+t\\LA-2HGqiu\09\0k12N\ro\0AOTo\\uhm}\\>S[\\p\rx\0gIu#gOW6G`0{vv8\\\\w0qn0l=&\n7A`i\"*H1]?IN\0S-KC\r@\0S+i`kvL*\r8=8[5?Vogf9`4M\0m{j`cXwMY5,x/kD$OyWcXON\0MWp\"-#N6oKV\ZG?<1>%z6eZuc`4\rMv~cq\n`O:!]wP\Z1%0wz\0sl}\'ypnZ/19.,1F\0,Z,%]\\cC~\"iKZLD5yk[Z}Y07\"D5ph[o]g`U]vV;}G$#c?E8NONX8VK$\\&{b}LpsV7jqh\rtO5G}%=;+9kvNu2qm-c[#JvH!\06#FfX~hiCw+C7\'sC\Z	ms:Szf@2j{Q\'f?),3lMX34n7Vn3 #u mM#?53<ATcuLys~foDM::.w1bfzwWCWSMyQiK}VF:Ka<\Z?]d`<T5$$w1s6,p[cG>~@jWQL?:>Is1k<~m\"p{-oOz?~Aeu6VT._TR\Zr\Z7svI}\0iby\Zm~%gc7I:?9P@j!VeaGt\ZZ9@m \n-O `e@T{5Gjw5{Jn+}bNcV-?_ya>G%}m_0^z4\Z4;=+%x7MphQs]otcI;\Zz|6zV~q\\Q7$@NO,x\0rO98>\rle$< o=T\n$.Uso\\a{\0q\0IOI%/&2+*Ze}G{+3:vxPn2?_StkIg;=>v9iw#\0W&N^Ka6Z_[dlkm{\09Lv{\0jw\0%Y]B+uvn\05+NK7i?xYRr`WBKmmW5dxrB\nq\ncm(tOG^2^Z1AkHXlw+lo[v0>-;8vp)IOK@yDetKp;gpJ]OZs> \'n7\'_qEIG<}/w-~kO,xe\\\r>?CU`mcec4~r2p1[{\ZlAOOekCmcDn7\r\0TkZeI?EhtKv.1Y@qe%qA:OHhe8[\'Zt)gd:zlN?Z?Tg{CN_ FZLto5Ziuw8\0n_M\0\0WPm-uu7+\"\0JR1)e~`&{SFCO\'V5\0MOaI\'R[sw 8>gWd=-%6zdst\0n?O19u}.	\\psk6+f6\rt@c\0c.Dzn?j6qnfprpF4O&f_~aL6\nl1N=\0=`X[T	c\05\0W@t`\\>`V	?i3\0uR\0*w\0|ATqS9k2Vs0I8\0X,8-|=x&3.cCY/hhzZ3$e+k/6Ma^oz1h33(.U:l(2lGpmaK}cm[no0V[SY[D47e:5.m-56GkW=e]{-763_oDf\0Y}e$;sJS@\'&px\0ILsYc.{l?sN+WoS7WSuv~@y^G\\e?rscZ\'p\0U% \r4;\rNjm8$Aa2d`Rk-\0\r{zNK}=;^mIq+s0gGUk\0~P9;Wd{aB\\Vn3v%NXXS[yu6{nfhwY/ai$!d_Kl@j\\Photoshop 3.0\08BIM%\0\0\0\0\0\0\0\0\0\0\0\0\0\0\0\0\0\0\0\0\08BIM\0\0\0\0\0\0H\0\0\0\0\0H\0\0\0\08BIM&\0\0\0\0\0\0\0\0\0\0\0\0\0\0\0?\0\08BIM\r\0\0\0\0\0\0\0\08BIM\0\0\0\0\0\0\0\08BIM\0\0\0\0\0	\0\0\0\0\0\0\0\0\08BIM\n\0\0\0\0\0\0\08BIM\'\0\0\0\0\0\n\0\0\0\0\0\0\0\08BIM\0\0\0\0\0H\0/ff\0\0lff\0\0\0\0\0\0\0/ff\0\0\0\0\0\0\0\0\02\0\0\0\0Z\0\0\0\0\0\0\0\0\05\0\0\0\0-\0\0\0\0\0\0\0\08BIM\0\0\0\0\0p\0\0\0\0\0\0\0\0\0\0\0\0\0\0\0\08BIM\0\0\0\0\0\0\0\0\0\0@\0\0@\0\0\0\08BIM\0\0\0\0\0\0\0\0\08BIM\Z\0\0\0\0[\0\0\0\0\0\0\0\0\0\0\0\0\0\0\0\0\0\0\0\0\01\0.\0E\0p\0h\0a\0p\0t\0i\0c\0 \0a\0c\0t\0i\0v\0i\0t\0y\0\0\0\0\0\0\0\0\0\0\0\0\0\0\0\0\0\0\0\0\0\0\0\0\0\0\0\0\0\0\0\0\0\0\0\0\0\0\0\0\0\0\0\0\0\0\0\0\0\0\0\0\0\0\0\0\0\0\0\0\0\0\0\0\0\0\0\0\0\0\0\0\0\0\0\0\0\0\0\0null\0\0\0\0\0\0boundsObjc\0\0\0\0\0\0\0\0\0Rct1\0\0\0\0\0\0\0Top long\0\0\0\0\0\0\0\0Leftlong\0\0\0\0\0\0\0\0Btomlong\0\0\0\0\0\0\0Rghtlong\0\0\0\0\0\0slicesVlLs\0\0\0Objc\0\0\0\0\0\0\0\0slice\0\0\0\0\0\0sliceIDlong\0\0\0\0\0\0\0groupIDlong\0\0\0\0\0\0\0originenum\0\0\0ESliceOrigin\0\0\0\rautoGenerated\0\0\0\0Typeenum\0\0\0\nESliceType\0\0\0\0Img \0\0\0boundsObjc\0\0\0\0\0\0\0\0\0Rct1\0\0\0\0\0\0\0Top long\0\0\0\0\0\0\0\0Leftlong\0\0\0\0\0\0\0\0Btomlong\0\0\0\0\0\0\0Rghtlong\0\0\0\0\0\0urlTEXT\0\0\0\0\0\0\0\0\0nullTEXT\0\0\0\0\0\0\0\0\0MsgeTEXT\0\0\0\0\0\0\0\0altTagTEXT\0\0\0\0\0\0\0\0cellTextIsHTMLbool\0\0\0cellTextTEXT\0\0\0\0\0\0\0\0	horzAlignenum\0\0\0ESliceHorzAlign\0\0\0default\0\0\0	vertAlignenum\0\0\0ESliceVertAlign\0\0\0default\0\0\0bgColorTypeenum\0\0\0ESliceBGColorType\0\0\0\0None\0\0\0	topOutsetlong\0\0\0\0\0\0\0\nleftOutsetlong\0\0\0\0\0\0\0bottomOutsetlong\0\0\0\0\0\0\0rightOutsetlong\0\0\0\0\08BIM\0\0\0\0\0\08BIM\0\0\0\0\0\0\0\08BIM\0\0\0\0\0\0\0\0\0\0\0\0\0`\0\0\0\0\0\0\0\0\0\0JFIF\0\0H\0H\0\0\0Adobe_CM\0\0Adobe\0d\0\0\0\0\0			\n\r\r\r\0\0`\0\"\0\0\0?\0\0\0\0\0\0\0\0\0\0	\n\0\0\0\0\0\0\0\0\0	\n\03\0!1AQa\"q2B#$Rb34rC%Scs5&DTdEt6UeuF\'Vfv7GWgw\05\0!1AQaq\"2B#R3$brCScs4%&5DTdEU6teuFVfv\'7GWgw\0\0\0?\0*XB! `u4:xsk\ZOk5S~;OWM7k?9[NSu`q}\0nm~%\'\\O9>Ma9\"UPdCZ#\\1hmH\0G6\Z4<X}mQ+t\\LA-2HGqiu\09\0k12N\ro\0AOTo\\uhm}\\>S[\\p\rx\0gIu#gOW6G`0{vv8\\\\w0qn0l=&\n7A`i\"*H1]?IN\0S-KC\r@\0S+i`kvL*\r8=8[5?Vogf9`4M\0m{j`cXwMY5,x/kD$OyWcXON\0MWp\"-#N6oKV\ZG?<1>%z6eZuc`4\rMv~cq\n`O:!]wP\Z1%0wz\0sl}\'ypnZ/19.,1F\0,Z,%]\\cC~\"iKZLD5yk[Z}Y07\"D5ph[o]g`U]vV;}G$#c?E8NONX8VK$\\&{b}LpsV7jqh\rtO5G}%=;+9kvNu2qm-c[#JvH!\06#FfX~hiCw+C7\'sC\Z	ms:Szf@2j{Q\'f?),3lMX34n7Vn3 #u mM#?53<ATcuLys~foDM::.w1bfzwWCWSMyQiK}VF:Ka<\Z?]d`<T5$$w1s6,p[cG>~@jWQL?:>Is1k<~m\"p{-oOz?~Aeu6VT._TR\Zr\Z7svI}\0iby\Zm~%gc7I:?9P@j!VeaGt\ZZ9@m \n-O `e@T{5Gjw5{Jn+}bNcV-?_ya>G%}m_0^z4\Z4;=+%x7MphQs]otcI;\Zz|6zV~q\\Q7$@NO,x\0rO98>\rle$< o=T\n$.Uso\\a{\0q\0IOI%/&2+*Ze}G{+3:vxPn2?_StkIg;=>v9iw#\0W&N^Ka6Z_[dlkm{\09Lv{\0jw\0%Y]B+uvn\05+NK7i?xYRr`WBKmmW5dxrB\nq\ncm(tOG^2^Z1AkHXlw+lo[v0>-;8vp)IOK@yDetKp;gpJ]OZs> \'n7\'_qEIG<}/w-~kO,xe\\\r>?CU`mcec4~r2p1[{\ZlAOOekCmcDn7\r\0TkZeI?EhtKv.1Y@qe%qA:OHhe8[\'Zt)gd:zlN?Z?Tg{CN_ FZLto5Ziuw8\0n_M\0\0WPm-uu7+\"\0JR1)e~`&{SFCO\'V5\0MOaI\'R[sw 8>gWd=-%6zdst\0n?O19u}.	\\psk6+f6\rt@c\0c.Dzn?j6qnfprpF4O&f_~aL6\nl1N=\0=`X[T	c\05\0W@t`\\>`V	?i3\0uR\0*w\0|ATqS9k2Vs0I8\0X,8-|=x&3.cCY/hhzZ3$e+k/6Ma^oz1h33(.U:l(2lGpmaK}cm[no0V[SY[D47e:5.m-56GkW=e]{-763_oDf\0Y}e$;sJS@\'&px\0ILsYc.{l?sN+WoS7WSuv~@y^G\\e?rscZ\'p\0U% \r4;\rNjm8$Aa2d`Rk-\0\r{zNK}=;^mIq+s0gGUk\0~P9;Wd{aB\\Vn3v%NXXS[yu6{nfhwY/ai$!d_Kl@j\08BIM!\0\0\0\0\0U\0\0\0\0\0\0\0A\0d\0o\0b\0e\0 \0P\0h\0o\0t\0o\0s\0h\0o\0p\0\0\0\0A\0d\0o\0b\0e\0 \0P\0h\0o\0t\0o\0s\0h\0o\0p\0 \07\0.\00\0\0\0\08BIM\0\0\0\0\0\0\0\0\0\0Hhttp://ns.adobe.com/xap/1.0/\0<?xpacket begin=\'\' id=\'W5M0MpCehiHzreSzNTczkc9d\'?>\n<?adobe-xap-filters esc=\"CR\"?>\n<x:xapmeta xmlns:x=\'adobe:ns:meta/\' x:xaptk=\'XMP toolkit 2.8.2-33, framework 1.5\'>\n<rdf:RDF xmlns:rdf=\'http://www.w3.org/1999/02/22-rdf-syntax-ns#\' xmlns:iX=\'http://ns.adobe.com/iX/1.0/\'>\n\n <rdf:Description about=\'uuid:d0bea264-33d3-11d8-9e78-ba3705a2cd74\'\n  xmlns:xapMM=\'http://ns.adobe.com/xap/1.0/mm/\'>\n  <xapMM:DocumentID>adobe:docid:photoshop:d0bea262-33d3-11d8-9e78-ba3705a2cd74</xapMM:DocumentID>\n </rdf:Description>\n\n</rdf:RDF>\n</x:xapmeta>\n                                                                                                    \n                                                                                                    \n                                                                                                    \n                                                                                                    \n                                                                                                    \n                                                                                                    \n                                                                                                    \n                                                                                                    \n                                                                                                    \n                                                                                                    \n                                                                                                    \n                                                                                                    \n                                                                                                    \n                                                                                                    \n                                                                                                    \n                                                                                                    \n                                                                                                    \n                                                                                                    \n                                                                                                    \n                                                                                                    \n                                                                                                    \n                                                                                                    \n                                                                                                    \n                                                                                                    \n                                                                                                    \n                                                                                                    \n                                                                                                    \n                                                                                                    \n                                                                                                    \n                                                                                                    \n                                                                                                    \n                                                                                                    \n                                                                                                    \n                                                                                                    \n                                                                                                    \n                                                                                                    \n                                                                                                    \n                                                                                                    \n                                                                                                    \n                                                                                                    \n                                                       \n<?xpacket end=\'w\'?>\0C\0	\n	\n	\n\n\r\n\n\0C\n\0\0$\00\0\0\0\0\0\0\0\0\0\0\0\0\0\0\0	\05\0\0\0\0\0\0\0\0!1\"2AQa$q#3Bb\0\0\0\0\0\0\0\0\0\0\0\0\0\0\0\0,\0	\0\0\0\0\0\0\0\0\0!1A\"2#4BQq\0\0\0?\0+Lz>I	X[pt3(5NoM,$-U;e\rDb<%RJ}|UbaFH\'60\ryR^@	WdMp{nA@	+RVh=$:Q HAZ)XBq)99=^BO{E)!k$X_t4U5!P4)xH@$mWE~<ZtQTby-THJ(H)Jw_	\'$\'1DETav]OSo>eJW%lEzhavJ`!OR^`8L*)Tydmp>#R1f)\n%HQM}Id\'.V,O/K9PkNQAqh*C\ZEIbS`-eV2d*2ueh`Z6HC04SWw\ZQX%\r	IM5u<vrRcg\ZbyTGIOI7}{6*usj*7dlXi,+liwg.p.2RRkI]\Z?MdRIPR:mp`Jf$D`1sZmM,G|Ql?Mje0^Yq7	G-;7J%!$smD5w}^\rVhY2)QPmn/;g32cIZrq\ZIi)%*KlkJ\Z* Nnm1Ti@\0:]1?VQ*J\04[En#&w:N~Vw3fsr4%Ld9j|KGc'),(3,'\0JFIF\0\0H\0H\0\0Exif\0\0MM\0*\0\0\0\0\0\0\0\0\0\0\0\Z\0\0\0\0\0\0\0b\0\0\0\0\0\0\0j(\0\0\0\0\0\0\01\0\0\0\0\0\0\0r2\0\0\0\0\0\0\0i\0\0\0\0\0\0\0\0\0\0\0\0\0H\0\0\0\0\0\0H\0\0\0Adobe Photoshop 7.0\02003:12:21 11:36:57\0\0\0\0\0\0\0\0\0\0\0\0\0\0\0\0\0\0\0\0\0\0\0\0\0\0\0\0\0\0\0\0\0\0\0\0\0\0\Z\0\0\0\0\0\0\0\0\0\0\0\0(\0\0\0\0\0\0\0\0\0\0\0\0\0&\0\0\0\0\0\0\0\0\0\0\0\0\0H\0\0\0\0\0\0H\0\0\0\0JFIF\0\0H\0H\0\0\0Adobe_CM\0\0Adobe\0d\0\0\0\0\0			\n\r\r\r\0\0`\0\"\0\0\0?\0\0\0\0\0\0\0\0\0\0	\n\0\0\0\0\0\0\0\0\0	\n\03\0!1AQa\"q2B#$Rb34rC%Scs5&DTdEt6UeuF\'Vfv7GWgw\05\0!1AQaq\"2B#R3$brCScs4%&5DTdEU6teuFVfv\'7GWgw\0\0\0?\0*XB! `u4:xsk\ZOk5S~;OWM7k?9[NSu`q}\0nm~%\'\\O9>Ma9\"UPdCZ#\\1hmH\0G6\Z4<X}mQ+t\\LA-2HGqiu\09\0k12N\ro\0AOTo\\uhm}\\>S[\\p\rx\0gIu#gOW6G`0{vv8\\\\w0qn0l=&\n7A`i\"*H1]?IN\0S-KC\r@\0S+i`kvL*\r8=8[5?Vogf9`4M\0m{j`cXwMY5,x/kD$OyWcXON\0MWp\"-#N6oKV\ZG?<1>%z6eZuc`4\rMv~cq\n`O:!]wP\Z1%0wz\0sl}\'ypnZ/19.,1F\0,Z,%]\\cC~\"iKZLD5yk[Z}Y07\"D5ph[o]g`U]vV;}G$#c?E8NONX8VK$\\&{b}LpsV7jqh\rtO5G}%=;+9kvNu2qm-c[#JvH!\06#FfX~hiCw+C7\'sC\Z	ms:Szf@2j{Q\'f?),3lMX34n7Vn3 #u mM#?53<ATcuLys~foDM::.w1bfzwWCWSMyQiK}VF:Ka<\Z?]d`<T5$$w1s6,p[cG>~@jWQL?:>Is1k<~m\"p{-oOz?~Aeu6VT._TR\Zr\Z7svI}\0iby\Zm~%gc7I:?9P@j!VeaGt\ZZ9@m \n-O `e@T{5Gjw5{Jn+}bNcV-?_ya>G%}m_0^z4\Z4;=+%x7MphQs]otcI;\Zz|6zV~q\\Q7$@NO,x\0rO98>\rle$< o=T\n$.Uso\\a{\0q\0IOI%/&2+*Ze}G{+3:vxPn2?_StkIg;=>v9iw#\0W&N^Ka6Z_[dlkm{\09Lv{\0jw\0%Y]B+uvn\05+NK7i?xYRr`WBKmmW5dxrB\nq\ncm(tOG^2^Z1AkHXlw+lo[v0>-;8vp)IOK@yDetKp;gpJ]OZs> \'n7\'_qEIG<}/w-~kO,xe\\\r>?CU`mcec4~r2p1[{\ZlAOOekCmcDn7\r\0TkZeI?EhtKv.1Y@qe%qA:OHhe8[\'Zt)gd:zlN?Z?Tg{CN_ FZLto5Ziuw8\0n_M\0\0WPm-uu7+\"\0JR1)e~`&{SFCO\'V5\0MOaI\'R[sw 8>gWd=-%6zdst\0n?O19u}.	\\psk6+f6\rt@c\0c.Dzn?j6qnfprpF4O&f_~aL6\nl1N=\0=`X[T	c\05\0W@t`\\>`V	?i3\0uR\0*w\0|ATqS9k2Vs0I8\0X,8-|=x&3.cCY/hhzZ3$e+k/6Ma^oz1h33(.U:l(2lGpmaK}cm[no0V[SY[D47e:5.m-56GkW=e]{-763_oDf\0Y}e$;sJS@\'&px\0ILsYc.{l?sN+WoS7WSuv~@y^G\\e?rscZ\'p\0U% \r4;\rNjm8$Aa2d`Rk-\0\r{zNK}=;^mIq+s0gGUk\0~P9;Wd{aB\\Vn3v%NXXS[yu6{nfhwY/ai$!d_Kl@j\\Photoshop 3.0\08BIM%\0\0\0\0\0\0\0\0\0\0\0\0\0\0\0\0\0\0\0\0\08BIM\0\0\0\0\0\0H\0\0\0\0\0H\0\0\0\08BIM&\0\0\0\0\0\0\0\0\0\0\0\0\0\0\0?\0\08BIM\r\0\0\0\0\0\0\0\08BIM\0\0\0\0\0\0\0\08BIM\0\0\0\0\0	\0\0\0\0\0\0\0\0\08BIM\n\0\0\0\0\0\0\08BIM\'\0\0\0\0\0\n\0\0\0\0\0\0\0\08BIM\0\0\0\0\0H\0/ff\0\0lff\0\0\0\0\0\0\0/ff\0\0\0\0\0\0\0\0\02\0\0\0\0Z\0\0\0\0\0\0\0\0\05\0\0\0\0-\0\0\0\0\0\0\0\08BIM\0\0\0\0\0p\0\0\0\0\0\0\0\0\0\0\0\0\0\0\0\08BIM\0\0\0\0\0\0\0\0\0\0@\0\0@\0\0\0\08BIM\0\0\0\0\0\0\0\0\08BIM\Z\0\0\0\0[\0\0\0\0\0\0\0\0\0\0\0\0\0\0\0\0\0\0\0\0\01\0.\0E\0p\0h\0a\0p\0t\0i\0c\0 \0a\0c\0t\0i\0v\0i\0t\0y\0\0\0\0\0\0\0\0\0\0\0\0\0\0\0\0\0\0\0\0\0\0\0\0\0\0\0\0\0\0\0\0\0\0\0\0\0\0\0\0\0\0\0\0\0\0\0\0\0\0\0\0\0\0\0\0\0\0\0\0\0\0\0\0\0\0\0\0\0\0\0\0\0\0\0\0\0\0\0\0null\0\0\0\0\0\0boundsObjc\0\0\0\0\0\0\0\0\0Rct1\0\0\0\0\0\0\0Top long\0\0\0\0\0\0\0\0Leftlong\0\0\0\0\0\0\0\0Btomlong\0\0\0\0\0\0\0Rghtlong\0\0\0\0\0\0slicesVlLs\0\0\0Objc\0\0\0\0\0\0\0\0slice\0\0\0\0\0\0sliceIDlong\0\0\0\0\0\0\0groupIDlong\0\0\0\0\0\0\0originenum\0\0\0ESliceOrigin\0\0\0\rautoGenerated\0\0\0\0Typeenum\0\0\0\nESliceType\0\0\0\0Img \0\0\0boundsObjc\0\0\0\0\0\0\0\0\0Rct1\0\0\0\0\0\0\0Top long\0\0\0\0\0\0\0\0Leftlong\0\0\0\0\0\0\0\0Btomlong\0\0\0\0\0\0\0Rghtlong\0\0\0\0\0\0urlTEXT\0\0\0\0\0\0\0\0\0nullTEXT\0\0\0\0\0\0\0\0\0MsgeTEXT\0\0\0\0\0\0\0\0altTagTEXT\0\0\0\0\0\0\0\0cellTextIsHTMLbool\0\0\0cellTextTEXT\0\0\0\0\0\0\0\0	horzAlignenum\0\0\0ESliceHorzAlign\0\0\0default\0\0\0	vertAlignenum\0\0\0ESliceVertAlign\0\0\0default\0\0\0bgColorTypeenum\0\0\0ESliceBGColorType\0\0\0\0None\0\0\0	topOutsetlong\0\0\0\0\0\0\0\nleftOutsetlong\0\0\0\0\0\0\0bottomOutsetlong\0\0\0\0\0\0\0rightOutsetlong\0\0\0\0\08BIM\0\0\0\0\0\08BIM\0\0\0\0\0\0\0\08BIM\0\0\0\0\0\0\0\0\0\0\0\0\0`\0\0\0\0\0\0\0\0\0\0JFIF\0\0H\0H\0\0\0Adobe_CM\0\0Adobe\0d\0\0\0\0\0			\n\r\r\r\0\0`\0\"\0\0\0?\0\0\0\0\0\0\0\0\0\0	\n\0\0\0\0\0\0\0\0\0	\n\03\0!1AQa\"q2B#$Rb34rC%Scs5&DTdEt6UeuF\'Vfv7GWgw\05\0!1AQaq\"2B#R3$brCScs4%&5DTdEU6teuFVfv\'7GWgw\0\0\0?\0*XB! `u4:xsk\ZOk5S~;OWM7k?9[NSu`q}\0nm~%\'\\O9>Ma9\"UPdCZ#\\1hmH\0G6\Z4<X}mQ+t\\LA-2HGqiu\09\0k12N\ro\0AOTo\\uhm}\\>S[\\p\rx\0gIu#gOW6G`0{vv8\\\\w0qn0l=&\n7A`i\"*H1]?IN\0S-KC\r@\0S+i`kvL*\r8=8[5?Vogf9`4M\0m{j`cXwMY5,x/kD$OyWcXON\0MWp\"-#N6oKV\ZG?<1>%z6eZuc`4\rMv~cq\n`O:!]wP\Z1%0wz\0sl}\'ypnZ/19.,1F\0,Z,%]\\cC~\"iKZLD5yk[Z}Y07\"D5ph[o]g`U]vV;}G$#c?E8NONX8VK$\\&{b}LpsV7jqh\rtO5G}%=;+9kvNu2qm-c[#JvH!\06#FfX~hiCw+C7\'sC\Z	ms:Szf@2j{Q\'f?),3lMX34n7Vn3 #u mM#?53<ATcuLys~foDM::.w1bfzwWCWSMyQiK}VF:Ka<\Z?]d`<T5$$w1s6,p[cG>~@jWQL?:>Is1k<~m\"p{-oOz?~Aeu6VT._TR\Zr\Z7svI}\0iby\Zm~%gc7I:?9P@j!VeaGt\ZZ9@m \n-O `e@T{5Gjw5{Jn+}bNcV-?_ya>G%}m_0^z4\Z4;=+%x7MphQs]otcI;\Zz|6zV~q\\Q7$@NO,x\0rO98>\rle$< o=T\n$.Uso\\a{\0q\0IOI%/&2+*Ze}G{+3:vxPn2?_StkIg;=>v9iw#\0W&N^Ka6Z_[dlkm{\09Lv{\0jw\0%Y]B+uvn\05+NK7i?xYRr`WBKmmW5dxrB\nq\ncm(tOG^2^Z1AkHXlw+lo[v0>-;8vp)IOK@yDetKp;gpJ]OZs> \'n7\'_qEIG<}/w-~kO,xe\\\r>?CU`mcec4~r2p1[{\ZlAOOekCmcDn7\r\0TkZeI?EhtKv.1Y@qe%qA:OHhe8[\'Zt)gd:zlN?Z?Tg{CN_ FZLto5Ziuw8\0n_M\0\0WPm-uu7+\"\0JR1)e~`&{SFCO\'V5\0MOaI\'R[sw 8>gWd=-%6zdst\0n?O19u}.	\\psk6+f6\rt@c\0c.Dzn?j6qnfprpF4O&f_~aL6\nl1N=\0=`X[T	c\05\0W@t`\\>`V	?i3\0uR\0*w\0|ATqS9k2Vs0I8\0X,8-|=x&3.cCY/hhzZ3$e+k/6Ma^oz1h33(.U:l(2lGpmaK}cm[no0V[SY[D47e:5.m-56GkW=e]{-763_oDf\0Y}e$;sJS@\'&px\0ILsYc.{l?sN+WoS7WSuv~@y^G\\e?rscZ\'p\0U% \r4;\rNjm8$Aa2d`Rk-\0\r{zNK}=;^mIq+s0gGUk\0~P9;Wd{aB\\Vn3v%NXXS[yu6{nfhwY/ai$!d_Kl@j\08BIM!\0\0\0\0\0U\0\0\0\0\0\0\0A\0d\0o\0b\0e\0 \0P\0h\0o\0t\0o\0s\0h\0o\0p\0\0\0\0A\0d\0o\0b\0e\0 \0P\0h\0o\0t\0o\0s\0h\0o\0p\0 \07\0.\00\0\0\0\08BIM\0\0\0\0\0\0\0\0\0\0Hhttp://ns.adobe.com/xap/1.0/\0<?xpacket begin=\'\' id=\'W5M0MpCehiHzreSzNTczkc9d\'?>\n<?adobe-xap-filters esc=\"CR\"?>\n<x:xapmeta xmlns:x=\'adobe:ns:meta/\' x:xaptk=\'XMP toolkit 2.8.2-33, framework 1.5\'>\n<rdf:RDF xmlns:rdf=\'http://www.w3.org/1999/02/22-rdf-syntax-ns#\' xmlns:iX=\'http://ns.adobe.com/iX/1.0/\'>\n\n <rdf:Description about=\'uuid:d0bea264-33d3-11d8-9e78-ba3705a2cd74\'\n  xmlns:xapMM=\'http://ns.adobe.com/xap/1.0/mm/\'>\n  <xapMM:DocumentID>adobe:docid:photoshop:d0bea262-33d3-11d8-9e78-ba3705a2cd74</xapMM:DocumentID>\n </rdf:Description>\n\n</rdf:RDF>\n</x:xapmeta>\n                                                                                                    \n                                                                                                    \n                                                                                                    \n                                                                                                    \n                                                                                                    \n                                                                                                    \n                                                                                                    \n                                                                                                    \n                                                                                                    \n                                                                                                    \n                                                                                                    \n                                                                                                    \n                                                                                                    \n                                                                                                    \n                                                                                                    \n                                                                                                    \n                                                                                                    \n                                                                                                    \n                                                                                                    \n                                                                                                    \n                                                                                                    \n                                                                                                    \n                                                                                                    \n                                                                                                    \n                                                                                                    \n                                                                                                    \n                                                                                                    \n                                                                                                    \n                                                                                                    \n                                                                                                    \n                                                                                                    \n                                                                                                    \n                                                                                                    \n                                                                                                    \n                                                                                                    \n                                                                                                    \n                                                                                                    \n                                                                                                    \n                                                                                                    \n                                                                                                    \n                                                       \n<?xpacket end=\'w\'?>\0C\0	\n	\n	\n\n\r\n\n\0C\n\0\0\0\0\0\0\0\0\0\0\0\0\0\0\0\0\0	\0O\0	\0\0\0\0\"2!#BR$13ACSb%Qacqr4D&ds(T\0\Z\0\0\0\0\0\0\0\0\0\0\0 \0\0\0\0\0\0\0\0\03#CS4\0\0\0?\0Y4R|@,d_<]Nx7	Vi%jv^\Z^b=KW4/Pfs\rd}*7p::J{@M\']B]Zw:]`RW?cMS!\0h7!=p3\0@?(.N7\r}l^j\nPt<E3nz}@6%K	x@9\\|X$:\nl8~/p5O|@0P}1i,%LIkLj&b	&h\')E\\-thzo;UWAp2+v.ilKTa|\'h!/Yx!~NV6t5A._\'~ijpPn\nuC1~afr\0\rA 1~S6>gPg=0p4HWyc&yD\nFAj\07,~tI\0=wqF@{@X1 {<\\CjUK%xnaa?\rOme[;sOH]c=Y@A`oN<j4(8mZZuw	4bWGU*i5wUt+\\/I#;EtVO\rjjK-&G{\nKQu*$DjI\n~|)Mjbdj;7iCS!en(Yk/uZy~C9KZ5\'\ZLdW`R9P\0F=MHWo:e0&\'hzq)\\eGiP#L*t58;MzBrsd%oF^V	/.\nyz|{S=\0qW&b1(]Bg\Z&9ke$\nfLioc]{/bG;kVWQ-\'vy!t&*yf*mH+PmGj\'\ZC?Q5,^FCo4SjS\ZM&[?XERj>@/+YV\'/^iRM(>\r/8yT\0Jy7tK\0,,~Ve()h}ISoy`*]Z5vLo:K0E\nap\'E.rzOUu7nN4@QRTu\nR.N@Me$=gC<U5[$r=9_W;tXs{$&m@(z5Rhf\'	\nU1u $	@mAafQB\n d\n4M3r8\Zl& wN/t3)nTvmLvIo\Z0.\n!{A2\nz	@M?w*<SpaSpQImHlT&w[8onr@E,923V:I_ PT(a<4OHv\0V\"jL\n&&1L,q~p:ENWi8jk5P y9c@VV*Xf(/*b0J4dxT6<zs5g=*#S:FJ{d	Rb2Oh_D\0>~(ex)PWE0ucyU7uz=y\Z\n5SgJdL~X\ZxI\"~n\r:}\rt{yHKAAo&0L\'Ysyy3=$*\Zk`)cvSLt>]*qc];\0yNRjGmYKTG<`*] 2U8iv`s2J_<Sr.LL^|[&kj~Z6!n(W|Si/u&EZ^Mcds\\X\Z~lIA5:&f_X5xjdH8\0],V?\']L$z~?JYW#VO5\\5PQ#rE[3jjP/Tb7h|`$ue<Sg#GT?n86.oKHO^nNq#4jU1\Z|[v*Zj2\\Dji}x|DWodR`M^H)y\Zeh$\0t[o>Lp\'Wg^\rjc )$E,]X |1f\\q9IuT(eeQr<y<@\rOOUj]0zZTRx!3.R	:N\\T45DZ!?MAe>=4	XEm<K&0ekPG0ssE{ZDEvuwtjw!f	bpS\0^vtH~LG/5Pz=!?Br5\\&;E\\a,R=IU{Z9%73pAnP5_E7z]v7I67M$(V2SVw	\\CJ0nPwZCY}$\r#j\"\\)d4F}S6:T`^r\'P!\'\rn9M7i\"AwH:E^;(Z9q#k8)wZIM$:\'b`\'6!/|\n*hxk^\'Ri7N^vJ;sLVS~z6.>YW6$yYdQ.\'T-gOn3>BflxO3gzPM=1<}PdU*k$5rW0<2\\>L#$/NP\nXq[#A9 L4JzZ)Jh@k4W4TxG5mTRTqm*YbVzOS=6.-nCn\0?/FY\\nP3Psg1UbB~)NJMyRe)OvrR4zkMM4/\0<\\?gtdvk&n,Ul+qjWk87q\rIE:iUY<FH>=;N@jvJu]/P1\"	#\rAsz|#v6z!3AgJ[mAi=l*$(~axho>	c[U?YrC>L]+i\'\0v?\\yYWm]C36,qr4{k@{l`26.0Ae2\r	~DjR\" ?Og#{v\Zt}!>AYT2;N\0Zk=4s98SXIlu\Z=WQTV`\0\n\0;#%:OkPM(A/SEIQ%v>` |o\0=Lba4i\0*DOUER;*J{/P8!~&(y!0L7J\0#\0HOnD7`+y,3d|WZ\ZN+v=l|T-z,=I{It#6Z=%EEyNE(uzN%\\\'+[LOn%Hj.9M\0O~HMv9&P.Q<|h}d\0_~Rd}PDuS@ax4)5}Qy}4gB\0wJlChm	|Qd?_??33bTRz]5O:{&Y.Vi`\'n\noGy(Ge[gQm@{*b.Yd2W?zJq42j)4(AA(gHOv[\rRS?DwE&!eu)Ld\rB1:Q!_T\r{%zJ#qCE_VeY%Pk`kt\rUI0Nxim9Z]\'G$Gx.#NJU]`5HcD iJ\'_bS-Zqt4Q~d.449>L\'<`}9%I=\Z:-\nL^<G}w>S%duE^fXQUV\ZLj\0ZKOlQr2v=gp/gC\0?*8\rT8.Nj\nS=*|JZ\\DAP#@OHSn]L*\0INEoP6r|tTlo\\]&@kWAC[j/!T\rf\Z\0\\`=~Brx+WBl\0+a([tBpNjpI\'W.@dIVmerZ	\nvB\\gx5f(+.^\Z	9ncPX7UBqN5>sZ1\'i{_45\'7v`2u1o(A-Z	^N2cvroHp=ig\nMS\n*Vfn!6)lu\0or;?q4)zE8SI7\'Th&2O}\'MzziML|pa/ZI442oy$!GG\0UN!#Di1ti8cYh\0\nCQRFj	;qD!#;\r&5;zI%LK/5Q)|\'n{O6#[8c0fcW_$`y`r\'{eFoDR>#wGFKzrO+u%JV$AKv60KYKjUA{H\rK^{WGp.BxS@\0D7:$vktT\ZI?6)[\\\"z\0=\"e/*X	qKW{?=juILuV;M1N;]IW51}G.728d%IOWVN4\rS^\0l|y*\\2H=Nj5\Zv34z@e#wtGjLs*}/egP\\4]PI`^	Xwz`,a\r	#j|\n\\})*MZ0@KN\02\nTXmT=:	Lpm/6W`%*50`Ah@GN;~o\0VH<A z.ks&77M\\!a_Tp3g#;RQ1{9`3;Wlrh5@hFG\0r${z!>p5zb5!/t?1G[zz\Z42SHl+Z>!\"+59\Z\nn~H;Drr 	w;0Yi) *~@LQBzv/\ZKo@]7hE$/#j/0l_lMYJ	kRs%53U^<@qSM_`|El:LL[5&y\0i*+pj@Gf75EP	*[~ t@-VxZgrQuS`,?G%<Baipvcw\0#IJz@Z~lDq\08]\r&%MA_a0mJ\'1vJVo\'aEI0gc;$^hkrRQ<NKS3\\U6UT^jS	SkX*~%wMjJ,\"F\0\ZT&&}$M4Hmm+[5dktu10mG@\\Y\Zd]|v\0e~?up}=OijYh75 r*V2Tec\07sJvWka`*jJR44$7K?0	oM3eAwA%*CjU3@\Zz>r\Zr{9n/|v@OQ}tq\0\0eO9#ChkPT&u1uSOFIdM]UtRQ\0O,B5*v#DiRJSbZ}AN$un\"L3Rx@ckdtKSqc8MAi+JhwRzn8]Qh\'FXjgA=+J\ruRv8^vHO\0$K83^_bmF	\Z\n?C+w^lBf	W2U_h9TP\nY\ZkWPRTyvu,jVi1P9ej^u\Za}\05e5l6\0H8H@Je_\\5%}4\\luM)8ONg}0hO_]3\'6bi?k)y!c\"$_iI;s_,t#+!2i0M\rwh?\0I/z^RbR^xs55^cv3G5UPp@\"J]?,\'\r)NtF	}\"<^3iY(jlJB>\"UEH>KYrpoavuOKntv}N#zQ	:RqC?<`p0z}LU\rN^i\Zg\08U }ACT=\0x.>dE*S2,{$=CISyja*TspeAH@?\Z	_q@h&0@\\58O^oc&3\rw3X~lN//,RaOM)\"zp\rk%*%(O8DkU:w0@%EwKXvmOBf+Qa/\0,]]<~uk]iX_:<\\~0\nA\"gxK8r^8L;Y\nT P{_z Y8Z?N\\.W\"mUJ\nxq=>Q\0Wv\'(K\'i8&D.9\"lY!P,88g*s*G$JC=v<NHpMmxcl^xbWb8I	&XcwHl0HVs&z` x)at_\"9-GN\\:?\Z:fdU`J\nc?CBuOYcqMLDPLHpzrHpnIeAOje6'),(4,'\0JFIF\0\0H\0H\0\0%Exif\0\0MM\0*\0\0\0\0\0\0\0\0\0\0\0\Z\0\0\0\0\0\0\0b\0\0\0\0\0\0\0j(\0\0\0\0\0\0\01\0\0\0\0\0\0\0r2\0\0\0\0\0\0\0i\0\0\0\0\0\0\0\0\0\0\0\0\0H\0\0\0\0\0\0H\0\0\0Adobe Photoshop 7.0\02003:12:21 11:38:24\0\0\0\0\0\0\0\0\0\0\0\0\0\0\0\0\0\0\0\0\0\0\0\0\0\0\0\0\0\0\0\0\0\0\0\0\0\0\Z\0\0\0\0\0\0\0\0\0\0\0\0(\0\0\0\0\0\0\0\0\0\0\0\0\0&\0\0\0\0\0\0\0\0\0\0\0\0\0H\0\0\0\0\0\0H\0\0\0\0JFIF\0\0H\0H\0\0\0Adobe_CM\0\0Adobe\0d\0\0\0\0\0			\n\r\r\r\0\0`\0\"\0\0\0?\0\0\0\0\0\0\0\0\0\0	\n\0\0\0\0\0\0\0\0\0	\n\03\0!1AQa\"q2B#$Rb34rC%Scs5&DTdEt6UeuF\'Vfv7GWgw\05\0!1AQaq\"2B#R3$brCScs4%&5DTdEU6teuFVfv\'7GWgw\0\0\0?\0-\ZifKZwmkQ/@N#UZc +~v\r-{\'cu0<rKzNwCA,\r5cQ\"WCfFD=j5xr.N\'Sxr\nve5=6]shPyRlE^oo\0\\D-w`yD%lb+POkfE@=6R+cCk8M]WL\0.{g@mk`yjsJL,r>|J)}>yS?H}DJD%@_KYGKvVCZ}[Y#+/goA*7cZ\Z\'NTwSe[<R\\^yIs/62-uW0auo\nUf>[>.?9,[zJT9bUEt1-fv)1=lsba*!]>du\Z8cdXY[owkw15`^1r={*\0UK;e\\}-}fyy-el_~=6_}o\\W]_m9wi>O[\0cUn	$\'ckj\'7x}ya]}YxeU7b[HXix{}?=tIu#F\ZYs\Z!6f@ i}Z>ev8Q1\0s5mthto`s\\E-f\0ArmUw!Et=>YzMLql7[[cooZX)^\nK.-=R>+{~fK#1%sk]^Fv]::A\r+kv]o/\\}h2ORs :vZ2T%@Q%?-vUp0]\05?+fVE\0FXtH1]\0ja{GY`@.kI7~0ku\0NOYp=_uK:^p}pkK\0(e.k=6>	e]?4c:n.neo \Z&?/=_<:[ \0x\"Z6uZ?f\\CF\Z+wO?Y\\\093M6`G^E;+7\"WrzIwK\rf;j0ds@]no_NkL\\\\9.W/.@W{b-?o\"hLWG?GQ6@$\09u4Q}iCjm}W9Z:u`e9jcH2$vwWU]V6T_Z6~\0\Z8Lk-\rm5UYGF&.6XPG&]f7PkcXe6,LCi_]`:+yyu8Dp7m	*}7\r4oeVvON@t9%{,,so~iJ1\"?Q=kk^h@g}\'nJ9t,\"-4~nzJUami:{Ygz/\rsqJ[k=7\03bCMaCMoN/;P?&#bc(zMWuh}ko~z\'J.\0Xy6mj>!^CIg\0m(7~$ps7kKvX\r%m{Fjevdzlh\0kk^{=fm]fG\"K457>3GY!\06\'pzXs4z\06Vg+ln>m\0%%\0Q\'s=NI\'WXOjwm3wUV9`+j0\0GF\0)\nmu;\"*_Saqr?Yx?k$5]\0!4cThOH{n?wmkIimG+k.zj1E}(q$\Z{+3vmT=\"fuYr/vyVSQ`89D\Zmj_u\0O\'P%9(dP?&sHsIk!5dM.9s*\06\0I\\uK Cw?\\A]y^\\%Aq@3c\\[X][=\0H5#8|s2={`p7Jitzc,v?C0KY4mJf 1>0\\UipDXjzC-I2\ro>5QcOoIPf~[f q;[5Sr.s=,V@Y\0Mgcc32q+46`woT,kH{O}@{Uni+ |Zv8Xc,]7IZB{7`~+3q\r_[\0mukaThoN}OGIP%9*P*)PIJ%@P%,JrT	ALl>ZNH\05a;Vf5xL1t*\0p6\0g^:x\'OZ=SS]Mv5~c\0=\n,]NkX\\N5#+cT==o{?5,7Z\0+o=iV7nt1?Eb~pSRJkO}O!?glP#7$lnY\0%Xm{5kst-R]CV]\0VTPhotoshop 3.0\08BIM%\0\0\0\0\0\0\0\0\0\0\0\0\0\0\0\0\0\0\0\0\08BIM\0\0\0\0\0\0H\0\0\0\0\0H\0\0\0\08BIM&\0\0\0\0\0\0\0\0\0\0\0\0\0\0\0?\0\08BIM\r\0\0\0\0\0\0\0\08BIM\0\0\0\0\0\0\0\08BIM\0\0\0\0\0	\0\0\0\0\0\0\0\0\08BIM\n\0\0\0\0\0\0\08BIM\'\0\0\0\0\0\n\0\0\0\0\0\0\0\08BIM\0\0\0\0\0H\0/ff\0\0lff\0\0\0\0\0\0\0/ff\0\0\0\0\0\0\0\0\02\0\0\0\0Z\0\0\0\0\0\0\0\0\05\0\0\0\0-\0\0\0\0\0\0\0\08BIM\0\0\0\0\0p\0\0\0\0\0\0\0\0\0\0\0\0\0\0\0\08BIM\0\0\0\0\0\0\0\0\0\0@\0\0@\0\0\0\08BIM\0\0\0\0\0\0\0\0\08BIM\Z\0\0\0\0m\0\0\0\0\0\0\0\0\0\0\0\0\0\0\0\0\0\0\0\0\01\0.\0T\0i\0s\0s\0u\0e\0 \0i\0n\0j\0u\0r\0y\0 \0n\0e\0r\0v\0e\0 \0d\0a\0m\0a\0g\0e\0\0\0\0\0\0\0\0\0\0\0\0\0\0\0\0\0\0\0\0\0\0\0\0\0\0\0\0\0\0\0\0\0\0\0\0\0\0\0\0\0\0\0\0\0\0\0\0\0\0\0\0\0\0\0\0\0\0\0\0\0\0\0\0\0\0\0\0\0\0\0\0\0\0\0\0\0\0\0\0null\0\0\0\0\0\0boundsObjc\0\0\0\0\0\0\0\0\0Rct1\0\0\0\0\0\0\0Top long\0\0\0\0\0\0\0\0Leftlong\0\0\0\0\0\0\0\0Btomlong\0\0\0\0\0\0\0Rghtlong\0\0\0\0\0\0slicesVlLs\0\0\0Objc\0\0\0\0\0\0\0\0slice\0\0\0\0\0\0sliceIDlong\0\0\0\0\0\0\0groupIDlong\0\0\0\0\0\0\0originenum\0\0\0ESliceOrigin\0\0\0\rautoGenerated\0\0\0\0Typeenum\0\0\0\nESliceType\0\0\0\0Img \0\0\0boundsObjc\0\0\0\0\0\0\0\0\0Rct1\0\0\0\0\0\0\0Top long\0\0\0\0\0\0\0\0Leftlong\0\0\0\0\0\0\0\0Btomlong\0\0\0\0\0\0\0Rghtlong\0\0\0\0\0\0urlTEXT\0\0\0\0\0\0\0\0\0nullTEXT\0\0\0\0\0\0\0\0\0MsgeTEXT\0\0\0\0\0\0\0\0altTagTEXT\0\0\0\0\0\0\0\0cellTextIsHTMLbool\0\0\0cellTextTEXT\0\0\0\0\0\0\0\0	horzAlignenum\0\0\0ESliceHorzAlign\0\0\0default\0\0\0	vertAlignenum\0\0\0ESliceVertAlign\0\0\0default\0\0\0bgColorTypeenum\0\0\0ESliceBGColorType\0\0\0\0None\0\0\0	topOutsetlong\0\0\0\0\0\0\0\nleftOutsetlong\0\0\0\0\0\0\0bottomOutsetlong\0\0\0\0\0\0\0rightOutsetlong\0\0\0\0\08BIM\0\0\0\0\0\08BIM\0\0\0\0\0\0\0\08BIM\0\0\0\0\0\0\0\0\0\0\0\0\0`\0\0\0\0\0\0\0\0\0\0JFIF\0\0H\0H\0\0\0Adobe_CM\0\0Adobe\0d\0\0\0\0\0			\n\r\r\r\0\0`\0\"\0\0\0?\0\0\0\0\0\0\0\0\0\0	\n\0\0\0\0\0\0\0\0\0	\n\03\0!1AQa\"q2B#$Rb34rC%Scs5&DTdEt6UeuF\'Vfv7GWgw\05\0!1AQaq\"2B#R3$brCScs4%&5DTdEU6teuFVfv\'7GWgw\0\0\0?\0-\ZifKZwmkQ/@N#UZc +~v\r-{\'cu0<rKzNwCA,\r5cQ\"WCfFD=j5xr.N\'Sxr\nve5=6]shPyRlE^oo\0\\D-w`yD%lb+POkfE@=6R+cCk8M]WL\0.{g@mk`yjsJL,r>|J)}>yS?H}DJD%@_KYGKvVCZ}[Y#+/goA*7cZ\Z\'NTwSe[<R\\^yIs/62-uW0auo\nUf>[>.?9,[zJT9bUEt1-fv)1=lsba*!]>du\Z8cdXY[owkw15`^1r={*\0UK;e\\}-}fyy-el_~=6_}o\\W]_m9wi>O[\0cUn	$\'ckj\'7x}ya]}YxeU7b[HXix{}?=tIu#F\ZYs\Z!6f@ i}Z>ev8Q1\0s5mthto`s\\E-f\0ArmUw!Et=>YzMLql7[[cooZX)^\nK.-=R>+{~fK#1%sk]^Fv]::A\r+kv]o/\\}h2ORs :vZ2T%@Q%?-vUp0]\05?+fVE\0FXtH1]\0ja{GY`@.kI7~0ku\0NOYp=_uK:^p}pkK\0(e.k=6>	e]?4c:n.neo \Z&?/=_<:[ \0x\"Z6uZ?f\\CF\Z+wO?Y\\\093M6`G^E;+7\"WrzIwK\rf;j0ds@]no_NkL\\\\9.W/.@W{b-?o\"hLWG?GQ6@$\09u4Q}iCjm}W9Z:u`e9jcH2$vwWU]V6T_Z6~\0\Z8Lk-\rm5UYGF&.6XPG&]f7PkcXe6,LCi_]`:+yyu8Dp7m	*}7\r4oeVvON@t9%{,,so~iJ1\"?Q=kk^h@g}\'nJ9t,\"-4~nzJUami:{Ygz/\rsqJ[k=7\03bCMaCMoN/;P?&#bc(zMWuh}ko~z\'J.\0Xy6mj>!^CIg\0m(7~$ps7kKvX\r%m{Fjevdzlh\0kk^{=fm]fG\"K457>3GY!\06\'pzXs4z\06Vg+ln>m\0%%\0Q\'s=NI\'WXOjwm3wUV9`+j0\0GF\0)\nmu;\"*_Saqr?Yx?k$5]\0!4cThOH{n?wmkIimG+k.zj1E}(q$\Z{+3vmT=\"fuYr/vyVSQ`89D\Zmj_u\0O\'P%9(dP?&sHsIk!5dM.9s*\06\0I\\uK Cw?\\A]y^\\%Aq@3c\\[X][=\0H5#8|s2={`p7Jitzc,v?C0KY4mJf 1>0\\UipDXjzC-I2\ro>5QcOoIPf~[f q;[5Sr.s=,V@Y\0Mgcc32q+46`woT,kH{O}@{Uni+ |Zv8Xc,]7IZB{7`~+3q\r_[\0mukaThoN}OGIP%9*P*)PIJ%@P%,JrT	ALl>ZNH\05a;Vf5xL1t*\0p6\0g^:x\'OZ=SS]Mv5~c\0=\n,]NkX\\N5#+cT==o{?5,7Z\0+o=iV7nt1?Eb~pSRJkO}O!?glP#7$lnY\0%Xm{5kst-R]CV]\0VT\08BIM!\0\0\0\0\0U\0\0\0\0\0\0\0A\0d\0o\0b\0e\0 \0P\0h\0o\0t\0o\0s\0h\0o\0p\0\0\0\0A\0d\0o\0b\0e\0 \0P\0h\0o\0t\0o\0s\0h\0o\0p\0 \07\0.\00\0\0\0\08BIM\0\0\0\0\0\0\0\0\0\0Hhttp://ns.adobe.com/xap/1.0/\0<?xpacket begin=\'\' id=\'W5M0MpCehiHzreSzNTczkc9d\'?>\n<?adobe-xap-filters esc=\"CR\"?>\n<x:xapmeta xmlns:x=\'adobe:ns:meta/\' x:xaptk=\'XMP toolkit 2.8.2-33, framework 1.5\'>\n<rdf:RDF xmlns:rdf=\'http://www.w3.org/1999/02/22-rdf-syntax-ns#\' xmlns:iX=\'http://ns.adobe.com/iX/1.0/\'>\n\n <rdf:Description about=\'uuid:014aeb02-33d4-11d8-9e78-ba3705a2cd74\'\n  xmlns:xapMM=\'http://ns.adobe.com/xap/1.0/mm/\'>\n  <xapMM:DocumentID>adobe:docid:photoshop:014aeb00-33d4-11d8-9e78-ba3705a2cd74</xapMM:DocumentID>\n </rdf:Description>\n\n</rdf:RDF>\n</x:xapmeta>\n                                                                                                    \n                                                                                                    \n                                                                                                    \n                                                                                                    \n                                                                                                    \n                                                                                                    \n                                                                                                    \n                                                                                                    \n                                                                                                    \n                                                                                                    \n                                                                                                    \n                                                                                                    \n                                                                                                    \n                                                                                                    \n                                                                                                    \n                                                                                                    \n                                                                                                    \n                                                                                                    \n                                                                                                    \n                                                                                                    \n                                                                                                    \n                                                                                                    \n                                                                                                    \n                                                                                                    \n                                                                                                    \n                                                                                                    \n                                                                                                    \n                                                                                                    \n                                                                                                    \n                                                                                                    \n                                                                                                    \n                                                                                                    \n                                                                                                    \n                                                                                                    \n                                                                                                    \n                                                                                                    \n                                                                                                    \n                                                                                                    \n                                                                                                    \n                                                                                                    \n                                                       \n<?xpacket end=\'w\'?>\0C\0\0C\0\0\0\0\0\0\0\0\0\0\0\0\0\0\0	\n\0\0L\0	\0!1A\"Qaq	#2B$3R\n%Cb&r457DTc\0\0\0\0\0\0\0\0\0\0\0\0	\0I\0\0\0\0!1AQ\"aq2#B4R$3Tbr%5CScsd\0\0\0?\0b$xYgo%Z-1q3Z\n:Tr+wR_\rdQJA\nHyLpi@)0_>a[oGRZj<D.y(,\Zm&VxN5ikx\'Wsk>]PN\\j%=r\\@\0R\0UWn+Gv$(LfdmO<N<VwJ=J\'/U?g6`kWxgT>JrfUD(XO=uXb%h	G>PNfUTyb+~ER*QMGS\0iet+1Ca	F.m;y[*$+t#Nu#pG|A#|:=Li>O:cSGH\nJe\'\'<wJO\n\Z6;;!b-f9<ZviV].&Kg09\nQdj2m:<OTYp.gd8\ZT\"Z?`tit&ud{[\\I\n~=f@3ZoY\'d-2#JCj8%-\0RP!>~5=K\n[R]\"43W%#Qd}r\\GUs*\'VFwyny\r.)qz=(OGm>t[hP*\ZW|[g.YyBfGS_b[B+P0u|g\n$~YDXc<Bx+H:^u>C[PV=W8>RT8/|)yoNH&6V;V)Yt;jJF V)U5H,\r*UDm^i}egAq\\0%l#L=z^[o\0d7&R6.8\rGh)$e}M=*\ZlZZ\n5\Z Or0x3 H2\r\ru	\'<qq@>\\\r%QV\0OV1\0t49=}t(kDzzr>:(:;gL~A<qCu){r>Gt	 uxGdLNR_Cp`A=9DI;Rk{s=E\rq`dEy13_i(5=dH<zx\0,tQCp`}99j_C9\0M_Eo,H!5l{RH@9bJ)Ts)3R!)yWlv\rw\\o-<Pj8*\\2g\Z]J ytD\0n<jSNKDRRR|WTGZo\n) \0:1(iB\r* \'1%eD%nKt[+RIJS29})z&z[S\Zd/jIKlHy $:za\0|)8\0*D	liDUJp7\0Ko:ds4Z9trD0Rc2ChOOJpGm:(s\Ze<uu\"f[CyDFrUu{}TzGQ5wZ)Z\0uI?fXE :(lO\n^*J`iI8u\03hwaKY0&gjb[P\\.OiS$*TP&J{:BS\Zsd\ZkGvZ[4H\Zf+&U\Z\ZR|\03@yG\rG(s+uJP/CFvz\\h6rAzTg-gh5o\"R)FbBqIKeDw-n\nuu!\ni(cPm\0GQc*[aH*-:;~_27	u#@vI}}z;g5_zQZ@	Z$q>`mcpI\nbEc1q>Ve#@\\xRQ+|;p##ddOM}a\061N9589>=?R(s#q\0CZ|/ yt(cw9>$}tQC^t sHR-GN~941=((v;h:0Aw>U}\0>*u`NG*yE#!;<S:<s>9Eyry9_!Eq^NxrNFy9t8O^|nhn8	 >=4IY=EPG@9_)k_tk!*gj7sfn.:-:BuB\"JR	SB4~:|\\(p\0Zd)R,WkV Gi\'S=\ZUBa!p%@*fF\0im\'e|~-9%KGB?.	\0ZDJ5L N~66O)s\n18R\n,rWK>bVIqXq8i~Z!14gYKd\0gJ9@t5ZL	K]J[^BR0\\)o#A\0JbyUW5?SOt^kqIon<xL24TU\\c	S~uYv{@B5A*.%:$Dzl*C()=OdqGPt,S5YpuhQ$WxoYvmQDoZ0%+-\\*;	NF4:W*{tc^;d)\ro99x@)mYJ9\'W\'7%V:$I)I3FZO#&Vq/8!{ Hy#JbzUlmTJ*5P1}*J[QAi%GQ8:s>jc*lGPmfSpirI_GML;Ra#K.\\4flcpf]x[.eKCL(=<W^\'\\JFo\'rk ^V~F_faQ%dd~<z}?H%E&H\\@~S(:2WcE5r2OqABpA|q|~(,D994Wd	u1|NCs=#??QC\\pz|xE}1:PLO:(kq1]b\ZwaQBtsk$Ey> gLQCpqs;s.\'\' g\'?GE\n<bN<ICy#TA+b8/\\-zqZ_#B^Bl\'BJJ,L<\r(?	T7WZvmNM#DaU-+yHKi\0t\'^(:FpgVzeBg=}\\-?JwA	){n,\0	_%WYb	|m#oJ>6Hu%+!.Y<c\nAOu/#\Z}M&P7c<K\\	=PzU	5 [\nu[Yf$i#X+e6M(io!(Y .R=ue!J_Zm]z\'z!n%\\v 3vc]qyH?\\kv||b]{Ll\'D	Q\0q[n}HST\'yd((_S*/Y:)YMI1#$S\'EJN}TakP\0oOYjV3\0: RT\0xS\ZG*Tr\\\\6R`$.`OHi,VVWdvW:z[oqe;FJ\\N-Fz\0x4I\"!QV*jtNU.u\nTJv<s_8W E1hNZk!}YZe:,WS\n0NFiXN)JJpi2Yq\n	y#!\nw8>u1Fs$T`?||M\0*\0zGSG?N5VS\0H/_G1rR3f*$zx\'$d;([zq=O\Z(0U}~=2f6:Fy=#EyIG~>b<P=F>x$\r 4(sP<|?Lw}3]##O:(n<t+(([O#OjVhj(cs\0IsyQC]_D\n(cz1\0\0CoEay?.u+m\r[V[i\'jd\ZkSJ__ROO? b7M^	Ae]\0eJ@G00l]JUPi/0-(f!KB	\0<Wz74<\0$UC&]5:5NC^nq8Rq>lBJekN\ZM_.m$nvM\ZU=;RP\nzSl(*E>C=@:\0i\0vY, +8{miHr 2R>\\IG*4;]jGRAr\nBm\"V0WZ}z7n-`@}#zaXsabZ{\\engJxVr{JSj=PrGEJQO/)zqEeHA:\'\'\\xn@$)qUj1.#L\nF7!\n4S3TGWY	!/T8;j=!\'V\'\"4C8%hkwC(pwT7dnl\"<6%@<m-SXZ(B(\'X<Zh0<R;VB}dIt1kE{MVmq(?L#e=N58\Z>F[.zW8mJu\"\0Q.*oU>&*[{A)YPI08?-IG\0b0 kT\0jd%HBd	_]}x7-Iasv:H.}4QY\n88Sk|8][$,]BSvQTxm;f:twW\\?{?`n\r6o\"	\Z uA5yqM=}Y\0?QuvnndwP][OCmI\n\0h-^MI4R}4CHhYm,r\\_$0I} <\0V^EW\'7bf-n}gl(4THZP\Ze[z`\0l<bBWNwcH;nP.lA=?C/A\\37,R$9DMR>K\nk5pYY^1>P/n\\*6b%nA,t\Z=;=q)*$JTp\\NHJxx3- H\"2ejn~x0okB\nnB=.6C{as#WiyQw?]tKP>o\'^Vkj0&RCwI%O+\nS&{_5Qw#u6:v.JiN\\U*\Zfdq,ajm|\Z6N?Qg|14\0\0/l5\nUF\\R1tT(\'uc#Ug)Y_eH\Z\0UcWbv\0y\0zKL\\)iJ)0GGH;5d9j[.*DW(suRe_w^|spLa^aVB2DiMehB/Rg\0~WGy_{qYB%MUuIR$>\r)Q#v\Z0[^\\-{A^nCyJ-\'G{S:\r	Q}m)imr^S\\x0NtJA)O>bp?_p.nkn-\'AgHZaos\"QMA;Bw3i]Z;Z_EMv2`hO\'5fjmnSY5;5fyoylib()IHCUudda?J>\'\'(9\0\'?LD9\n(S^\0O?&\Z>E5\0*r>XP<hv?h/s=E-3!KFecy|?Ps	f2$S-dW+<\r20q+>xR%J6\'_u}	a\nJ-\"y;{+:\"v\"$T(gG<U=tFvUWmrJ7T=\nBo)KOB-@%):Idm$4rFb\0.ztQU.02}!$OTI\ZkrK\r%\\sY]J\01$@#]E)o^J\\3gDqc=iN\"gSH;t\r.EUiqIf!,t\ZT5{Q%Ehi\\\nR\\Fx\0g\':-nZ[GrDhgMTq)``hSoj\nQsg/Vymq0{%,3(|JO\0e5`pk{aW\rKQq*R 17lUscx$kv{7FnuF\\Hq,E\rITu0[>IIqR=ga$$tsigU[<Frr3Bt]kF\rneFO]\"eR*2YuJ:@wfn]\"|Ub2h#UiTavvU(4yRkbz-6\nrtW=;iFV@OZqJDJA#^F~/!9*kd~+c28r>fit7Q>+x>v-,*	\"~-j=%!m6r6ot7Yv^13,wI\r^PZp:G^XnpmlIIJQ$uLx\nyG2`j9IrSMK7J=*yHI%eK^km<kQwj\nI\0hX(BzqQNCv#=CQcHmVxN9lK_`p%\0U&a#Y!uBS Zw~**C[PvMA=:fshgo=}Y]Y_BrRUI^JTO\nZmwc--B?&(\'$(tzq1xqjrtsPO\0_mZyug\"M.VH2CGMt+PRVFA[Ne)VR\'CP/K&H	RV*\Zn<rPCg\r@PZRv6m\ri)^N)ihb3F;ty;y\\ *(Hu)Uq<l\"wbJ%>{h1uakUUp2hS\n;\0$+;\nVJgbS$;u\'%\'l>DbN CL8\\\0N.ETb>P3~uDM-Pr|cR]B7-H*:A^yYp!6	A3S*UA6c6Qy&7-j\n*!TR2*\n.%	I5O/q)\\%DI$Lo^[^5kVCgI}U`O.(#Clpr`wg%$O{2^8pGke+W]G#\0cU\rypH9 c8-yQCsy}P\\Ozp{h:zQC]s<dws	NP>O>P\\$;vEqy#=\0	RvyVpdg?B	:\0MFKL}G}`q|\\Zer+{\'2I{Han3\nRA[9RIX@iS\'Q?PmVv]u2-Dle	#$xs;;[kBZkS\n\\\'Tjv[}T=ngfRT+1{0!s\r|[c2SZu,G>c\0+#:Fumr\\ -Jtwb2*aN[.[eN1\r#!}lALzKR.rNURz\'k.m*t1\0,%gqhF+lMcQWx1k8VxeNM%sHSjm=\rvg~:.U,$%3P\"K=m~(C>V=zQorNa1,a.<[/88FW%\'_Wh,	l}~!)4RMQZHBJ@lcPEwR{$\"}Vz/wv*+5\n-mR,i,D0;u!@:	YKj$Hq~\ZV-Cin_bn[}q[s0\ru\'IG.	:5!n	Oj;{\"#h\Z,ORmPn:]ne^Up	r}I@ZGuE)8\0S~K]>H=G UllrZ64Bo:jp[wm0\r}T}BRTVH)|$#u+R@*k2mMpQ+)qh+A5RulBHw$G99x5[*vcTFc]qZk]QTJpPN\\t\Z?F=:TZqi:RRULa}[Ki0:_<m3igdR;\'Di8f:O}\n<;jsm~^7X.B1PKkLE_F0109N[9Ivdi16\0zI4Gn=9XRguY;ZA\r1%#Zd4[jY{Hi:9u\' \ZZNEO6\"f:R.*LH2dr$4v[Hi\0$5%~Y:\"Y^u\"B[7G-.5fb(s\'<>Y,3cpkud$&=.(P=rLzA]mFQxc*y51)\r8:T005}}]d0A%k$H]Z&;xJnfLvf[b=2BT1+T\'u+d-[`\\=y)Cs8O(w@\nVP\'A\n~!fFvE2#Rv%?>\"\\hyXqQ\nQ\rN]0\Z\0P\\p8>\0?JQgcVT19Q$~\0qi(ssEy00O|g\0\'A1:9~<:mEy C]sI9A8y9x8.:QX/!@S|O#Hz>Y?:hx\n:qhiJ:SO])$wIO*)UVS0(\ngRYpeTGwt+	j,gc?#	Z*m_\'y<$<\0\"b)KJe6ZVa3)ZH^oh63#K(VrKf[pD&HB\n}HkH@3S[vB:J_> *lzCUi2:JJH2P%u=\"l)V|4/>dR5cMwj:{wlcO@C>|	UigbHBP{O}S^kSBCJ^ng~]&RB5M@NbJ\n@N/@)i;\r2=pZ;@;]@My\0\Zbx:!O%o,k(_:ooZ7:k=}%t:]+\0\nP|\0P}>lpQ_8VTt(~~:h%i3\Z&9xL3s]o*DF~;~cXqaX4	qdq5Fv!UTVK1K%wCM\n Y:{}MQSsI%2iERr{sy+f\\^DyQ-aI*IT\neiw-&Dsul>\\mi	/7\n	\0\rz.B9<2BI9=#g7tQh=vRDAHm,0`HgTd4<,\04kx`mHk7\n:UbJ)-]$T8SRyTMe5eH* YK% =>X|d\nH@Uu<j<e=><%QNVL(5i\"{K	UN2{i\ZV>\ZT:_+y~+U	WR*<V\rLSJh>T-h(3~_02F:zM?-{wN|-`zX	|!Y>\Z\nIRmHp\0M*&nxfb4_dC|E46+#{9:x\ZDa<X#M2\0_1vUv$MR\r9[</x;]a5ET6}bO!LL[nw\ZjxbNvQ\"UIyj?68\'m}3<;in	FSj)RI*qE:Ur7osdtdP[UR}oF=dj\0qG/m(S@HLBy+YkS}vc\r5nIP<r+c|HTy-(t 3\n:*2zl5dZ\n?;9aWFd\081 Bhc<>8Eu$wc\Z6I$\0iJ@P\\}>]t(s 9(ss>4QC^<8hf	8pp3~]<pEUi+bP+$qD}n-KrX k*TAQ$6\0!H$qPb.m#R=. @SyiKAHWT[(4ytS$oRja/bXj3E@^#V@>HF6*x-yo:vaW\0AI;M*\\jm=>{RRc$u\0O5!`huT\Zan=rNh5$|56))P&IQ-:0%Y=IQH3}q$njnZ;s>KC&u.*0h%q7A@-)^by2AC*&JIL\"oV$&\ZcF}Gh7SuUHL)yp)0y>Z+pvs$kdq\\7awgmn@$#m#Qw.{RpG\\e	K~\nqlV_\\)*u~_[&X@P_Mn\rv}QP]q)(9UR@_P2}pEDi6W6,[tS_2Kz_&M%?wym[ugk^Y)S:p6FPtzVHOL*L3Dzl&]mUT\nB?ZShOz[eylV`A\"=2QXg=vJjli+nML#\Z%ZU=5S\0+(kaln.\"L\' VEQmMU*e&#+@U%AI\'\'#)xLI1U-W[S+E-?a=IaH%-\0h\r/*Arj2K,6bRo5\nCf8G8`>S{3eNn=*Dh~Z0n`c,=?Jc\0y_$BAduen):vlA(6<IqTp?My!DH<]VUrGf6UKqY>j[#A,X{h\\[n\ZGJQ%s:H-Y	F8 %nuUJIB7rQgm|D)6WJV`)_$tzkKl:Vi@C*Rz7mj5a_nWksRZ3K$)HY[l/</aVx\n,D	mi sc:qlJ7O_o\0KNY[2Si%*S\n<djp,\'Zi2D4a%1\'Zv\nBBS\0ti\\l~UdJ%kZDo:WP<}}u.9i(Qj?5}9q,9\0?:Q9hmVgsC^	By12NsLOToEqpry=i(s8R4QCw\n\0-e\\`<-2HE`:@\0GC^G~cysqP4Q_LzVBI\"3Btd^g}q<[cTB@T#n]n::a1u+X88Z?.f5m#Nt77J;@n};R%g\' y9\'rSuVnS@dOZQf\"jM2dp{~9Hi\rz{X>mJn\0NDZdN\nsX{\0\Z}}*tIyJ})m)QQ3?:VCyK\\rCioSIGWAc`a-iHqYB	3\r {jWBC*iDLnuR5Z+H*4=e2PIMJCU(tHS]f-XQj&t-`mU8\nEf+\0%S-uz?qJVjARGhw#AY3xf!}QSpqduBb5yZr1:_~\0TwkZit< :i1EmYTuCFLg~ZzT8F{j)NjJ8{{s_5JK\'W~nPXQHHy!B^S_)i*9:5@Lj6&^|cx9Rl\ZO-%@i0cN#2]%-38g-]mlQv$j i\0FNZ0\Zj=>jQ.5s#2$z^MW/q$0-eH$vAf	cT2%Th|/HeyW ] `T\'):usOzs-/mQ[lT9;P`XJVz}1HkpAOO^@Usm&ZK(.zl)$BBJ\0J[}JzAjH \ZBA#Mo~vJ/ru}O/Z{	jA$ixeQ<&<UKSu=J?jYTg)*jGS&7kd8e&rhtj[PPH?skp;[f\nC`5j|\n\rT&u>ktxD+CJNT\ZA!Yk!GH#oq;/FijaKqP$mZm\nJ:_m[uYPS.qH%\nqD<JGRX{=:o\\ %B!mSq3tm0\nY^1RqGe?\"\Z[gm?\nBB^k\ZZBJXtNFQ(koR2^suOK{#+:q?.AXy\rLG_N-`?8=\Z7\\G`}~xP*ICw	HHE\ryxgNA?Q6(cVN0q}>\\\0QX(9\'T,v=8~zM=yYHF(kg|x\'&N`9QXE\05iEw?\"n0Yq=qp@\'}j0Bu\rk	JG$uOCq\r{Y+t2=c\\quR9?HyE?s\0T{k1W!D6W`|F=5{p@o:`gM|<k.4KC9Rc1\":JI=hJzxGm-6]G \0I<V9WcJM\nH)lz]+^[U1T\r+c G$\0Q[mhbOuP6\0sOcuxB8AN=>R\rnmOTU\"V$6EjGQu$?]6T6])Jx+8\0chRlzTuun;qvXu\rlR%$\rg8?=Y1 8VLI%9w^|\nrlYMaj\nWHas}/fRc+61[\'XQjx2q)P=4>2J0-\\XKvd\0)\\Po|WxxzS_bI~B9il%>(`u}|\\hs)^5QnO`Hc\")S]OjDyrbHAD! uQ;T5_[Z^&<J[.Z+f=R?:xT\\|7ewxda\"L\rO.6ARARnUBUsk.*\r\n)jN2E\\a\\3]4Q	\"\01Gz	#i^78\\oJq%:d8R5_z|!N?.H!8AA]i6oYA[b;Baw!ny9r`i *F&1s.[_D%$%\nO1>6\'~NS?(4l[Bp$2W0^z:#:K)H%ZkeV`R`jYiU~\\\"m\"Go5*CmJAZa1P%D83H9Nj_V2UNaN0i(}\nj@\0R1N`$ki^8Lwm6wc-8`-m`: iniW]v!_(i+B	;ik]U}5w`./f;t/Rw@Xmb0qQiOcx|K}W.\\REiXd^GZ^(uX%qV8Xm7``WYuvc`w<kw6xw~sXTi\n\\ogLjHZ@(9k0{+]N7j9nT*o3  H4m\\K(\n]ivmXRNKJJLkuH~u\0o\\Iw^RsI[BZpK`}\05sRMZNo[0%%}R8qxR0HwUYZ+@u$Gdg:U\ry}t& wh/Vr;_\ZCt\'\0re1`-d~c~zdqQ9\07+Dx0{g4\"btZJgLH$fB@<JlI\0$|4NwSeiv&]jT\\zbf;-Yq1GIj@:d]6lRp*m0M%>4\nVA$gUL%m#uL63zJn.]@k%st{H\\Me4\rKPz=m\n~G\n]di^=vqB,	#t:)R:iY54Uu88n-l;H0On59HC\rGpgx8c-J[&<2ctZ4w-)-Zj73%Iku=.t[a<b#0iHI%B]UlbS\ZQhi0Vv5x^Yu9bu(.,UD\0\0R,m.F#<	5rm/\\m	0Q	pGA	)L[dvve5OmLORtt)<ya<c<*RLI&6/\r>L	=bxi7e3e6j~;\Z#\r9*+e	RRu{	5:#%&oD\nsxx)\\SjEDk@7tvn\\r:%Z},d71gi`pBxmDz<Vj\\*nNKv>BIsH\Zr*WZe?d-q0@XSBd8+eFGc]m\r[MTtZ/|+=>i%\0w[v,U-5%nB0U~g>_Odv22TLBn+$T^wD^?U-tMK-)^Y cq@/e-@* xUzW%r=>\0H&7%~ Ga{|)@?l)RZuC#.t;2p ,?Y2ziI0&0+L?oCiW#muUeUD>5q\'PB@<\nz;)t;}\rtC]NO}[z(JcG4RU==.\nBbb~5U[_{IJZ8h&ZC\\59JB#$q	S)Bv?Z5gu\nI)52%0|td+\rzF%h	qFu6<(h(~u2SG\'N\r.V\n\n\"m>i5XOu]+`qP^$\\g	iN:	+[Z-+4]e$=%mZSjgg{U=\rZJFW-RooB\0)RuA]WP0<?%;=GH)e7\"=1U2s%ERlKj<m^.\0@B+\nBrvh<HifY%I;yr^NY}LHrj.:\\0c<!	z:F9+%)b6w|7P%W]q7kjvvaqnQUH_-/#4fb1& gNn]Gn]9}kP}@[@) gaQ\0x\0J8??Z-nS`[;u)RiB:)>xV`,%z~\0S_B4\Zm$3<-=C#7f\n\\8Q&\0?_no{hj\"[36ydgZ\nr8c.JU~#p_\0~.v[LcqVKK.?!4\0ihQt[ju{{^}z%=XlwJa]%:RoZZ,}2r7x;a@>HgqT4M=O[km>baF r:s]Zor`sq;N\'m@d=2~w}0S25TZPCjH{#taiZ\ZaJ<H*6/6~5u(k6HjLT6T)\05!}qHJQ]B\r^t:5(rmdM\08KOGl\0S+[QA%?k^lWY?U$yR$*O\'kqDAqRHG_+Qr ]!BBz*OU\"Tn}\r`d*RIDt6b sj,ppd-,M\"KGr^\rknF\'tr	>UI)RitR=T.J2L8KXfWn nV2 fa\rV)ZUlPty6jGMkmGqSp,&Jl%d{Q_q&.[4aN\ntWx./1G	@I |P7qD|URi*kz7:bW32M$PtLW\\aCp\0&7wI ro2IW6x1f]N\".MJRMF@R2xkoc{o-\0Jo[]Xq{pr]\\#r=ew;WyGrR}%iOy%ad~0:G8mA6	`u:&nN}7sW3qYS[dx2+B`*3!YS2(\0*nl`-%O?<3.\"e,J_1\0	IO srT{WR4X^y85F(-S)RuJ*1vjutjc%Zf,f8t@$q].:f)]w*)Xvlm-_i-:XRr`dlolPm$:T0*CBT`sQSoZemNvbS]cHmZUK)ld{<}O_p`\"j	kC*H|n62m5I&4L8-6c_^2`h 	RA;Y\Z-ie.mEzkRNj\0u+k.)XsuV:42NI05/-pUFq:DNX&Fp[.nAZj?*Ru	HT1sB{SoAKU1q$\Z<.ZPi\'utWvR6:Sf:F3@Uc=&\r@&b{%C*A`ug+W\Zgw	vMd+e*.cSMRZAWC/\\\'?uk9J#4eG}\Z?=_q(-w nM,X\n%(\0pK0:d[kcE9	aiHjDu}$\'Adh14%JRJwvrD\nT(sbao\\]l-SRN8yV$gt	)Q;S=B*mQj#\09\rOLtd~w\r%I @MP-uO(cP.\r#O\r-yfS&\Zp1I	Jq4(Edjt#~*@ Sog3a)T-\\Q$H~[?iH-$z6p VJ++rn6=JUmc?46tHH<2?	#jlJk4rTh6-JZ6>HRQIMh5|A`v$!F^bO\ZBdG06-uFjIOE.P=Zpy<^8I2st	$j;NZZJ	\n\\[*O-@<qi\0S;j0R y*[aQHWnR$!d2-=*m:wO<J\0dhjt\\y$Jp(Z)8[ewtH #A6t>IaG9#F6I=zQ?S`l]);BH#\nZG7yClMV>@<?/e~\n$eJ\'9iR\\vQ6fD\0<KneP\0z;~	0%xl4D73&:W\0j^{#!!AXg]&m\'h.M_{bM%E}[ir:@`8q*<\Z#	p,J[1XE\'sU)6t\Zg> chykXHnn7*6OuXH,m\rUUa6Lj0\'sWWujIU_a{h\n r!E=_/KNTfZCoOkTNS+\\.5am\\?|\r:r4drRn*?Suhm*H@5vnPnnqArjdv\')<}uJdV=-D*uVI]@Dr^Y*t	U.\r:RN)\n,Ptz~\':Sfei*%PA\Z>0&_G*r)!2s\\_O^nR9uLPJB~ztA:Wk[6\nZWFf\'	;\'iS>uJvIC@.|51Vq+2Ts?\\ \r$>UW7Vhw\nUkRc%R6D\0G>Zn,xtTaC0:l~u/X5[U.q=XK?Nk@mON{skd-Z@:o&j	S^@R|\r3]~n%%@%.Tdl6i8ZrKXVKdzs`RkW|LJyM8w*jcmfc\\vUCCLVa<sKSbaPt!\0\Z#}.,hI<Zs)_h\nB*s\n(C!CX@QIx}sqSq/A]6GZS0Jm\nqN!hOrTt@AMiFJfeGjnPN-U:~zRM[)yL=\'9_;AS:5Fv{NWcJR% 4@<hTFz<M[e\'bw3tf\'}tb6[}Zy!-(sc{Le$I?O\ncuR~UJ7+jv+p+2%	[~_9\01tm.}#TFZa##Yu[x[OPX2\\k\'n ZJzrnZmzR;yx{VgJmK/\Zn*5V\nA#u8ZRxYrw0\Z*[Jt1Vhh?W8s=:QmX	0|HIp9T\Z[4hbBD}\r{%#5p,|\0)ri&O#S-JJ:YOiUaLvo%4w)Z<jbL@Lo@KHhptQL:D\Z&/y=LU!LbrNH	In(GSU/;\ZTO[jR	\0skS4t+f.UQ	O qD,P@bZ\ZZP8]`.{u88B9RF:^:) K\nKYmt+gZiB>:T6W1]v7*o\rl-Y<MgWur@H$:UwTz4[2)zD\r1(;Sne\r$8HjPFS\0\Z@IL5KxbB>B])8 )8\0Q\nO*\"S+\'Ov4F\\zxWT=4\'AAPm OLi tHOs]\ZjI$m*S	@x9?\'\Zw&I:iy*p28pU:eDs9ti:;uPp$>?	\r\'nT?o;TB@\' c	H`f*QS\\{.Bo:!2A\03}tv`?[qUyb*u:\"Ye)oMQe$rWl)r4 0:-iGT~~m{j\\4i\"$ -XI^qVJ.2A\ZVBDH)eD]S4A2v@uJGshERNO8zTf+_[Fi[I98R=E(y@^\'PFR!j>QhRr (zC:cPJnLZR%a#BSmaT)\n\"|*z%%)NwFlo-jmcU\'Du nJG,	dv8l:%krJ#uT[z-5q,)Z[\\E7X(=G3?:\\%RwRvL^WuBH-U)q)~Psia)\'BT\n9v-W\\BS9FcI1dDixmyxdU\\a\",JzX\"GUUN2MB \\.K!Q:{Z}nWkW-U6>~q.\rKMVyZuEM8V >uIRu)V2kFV^@ r1!@~U\nJQ@ZP:N^5aSZ4w\"/CYV{Kqv6{\Z3Ke#!*U~K?{N5zh2irMa]2)\ZmRWxZtd\"ItPco\\m%.*}_\n4OsP(@=\\\n_#:8K\0TtTWl)\"nSvDiYZB$A*$u[\"4\")RIh!	1#7\09kU6h|jHn!Ve4Tiq+jL=\n`sb>+up6/)E-y?M2(q]a/$Kc-R]\'YO0zu>X)(V>I@6$FTaQ$7:HRdR9gy)	\'\'\'ml1Ij$_#%DGe&y(J2J^\'tO$z:MTIyWJP >:U+D-MXJ}P\0cN+TM<RS?:j> Z}%WRLh!-2dPI		\"H}YNwy\"),:\Z`H\01:v\nRvQFlfFO2_!<\nZK\r|;z.l!BYWotrx\0MS$P8<;\0?JqgUyx$9Q;hAa*tQCw%<~;QCu@pFsO~R}aE\\jC8\0=-.X.u\0W\0{*~1t:,+wq1Nln(6\"!\'zz_PQ0cUBRkYk))nV)pdls^(2U*):\Zm7Ua><6A*!M|\\q)qn8cbi~T3lR9GK%2Zs< ]	v-29x\0(7;\'Zl{9:T~iTQ;^tU?Jp\0x?6\nHKOT@swQ\Z|C]y)9CO	\'Y4%OU5zNv,lV]U\'Vn2\n}Ki#]% {%]< j`f5R?Kq18gue*``4p&;9Hf3MU.OJK}<mw\0N$%wqAy,Nd)=D\"MKNg|^e*<JW#PR:R{}IxPp\n(q?.)TVmSL3sP@OBH!9Gj~mNbf-Fd<Qhpu;e)***~[L~P;^kj,BRVY*MQUQDBzmED$4C$\0\\Vm*-%7&k\r6rHR{,PanL$Ge>$Im8,P=)SEi\0gV)E=lN)Wa<\\Z_-xJ:q8Fp\rm{nLfBecVLR}yem$Fqu%ASQ(UUj(q.g;9\nI7-=\'Rp{f^@\0$e6FPwuRKV[#|B.-\nRSj%w+a\rS2PG-~xif[,I\rL1rIiuMiGYJyIZ<50S\0MT[\ZM{N-R NPK~bI=\'(\0cU\\}PS+O}}\ZuI#QZ[L`#r\ri8JBlSTka!:\0j6jQ;Gs).eT!THI#3NII\0s9$,#E9	$|31E\ru\02I?OEy~/O:`EO&?~)I`\rec\\\0Tt.v3\0k\0w53S\0z\')O~0\"UE4k*2}j8n}QH?:b/-sYCZ(d!T8Ra~Z}ip+X5uJa$\\K!oT:&#|\'#OR\\P \0QUW4}yRH\n0\\c#^qIuE$*?:Ku\no~I\ZX/QT	Xw-vJhai%N\nZr!t$yLc]uwbTTh]utg5{Rt?)b\0\'(&\0:RVv-\n#BPy\'&3~Zs$4|+4_5X^s.{n,G-\':}{5;\ZFx4~r1(a3_JLt;C\0:JkF!Tq{^ouNJGVo\Zkp@&\\\r6X?$VxqPJOhRO!VR`n_y*Qv\0KJF7E [J\rAb,[IRa: )hgF(kE~*[ZjvImb\"%l:B-]n3AuQ9Sm~wV-o*`e=^BOv\nJR:\n=\08zvSkwbdL6Zu)H%^sN)SM<H+6_/_D}At@Z6U-1r8GgjCy_O8#Jg{o[[S)6I15t0-?W}GM=`\nB%S1tM,P[yQA+ ]\'>>`\0rgx5u3EQ[bb<g$e\n@ R@Oe8JVyU\rRkUnMf[d~e8Fui\\>3\\*j}sYOL*Mp|d -kT,H<wc]xunRKJ#PUuTM/[RNAQ\0|0=5O%vac)D?Dv\0Ks\">hz	dn86\0|Zu\r[e\0pg)CFa>R\n0Gl~8==9J(sg#|>Z+91>}tQC^w$=8M!j#NDHp@49G\0 9FCs|=;gM-[6n9 \0k\"+	R7rI\0\052;o\nf~$BiGM}eP_G/ll>D\'su H<M4D6{E*bd[wDaoam>DV2$8\nr{4^I@Bu\0V{rtw9_9gEQz\0iZp1V_[$\0>z$:TTgi(o%jGT8fbrFP\"TU*}:bx[5tP`UBHgS	s>BTy-+YwE*2sE\\[1tj~}jib\Z1!un@~\n7H-2{8*#e+r9N.Dvr>f*5%z:h( -KSvWMh2iPpeAE,JqHHwEo0\"F_^bf0>A~whe5V5iGQ#T)y<Hn<\'[4>ZLm8P}n:JV\ZTcK4Pq%(4J\0Dzc\n*.({O QElz\\sr96@ IV\094B__?*%)m#dQ$?Hlf%Dld+NVS&qrVr?te6+O~ \Z7Ms;R:\rVS6!qaL)R;(O!zTWmj7n\ZHLcHHBP8\n*qd2UX[#:au<Vd_auu-!yH#WYd!|N$OAm-*)(IH8<:]j9d7?^\rs@sTIDSlS#G-Ydj87\'U\n0@q?,\'O2[6RH!`mgNvR!ppB\ZOJO=J#U\r(h@\"zT5jT>.Aq+r5J}	\Z[ \0\0\Z(<#NWn@Gavr[fU>[=#u)LGPVbM>(r IRf?\\Dz|(o`+I<pSZ[Ru5QkiZX/,Hyi)WTwnz\Z5IfJ!Z#sz|9VU8Lr;AE\ruc@RQC\\w	9sQCY9>Ds(k{Fs=;vJR4P\\<*dV}\r^n	N-j	Ci%iZ	HQlV?lg@.[ o$RO&k~Vi[Q_K\\	fKbLg*=O}Q_`XE\\Q#mG0Z0>B@:O\n)bC9F~-CrliS.aD8<k.-d=in6B_]nxkT]>sq4)(!)ad1^a5r^#7TRCAZ\'(,=T)pa=:yRC!H3$_Z{H\ZN-].7!6N>~uwKZ=\0z\05tnwBrvA[EYLTXa\"Jqr	!i8Mi\nqj\'`G\n7m}\ZF^;mArN^DiyQIuB)Z\\:d<WiCGY%#t9C+qo3l,ni}	xKKn\"BlTLyl6)\0=uEjbwR|\0|\r7}bw&nE2*I\ZB#H\r-n%=gbQcNc3x\Zlm+4[5]7mt\"X\';Yy^`>:]7s(HQw_v!R@Jn7\r;uzPQGZ\ZP}j--TV8\n}x?+	r#M|AA}OCjROqS?\"i0-kJ2\nUNN=J0\'Bg.\0Y.:N}s{\ZLJSNL!\n\0xO$g-;I~u\nEJJ-hEAu%WMs5p{jk^nf/e%(;4Mj]qjRT~CV()X1\',AtT\"AFa!Pc%3:Y8\'\Z\00F|uj>=:\r GW@Kh+M\n>CG[-c-=8?!7<_gd@~uF>0l)JUp/n	!7\'B%$~\")6yu|2zW+0B1%4=8@uPf\"JQQTV_kI\nqS;Ar-\na!x	9#%#H*z}{(xn:TmEGZkBLoG|$if\nXB`65E~n!Q+x\0Uy;~H~\ZJ\05	8{z(gLC^p(Qy=o}~(`tx>,izQCp\0zu6V\0C? 1591,y\0ps>o89J&ZU	x\ny+#^AQ\0u(:\0.(Dx\'Dm*$wTz?t .@ #y<k\'m?:`{kP8<efC\0^4*J<$N}\"A;<]u:\\$\0{@T5J3sFH\0=?J@>\'#x-5:BIHLt\0`:_\0R2N9#=y5pT%pz<({2y<7h3\Z*uM+*Dm.>dP \ns3jyY0!EFrm~aV.Zmr\n\\xJU:{i-\"\ZJ$6L1j/xg(tTgHKmJ:Km	\0*\'!_hh6nZuk	f\nq9	s/=?\rb|P6lz_%iiTF>3M2u(fiS-nQf1sOHVTp2qk@^eZrS.I)J_gJ\0\'\Zp)l[TWxxE;noU&Fq5V\0gT}6JtI@SHfI\nTkRDBz2T>OlSF=M9 RzQ\r>,dw yr	\00nNB1Wm!.P[SJ.7$\r%.5FJPIq3QF8:I$e8@NINn\ZwU:f.zToMRaum8\Z[0:iffs?j%OJk$v\ZdJAiaj?F,1KeSzRF	\'\\)nmd.HN\nv!E+]\r9*C\\p%/>\0;~.RNkUEuHAOx|veu988=\Zx8<zqE5FNI=QCpL4h&\'8 ~w(9rEyA;`?}6t@5R;9MC]x_#3*0NC]pg?*04A$\0\0?\Z5@$upwxJo=sE\r}3K \Z1{98P\'x\'\0<~(9\0!sv%7M8~\rLLOUxAhU.tPmURw\0fo+EHA%`f2Wonk`Z8,&Y$2:SqRysje8=g<Z\'OqoIpVOm:*.QC4Z4*R.:.*b#9=4QKbFBS11?%NC	Bho<T+Ve*s$K-.\\RCK@tT)\"5C:3t%z]I=)H$Em\\E-czyPVd*eQY7$.:Nz{e\'G1Z7PQ\r	3hILi]BTCPm7KJL3R 6(Uv\"r	e-&t2O&OJ}:Zfv/,]:(\'m@7i!.D2;<Vue5Sfv<D~(Ji[Fq9JI=me.{}:h&F#K[n\r%Hu$k,iFt\"zdZ&X\0r=[J.CST>8nc]):AWm&\\J$9zm112$>@GRux\'gq<*$A8W`4PH;wP]#p@w4*\"(\0pxt9\08sP$x?T-q}OI\'SEy\n=~<\0>13<qI\'M}A8NT	#6I r%%:ksOtX\0h6n9)< |W9Fqs,\\#\';g?v\Zg}	=(nIps:iFNQRVT{]39y9j^,Q\'P5fwcjt2~3DB}\0SN2>SVw=}%Je>8jiA#}:pjl*W/LRhrDfc_ku%@|UH.\0fo&m&6}Xh@OC%#\0gtQK.M~z\n#TJlG]CL{JGQ}(=4QShSjz!RT~%JX~fi2Z.VSRGKK\ZMz7-B\\yu=\n0CH_Jz{I2Tdx+EnR.TK[deS>#)/<tERByA$vN\\L|>JEnDTP{\0JeTZ%m*rT)\"^RCyXV5t\0\05W//mS]6=>MEM4R$\nZK2\ZM(z>\ZwHt*fbtE\\%*nDM,,(,Gr\ZRtLD<danmm{,T7Rq)$!iBp0?.;\\D;5ltUZ\rihRIVgcqajV +\'~/|:\nYs0q}?`]Cs vE9:p@<`(7$>?]4I&M5AOsQCp`srM1\'<dBs#q<qE9{9z6UJ CNGV=N\0?\r7PVyE\Z|hk\'#>\0Mp\Zjhg?}2I;c}}	w(Y=|O9?E-x{rEy]\Zjv-^yRO	\0Nc;D)\0^*\Z8TE)/:MJ /J~*EmZQS]y[m`]gV>:jzcUDV\"CRTr>gO8)ZZ71rcQ.}n\01c4ZAF\ZGs\0}tQIXuRd|8nGl)S,2AH#9:(	TW1^<t*2_dS8?tQRo+M[\ZOTp	eE\'_Tuu\'s*S*)!i=SZIoNCW> T	ZrqHm\"G#9E2n2et[5`KrEA\r.}4(OJ)mn.]x\n9EKoI)#)\0\0p4j)nQ|9tue7\r:n\nqKbDR[Sh6BFryI^](FzL\n	.+N\n_odoPs^2GUr5_V{UDon.:<\"y1RQ?1vMl*@\Zy,,v:Sim(\n*\ZWJyYQU~fYeQeM| }5\ry\'%8	Eu>u(:QC^p`9E\ru<~}@hO8}~gM)SP<x<~(c 8z(A9s cN!$?>4f|(c{s>?Cs+cO88&7 =P\0\'q?$/^t`mP\\=r?\Zn\n$|>mK*Eo{n\ZHkM@?ZL.q6!B2@B-e_Lyx\0\rGKW	JLa!]DKRJ/ADg!XLIV2Ym^KfCl\nFF\0?)x\noblIRBhmS%o(pE\"[Z7\"+uY(KXA@>N){[nwzaZ&JL\":Jhy(.\"}v\0EEQ)f\"4[/}-$#Exr)EvCQH>jR`n?\"4QTRj)/d/\r\0R4QNh#;Tj`)JB$LfE/U.uzHJ_}N~H= uc\\kU\\/Fh[uBbK1DtC	*sAzz(i]Bz>	B% tupW5	= 5W~lcFe:\\MDQrN:+d	\ZY}QZ\nP\Z~BC+18?}i({tH\Z7Eydqd(cw\'$`s\0?M\\o9v458\'9P]\0Wh`u\0$\\eDi@=\n?]&C]pTI#4QCp8Y91\0O=\0ho81y<?E5(HpxAE\r[HpxiJ(Ss9OMrzrNITJVm2P\n-!#Y5d6P`v@`a|LFUyqoUk?\rf\'QIOvu:E4\ZV6T^Fd:N*7i%yWl:sQ`[8sa%VXiK]gKy`98m>	lSV(OR*5fjK*ZddiW81]_q%uL\02yondxn\rV\"o`OzK2p	WH+G]_Q*Z9dCT.%Y/)HG]sXW=2=?pk.N+V$U*uBLX2bHkO?z%eie\0:\rmH6=:\ZPxBqn3a#4z%eO(sx\\c_^[L0YZ0|K=L\02yT\Z<{}q]K\0s*cugLhKW}2=,:mU*.S\n2:*Js\ZyQvQ^PYKv8mpp<zw\\ZG?)6Fz|7})kg\\=\0G=zZlO!yi=T[Y}uhr:+0`Hh|[l\ZX^Vcuj\\#]5Qj-vMf~zRSkS[-T3$Qun^4\'^.{]gEz!)6?\ng\0+j,)aP\'JzDOx\n'),(5,'\0JFIF\0\0H\0H\0\0%Exif\0\0MM\0*\0\0\0\0\0\0\0\0\0\0\0\Z\0\0\0\0\0\0\0b\0\0\0\0\0\0\0j(\0\0\0\0\0\0\01\0\0\0\0\0\0\0r2\0\0\0\0\0\0\0i\0\0\0\0\0\0\0\0\0\0\0\0\0H\0\0\0\0\0\0H\0\0\0Adobe Photoshop 7.0\02003:12:21 11:38:24\0\0\0\0\0\0\0\0\0\0\0\0\0\0\0\0\0\0\0\0\0\0\0\0\0\0\0\0\0\0\0\0\0\0\0\0\0\0\Z\0\0\0\0\0\0\0\0\0\0\0\0(\0\0\0\0\0\0\0\0\0\0\0\0\0&\0\0\0\0\0\0\0\0\0\0\0\0\0H\0\0\0\0\0\0H\0\0\0\0JFIF\0\0H\0H\0\0\0Adobe_CM\0\0Adobe\0d\0\0\0\0\0			\n\r\r\r\0\0`\0\"\0\0\0?\0\0\0\0\0\0\0\0\0\0	\n\0\0\0\0\0\0\0\0\0	\n\03\0!1AQa\"q2B#$Rb34rC%Scs5&DTdEt6UeuF\'Vfv7GWgw\05\0!1AQaq\"2B#R3$brCScs4%&5DTdEU6teuFVfv\'7GWgw\0\0\0?\0-\ZifKZwmkQ/@N#UZc +~v\r-{\'cu0<rKzNwCA,\r5cQ\"WCfFD=j5xr.N\'Sxr\nve5=6]shPyRlE^oo\0\\D-w`yD%lb+POkfE@=6R+cCk8M]WL\0.{g@mk`yjsJL,r>|J)}>yS?H}DJD%@_KYGKvVCZ}[Y#+/goA*7cZ\Z\'NTwSe[<R\\^yIs/62-uW0auo\nUf>[>.?9,[zJT9bUEt1-fv)1=lsba*!]>du\Z8cdXY[owkw15`^1r={*\0UK;e\\}-}fyy-el_~=6_}o\\W]_m9wi>O[\0cUn	$\'ckj\'7x}ya]}YxeU7b[HXix{}?=tIu#F\ZYs\Z!6f@ i}Z>ev8Q1\0s5mthto`s\\E-f\0ArmUw!Et=>YzMLql7[[cooZX)^\nK.-=R>+{~fK#1%sk]^Fv]::A\r+kv]o/\\}h2ORs :vZ2T%@Q%?-vUp0]\05?+fVE\0FXtH1]\0ja{GY`@.kI7~0ku\0NOYp=_uK:^p}pkK\0(e.k=6>	e]?4c:n.neo \Z&?/=_<:[ \0x\"Z6uZ?f\\CF\Z+wO?Y\\\093M6`G^E;+7\"WrzIwK\rf;j0ds@]no_NkL\\\\9.W/.@W{b-?o\"hLWG?GQ6@$\09u4Q}iCjm}W9Z:u`e9jcH2$vwWU]V6T_Z6~\0\Z8Lk-\rm5UYGF&.6XPG&]f7PkcXe6,LCi_]`:+yyu8Dp7m	*}7\r4oeVvON@t9%{,,so~iJ1\"?Q=kk^h@g}\'nJ9t,\"-4~nzJUami:{Ygz/\rsqJ[k=7\03bCMaCMoN/;P?&#bc(zMWuh}ko~z\'J.\0Xy6mj>!^CIg\0m(7~$ps7kKvX\r%m{Fjevdzlh\0kk^{=fm]fG\"K457>3GY!\06\'pzXs4z\06Vg+ln>m\0%%\0Q\'s=NI\'WXOjwm3wUV9`+j0\0GF\0)\nmu;\"*_Saqr?Yx?k$5]\0!4cThOH{n?wmkIimG+k.zj1E}(q$\Z{+3vmT=\"fuYr/vyVSQ`89D\Zmj_u\0O\'P%9(dP?&sHsIk!5dM.9s*\06\0I\\uK Cw?\\A]y^\\%Aq@3c\\[X][=\0H5#8|s2={`p7Jitzc,v?C0KY4mJf 1>0\\UipDXjzC-I2\ro>5QcOoIPf~[f q;[5Sr.s=,V@Y\0Mgcc32q+46`woT,kH{O}@{Uni+ |Zv8Xc,]7IZB{7`~+3q\r_[\0mukaThoN}OGIP%9*P*)PIJ%@P%,JrT	ALl>ZNH\05a;Vf5xL1t*\0p6\0g^:x\'OZ=SS]Mv5~c\0=\n,]NkX\\N5#+cT==o{?5,7Z\0+o=iV7nt1?Eb~pSRJkO}O!?glP#7$lnY\0%Xm{5kst-R]CV]\0VTPhotoshop 3.0\08BIM%\0\0\0\0\0\0\0\0\0\0\0\0\0\0\0\0\0\0\0\0\08BIM\0\0\0\0\0\0H\0\0\0\0\0H\0\0\0\08BIM&\0\0\0\0\0\0\0\0\0\0\0\0\0\0\0?\0\08BIM\r\0\0\0\0\0\0\0\08BIM\0\0\0\0\0\0\0\08BIM\0\0\0\0\0	\0\0\0\0\0\0\0\0\08BIM\n\0\0\0\0\0\0\08BIM\'\0\0\0\0\0\n\0\0\0\0\0\0\0\08BIM\0\0\0\0\0H\0/ff\0\0lff\0\0\0\0\0\0\0/ff\0\0\0\0\0\0\0\0\02\0\0\0\0Z\0\0\0\0\0\0\0\0\05\0\0\0\0-\0\0\0\0\0\0\0\08BIM\0\0\0\0\0p\0\0\0\0\0\0\0\0\0\0\0\0\0\0\0\08BIM\0\0\0\0\0\0\0\0\0\0@\0\0@\0\0\0\08BIM\0\0\0\0\0\0\0\0\08BIM\Z\0\0\0\0m\0\0\0\0\0\0\0\0\0\0\0\0\0\0\0\0\0\0\0\0\01\0.\0T\0i\0s\0s\0u\0e\0 \0i\0n\0j\0u\0r\0y\0 \0n\0e\0r\0v\0e\0 \0d\0a\0m\0a\0g\0e\0\0\0\0\0\0\0\0\0\0\0\0\0\0\0\0\0\0\0\0\0\0\0\0\0\0\0\0\0\0\0\0\0\0\0\0\0\0\0\0\0\0\0\0\0\0\0\0\0\0\0\0\0\0\0\0\0\0\0\0\0\0\0\0\0\0\0\0\0\0\0\0\0\0\0\0\0\0\0\0null\0\0\0\0\0\0boundsObjc\0\0\0\0\0\0\0\0\0Rct1\0\0\0\0\0\0\0Top long\0\0\0\0\0\0\0\0Leftlong\0\0\0\0\0\0\0\0Btomlong\0\0\0\0\0\0\0Rghtlong\0\0\0\0\0\0slicesVlLs\0\0\0Objc\0\0\0\0\0\0\0\0slice\0\0\0\0\0\0sliceIDlong\0\0\0\0\0\0\0groupIDlong\0\0\0\0\0\0\0originenum\0\0\0ESliceOrigin\0\0\0\rautoGenerated\0\0\0\0Typeenum\0\0\0\nESliceType\0\0\0\0Img \0\0\0boundsObjc\0\0\0\0\0\0\0\0\0Rct1\0\0\0\0\0\0\0Top long\0\0\0\0\0\0\0\0Leftlong\0\0\0\0\0\0\0\0Btomlong\0\0\0\0\0\0\0Rghtlong\0\0\0\0\0\0urlTEXT\0\0\0\0\0\0\0\0\0nullTEXT\0\0\0\0\0\0\0\0\0MsgeTEXT\0\0\0\0\0\0\0\0altTagTEXT\0\0\0\0\0\0\0\0cellTextIsHTMLbool\0\0\0cellTextTEXT\0\0\0\0\0\0\0\0	horzAlignenum\0\0\0ESliceHorzAlign\0\0\0default\0\0\0	vertAlignenum\0\0\0ESliceVertAlign\0\0\0default\0\0\0bgColorTypeenum\0\0\0ESliceBGColorType\0\0\0\0None\0\0\0	topOutsetlong\0\0\0\0\0\0\0\nleftOutsetlong\0\0\0\0\0\0\0bottomOutsetlong\0\0\0\0\0\0\0rightOutsetlong\0\0\0\0\08BIM\0\0\0\0\0\08BIM\0\0\0\0\0\0\0\08BIM\0\0\0\0\0\0\0\0\0\0\0\0\0`\0\0\0\0\0\0\0\0\0\0JFIF\0\0H\0H\0\0\0Adobe_CM\0\0Adobe\0d\0\0\0\0\0			\n\r\r\r\0\0`\0\"\0\0\0?\0\0\0\0\0\0\0\0\0\0	\n\0\0\0\0\0\0\0\0\0	\n\03\0!1AQa\"q2B#$Rb34rC%Scs5&DTdEt6UeuF\'Vfv7GWgw\05\0!1AQaq\"2B#R3$brCScs4%&5DTdEU6teuFVfv\'7GWgw\0\0\0?\0-\ZifKZwmkQ/@N#UZc +~v\r-{\'cu0<rKzNwCA,\r5cQ\"WCfFD=j5xr.N\'Sxr\nve5=6]shPyRlE^oo\0\\D-w`yD%lb+POkfE@=6R+cCk8M]WL\0.{g@mk`yjsJL,r>|J)}>yS?H}DJD%@_KYGKvVCZ}[Y#+/goA*7cZ\Z\'NTwSe[<R\\^yIs/62-uW0auo\nUf>[>.?9,[zJT9bUEt1-fv)1=lsba*!]>du\Z8cdXY[owkw15`^1r={*\0UK;e\\}-}fyy-el_~=6_}o\\W]_m9wi>O[\0cUn	$\'ckj\'7x}ya]}YxeU7b[HXix{}?=tIu#F\ZYs\Z!6f@ i}Z>ev8Q1\0s5mthto`s\\E-f\0ArmUw!Et=>YzMLql7[[cooZX)^\nK.-=R>+{~fK#1%sk]^Fv]::A\r+kv]o/\\}h2ORs :vZ2T%@Q%?-vUp0]\05?+fVE\0FXtH1]\0ja{GY`@.kI7~0ku\0NOYp=_uK:^p}pkK\0(e.k=6>	e]?4c:n.neo \Z&?/=_<:[ \0x\"Z6uZ?f\\CF\Z+wO?Y\\\093M6`G^E;+7\"WrzIwK\rf;j0ds@]no_NkL\\\\9.W/.@W{b-?o\"hLWG?GQ6@$\09u4Q}iCjm}W9Z:u`e9jcH2$vwWU]V6T_Z6~\0\Z8Lk-\rm5UYGF&.6XPG&]f7PkcXe6,LCi_]`:+yyu8Dp7m	*}7\r4oeVvON@t9%{,,so~iJ1\"?Q=kk^h@g}\'nJ9t,\"-4~nzJUami:{Ygz/\rsqJ[k=7\03bCMaCMoN/;P?&#bc(zMWuh}ko~z\'J.\0Xy6mj>!^CIg\0m(7~$ps7kKvX\r%m{Fjevdzlh\0kk^{=fm]fG\"K457>3GY!\06\'pzXs4z\06Vg+ln>m\0%%\0Q\'s=NI\'WXOjwm3wUV9`+j0\0GF\0)\nmu;\"*_Saqr?Yx?k$5]\0!4cThOH{n?wmkIimG+k.zj1E}(q$\Z{+3vmT=\"fuYr/vyVSQ`89D\Zmj_u\0O\'P%9(dP?&sHsIk!5dM.9s*\06\0I\\uK Cw?\\A]y^\\%Aq@3c\\[X][=\0H5#8|s2={`p7Jitzc,v?C0KY4mJf 1>0\\UipDXjzC-I2\ro>5QcOoIPf~[f q;[5Sr.s=,V@Y\0Mgcc32q+46`woT,kH{O}@{Uni+ |Zv8Xc,]7IZB{7`~+3q\r_[\0mukaThoN}OGIP%9*P*)PIJ%@P%,JrT	ALl>ZNH\05a;Vf5xL1t*\0p6\0g^:x\'OZ=SS]Mv5~c\0=\n,]NkX\\N5#+cT==o{?5,7Z\0+o=iV7nt1?Eb~pSRJkO}O!?glP#7$lnY\0%Xm{5kst-R]CV]\0VT\08BIM!\0\0\0\0\0U\0\0\0\0\0\0\0A\0d\0o\0b\0e\0 \0P\0h\0o\0t\0o\0s\0h\0o\0p\0\0\0\0A\0d\0o\0b\0e\0 \0P\0h\0o\0t\0o\0s\0h\0o\0p\0 \07\0.\00\0\0\0\08BIM\0\0\0\0\0\0\0\0\0\0Hhttp://ns.adobe.com/xap/1.0/\0<?xpacket begin=\'\' id=\'W5M0MpCehiHzreSzNTczkc9d\'?>\n<?adobe-xap-filters esc=\"CR\"?>\n<x:xapmeta xmlns:x=\'adobe:ns:meta/\' x:xaptk=\'XMP toolkit 2.8.2-33, framework 1.5\'>\n<rdf:RDF xmlns:rdf=\'http://www.w3.org/1999/02/22-rdf-syntax-ns#\' xmlns:iX=\'http://ns.adobe.com/iX/1.0/\'>\n\n <rdf:Description about=\'uuid:014aeb02-33d4-11d8-9e78-ba3705a2cd74\'\n  xmlns:xapMM=\'http://ns.adobe.com/xap/1.0/mm/\'>\n  <xapMM:DocumentID>adobe:docid:photoshop:014aeb00-33d4-11d8-9e78-ba3705a2cd74</xapMM:DocumentID>\n </rdf:Description>\n\n</rdf:RDF>\n</x:xapmeta>\n                                                                                                    \n                                                                                                    \n                                                                                                    \n                                                                                                    \n                                                                                                    \n                                                                                                    \n                                                                                                    \n                                                                                                    \n                                                                                                    \n                                                                                                    \n                                                                                                    \n                                                                                                    \n                                                                                                    \n                                                                                                    \n                                                                                                    \n                                                                                                    \n                                                                                                    \n                                                                                                    \n                                                                                                    \n                                                                                                    \n                                                                                                    \n                                                                                                    \n                                                                                                    \n                                                                                                    \n                                                                                                    \n                                                                                                    \n                                                                                                    \n                                                                                                    \n                                                                                                    \n                                                                                                    \n                                                                                                    \n                                                                                                    \n                                                                                                    \n                                                                                                    \n                                                                                                    \n                                                                                                    \n                                                                                                    \n                                                                                                    \n                                                                                                    \n                                                                                                    \n                                                       \n<?xpacket end=\'w\'?>\0C\0\0C\0\0$\00\0\0\0\0\0\0\0\0\0\0\0\0\0\0\0\n	\01\0\0\0\0\0\0\0\0\0!	\"1Q#2&Aq\0\0\0\0\0\0\0\0\0\0\0\0\0	\04\0\0\0\0\0\0\0!1\"AaQq#2R3B\0\0\0?\0E\\[MgL6dnE*>2sG$j?-uwS!I3	6?6_}(0=\r7@%em*\07i`\"U75|.<^r\'4n{8CJHZ2x7m+Gu_P:eqTT#\\2\0Z=;(z\Zd6\"I(Mz7#1S\0Ws~o`Xy[/NTQ5Qt nU(=,UmoMSumUfNSUj7e):O3;((%Uv(DeX;\\ 6o673N\rC2d\04h7Z]00e`D4+M)OGWK,4,LUn\n7 v7`o;;V2fBbD>G,r+ I^G9li[MxE y.\"\n\r U\0$s0=:+._3?Ib\\K[K_pf-UZ6cr;%tVeRT@5NK\ZL\09kZX0QETe*.$+)o4G\n35n+mh(y`5\'K<i_V$*F*H4{_u]S~e=%v`4R6_mV01Fl+`A63l6F}M-iLQ:j~2QQ/;|e$OT,$x{jF\n fu`\"a	\r\rcb3eg%WqPMn~e5yC?M[Zx0y&LTcY^-fq-Dj4P	`CiV,^2>MQ<*K1em5Az>@NDjB*ye%\r:14:i!X9Z1i6*V1*1dXD1\0`C\0jq{ws<^V\'Q~~G.,z{{[{cel`8P,d\"TTRD4jCe\'=+E>wjHKl<\04jOIgwLx&Y`m%FoM]mn+u-Nl7%H^UJ(\r`\0@LQGeRY!BRQ,u \"3<Ovi%iDr,X7Q{_s7WY}HLn,Ju_\Z}5MdJ\nF{1,+!V&u\'Faq6UR$t`H_86*?kWP\\[\rkQYXQ\\X5V1\"H*:GfYtH*wM[.OMTEX=o\0%_hK92UzzAlZU\'B\"^Q^U$clqa3l\nN\0$<<,3IY:pHn@6ZD>;a/1&4O8=`a((*($5,?\0pL-NLv7v}oH;AG<\0Xa@NI\Zy@NoCW},,=QWOG3RR\'bp\0c5Y\\\0v\'\0C+{J8X9VcK-\"ZPe@*T	c~@:]	& \0V%d/J%~~=W[-o-j0sAY9bsdXc:KW<l88QD[U<ZO?\\C]kk$K\n:ltm?d+<|@$9I*7Uj|4gPnl\0&82q>fWc}2jAC%g	sb!>(E!0MTa <d	+GIp\"+e\0i\0p&Ut_oI\n\'oI	0Gfxuj|/qE[Ygku\n;Z!p<J\0Ka9ryk>_#I4O\Z0h_Uk:\Z?dWl}Oau\0\ZCy#yH`na!%F*tM{4lBbs'),(6,'\0JFIF\0\0H\0H\0\0%Exif\0\0MM\0*\0\0\0\0\0\0\0\0\0\0\0\Z\0\0\0\0\0\0\0b\0\0\0\0\0\0\0j(\0\0\0\0\0\0\01\0\0\0\0\0\0\0r2\0\0\0\0\0\0\0i\0\0\0\0\0\0\0\0\0\0\0\0\0H\0\0\0\0\0\0H\0\0\0Adobe Photoshop 7.0\02003:12:21 11:38:24\0\0\0\0\0\0\0\0\0\0\0\0\0\0\0\0\0\0\0\0\0\0\0\0\0\0\0\0\0\0\0\0\0\0\0\0\0\0\Z\0\0\0\0\0\0\0\0\0\0\0\0(\0\0\0\0\0\0\0\0\0\0\0\0\0&\0\0\0\0\0\0\0\0\0\0\0\0\0H\0\0\0\0\0\0H\0\0\0\0JFIF\0\0H\0H\0\0\0Adobe_CM\0\0Adobe\0d\0\0\0\0\0			\n\r\r\r\0\0`\0\"\0\0\0?\0\0\0\0\0\0\0\0\0\0	\n\0\0\0\0\0\0\0\0\0	\n\03\0!1AQa\"q2B#$Rb34rC%Scs5&DTdEt6UeuF\'Vfv7GWgw\05\0!1AQaq\"2B#R3$brCScs4%&5DTdEU6teuFVfv\'7GWgw\0\0\0?\0-\ZifKZwmkQ/@N#UZc +~v\r-{\'cu0<rKzNwCA,\r5cQ\"WCfFD=j5xr.N\'Sxr\nve5=6]shPyRlE^oo\0\\D-w`yD%lb+POkfE@=6R+cCk8M]WL\0.{g@mk`yjsJL,r>|J)}>yS?H}DJD%@_KYGKvVCZ}[Y#+/goA*7cZ\Z\'NTwSe[<R\\^yIs/62-uW0auo\nUf>[>.?9,[zJT9bUEt1-fv)1=lsba*!]>du\Z8cdXY[owkw15`^1r={*\0UK;e\\}-}fyy-el_~=6_}o\\W]_m9wi>O[\0cUn	$\'ckj\'7x}ya]}YxeU7b[HXix{}?=tIu#F\ZYs\Z!6f@ i}Z>ev8Q1\0s5mthto`s\\E-f\0ArmUw!Et=>YzMLql7[[cooZX)^\nK.-=R>+{~fK#1%sk]^Fv]::A\r+kv]o/\\}h2ORs :vZ2T%@Q%?-vUp0]\05?+fVE\0FXtH1]\0ja{GY`@.kI7~0ku\0NOYp=_uK:^p}pkK\0(e.k=6>	e]?4c:n.neo \Z&?/=_<:[ \0x\"Z6uZ?f\\CF\Z+wO?Y\\\093M6`G^E;+7\"WrzIwK\rf;j0ds@]no_NkL\\\\9.W/.@W{b-?o\"hLWG?GQ6@$\09u4Q}iCjm}W9Z:u`e9jcH2$vwWU]V6T_Z6~\0\Z8Lk-\rm5UYGF&.6XPG&]f7PkcXe6,LCi_]`:+yyu8Dp7m	*}7\r4oeVvON@t9%{,,so~iJ1\"?Q=kk^h@g}\'nJ9t,\"-4~nzJUami:{Ygz/\rsqJ[k=7\03bCMaCMoN/;P?&#bc(zMWuh}ko~z\'J.\0Xy6mj>!^CIg\0m(7~$ps7kKvX\r%m{Fjevdzlh\0kk^{=fm]fG\"K457>3GY!\06\'pzXs4z\06Vg+ln>m\0%%\0Q\'s=NI\'WXOjwm3wUV9`+j0\0GF\0)\nmu;\"*_Saqr?Yx?k$5]\0!4cThOH{n?wmkIimG+k.zj1E}(q$\Z{+3vmT=\"fuYr/vyVSQ`89D\Zmj_u\0O\'P%9(dP?&sHsIk!5dM.9s*\06\0I\\uK Cw?\\A]y^\\%Aq@3c\\[X][=\0H5#8|s2={`p7Jitzc,v?C0KY4mJf 1>0\\UipDXjzC-I2\ro>5QcOoIPf~[f q;[5Sr.s=,V@Y\0Mgcc32q+46`woT,kH{O}@{Uni+ |Zv8Xc,]7IZB{7`~+3q\r_[\0mukaThoN}OGIP%9*P*)PIJ%@P%,JrT	ALl>ZNH\05a;Vf5xL1t*\0p6\0g^:x\'OZ=SS]Mv5~c\0=\n,]NkX\\N5#+cT==o{?5,7Z\0+o=iV7nt1?Eb~pSRJkO}O!?glP#7$lnY\0%Xm{5kst-R]CV]\0VTPhotoshop 3.0\08BIM%\0\0\0\0\0\0\0\0\0\0\0\0\0\0\0\0\0\0\0\0\08BIM\0\0\0\0\0\0H\0\0\0\0\0H\0\0\0\08BIM&\0\0\0\0\0\0\0\0\0\0\0\0\0\0\0?\0\08BIM\r\0\0\0\0\0\0\0\08BIM\0\0\0\0\0\0\0\08BIM\0\0\0\0\0	\0\0\0\0\0\0\0\0\08BIM\n\0\0\0\0\0\0\08BIM\'\0\0\0\0\0\n\0\0\0\0\0\0\0\08BIM\0\0\0\0\0H\0/ff\0\0lff\0\0\0\0\0\0\0/ff\0\0\0\0\0\0\0\0\02\0\0\0\0Z\0\0\0\0\0\0\0\0\05\0\0\0\0-\0\0\0\0\0\0\0\08BIM\0\0\0\0\0p\0\0\0\0\0\0\0\0\0\0\0\0\0\0\0\08BIM\0\0\0\0\0\0\0\0\0\0@\0\0@\0\0\0\08BIM\0\0\0\0\0\0\0\0\08BIM\Z\0\0\0\0m\0\0\0\0\0\0\0\0\0\0\0\0\0\0\0\0\0\0\0\0\01\0.\0T\0i\0s\0s\0u\0e\0 \0i\0n\0j\0u\0r\0y\0 \0n\0e\0r\0v\0e\0 \0d\0a\0m\0a\0g\0e\0\0\0\0\0\0\0\0\0\0\0\0\0\0\0\0\0\0\0\0\0\0\0\0\0\0\0\0\0\0\0\0\0\0\0\0\0\0\0\0\0\0\0\0\0\0\0\0\0\0\0\0\0\0\0\0\0\0\0\0\0\0\0\0\0\0\0\0\0\0\0\0\0\0\0\0\0\0\0\0null\0\0\0\0\0\0boundsObjc\0\0\0\0\0\0\0\0\0Rct1\0\0\0\0\0\0\0Top long\0\0\0\0\0\0\0\0Leftlong\0\0\0\0\0\0\0\0Btomlong\0\0\0\0\0\0\0Rghtlong\0\0\0\0\0\0slicesVlLs\0\0\0Objc\0\0\0\0\0\0\0\0slice\0\0\0\0\0\0sliceIDlong\0\0\0\0\0\0\0groupIDlong\0\0\0\0\0\0\0originenum\0\0\0ESliceOrigin\0\0\0\rautoGenerated\0\0\0\0Typeenum\0\0\0\nESliceType\0\0\0\0Img \0\0\0boundsObjc\0\0\0\0\0\0\0\0\0Rct1\0\0\0\0\0\0\0Top long\0\0\0\0\0\0\0\0Leftlong\0\0\0\0\0\0\0\0Btomlong\0\0\0\0\0\0\0Rghtlong\0\0\0\0\0\0urlTEXT\0\0\0\0\0\0\0\0\0nullTEXT\0\0\0\0\0\0\0\0\0MsgeTEXT\0\0\0\0\0\0\0\0altTagTEXT\0\0\0\0\0\0\0\0cellTextIsHTMLbool\0\0\0cellTextTEXT\0\0\0\0\0\0\0\0	horzAlignenum\0\0\0ESliceHorzAlign\0\0\0default\0\0\0	vertAlignenum\0\0\0ESliceVertAlign\0\0\0default\0\0\0bgColorTypeenum\0\0\0ESliceBGColorType\0\0\0\0None\0\0\0	topOutsetlong\0\0\0\0\0\0\0\nleftOutsetlong\0\0\0\0\0\0\0bottomOutsetlong\0\0\0\0\0\0\0rightOutsetlong\0\0\0\0\08BIM\0\0\0\0\0\08BIM\0\0\0\0\0\0\0\08BIM\0\0\0\0\0\0\0\0\0\0\0\0\0`\0\0\0\0\0\0\0\0\0\0JFIF\0\0H\0H\0\0\0Adobe_CM\0\0Adobe\0d\0\0\0\0\0			\n\r\r\r\0\0`\0\"\0\0\0?\0\0\0\0\0\0\0\0\0\0	\n\0\0\0\0\0\0\0\0\0	\n\03\0!1AQa\"q2B#$Rb34rC%Scs5&DTdEt6UeuF\'Vfv7GWgw\05\0!1AQaq\"2B#R3$brCScs4%&5DTdEU6teuFVfv\'7GWgw\0\0\0?\0-\ZifKZwmkQ/@N#UZc +~v\r-{\'cu0<rKzNwCA,\r5cQ\"WCfFD=j5xr.N\'Sxr\nve5=6]shPyRlE^oo\0\\D-w`yD%lb+POkfE@=6R+cCk8M]WL\0.{g@mk`yjsJL,r>|J)}>yS?H}DJD%@_KYGKvVCZ}[Y#+/goA*7cZ\Z\'NTwSe[<R\\^yIs/62-uW0auo\nUf>[>.?9,[zJT9bUEt1-fv)1=lsba*!]>du\Z8cdXY[owkw15`^1r={*\0UK;e\\}-}fyy-el_~=6_}o\\W]_m9wi>O[\0cUn	$\'ckj\'7x}ya]}YxeU7b[HXix{}?=tIu#F\ZYs\Z!6f@ i}Z>ev8Q1\0s5mthto`s\\E-f\0ArmUw!Et=>YzMLql7[[cooZX)^\nK.-=R>+{~fK#1%sk]^Fv]::A\r+kv]o/\\}h2ORs :vZ2T%@Q%?-vUp0]\05?+fVE\0FXtH1]\0ja{GY`@.kI7~0ku\0NOYp=_uK:^p}pkK\0(e.k=6>	e]?4c:n.neo \Z&?/=_<:[ \0x\"Z6uZ?f\\CF\Z+wO?Y\\\093M6`G^E;+7\"WrzIwK\rf;j0ds@]no_NkL\\\\9.W/.@W{b-?o\"hLWG?GQ6@$\09u4Q}iCjm}W9Z:u`e9jcH2$vwWU]V6T_Z6~\0\Z8Lk-\rm5UYGF&.6XPG&]f7PkcXe6,LCi_]`:+yyu8Dp7m	*}7\r4oeVvON@t9%{,,so~iJ1\"?Q=kk^h@g}\'nJ9t,\"-4~nzJUami:{Ygz/\rsqJ[k=7\03bCMaCMoN/;P?&#bc(zMWuh}ko~z\'J.\0Xy6mj>!^CIg\0m(7~$ps7kKvX\r%m{Fjevdzlh\0kk^{=fm]fG\"K457>3GY!\06\'pzXs4z\06Vg+ln>m\0%%\0Q\'s=NI\'WXOjwm3wUV9`+j0\0GF\0)\nmu;\"*_Saqr?Yx?k$5]\0!4cThOH{n?wmkIimG+k.zj1E}(q$\Z{+3vmT=\"fuYr/vyVSQ`89D\Zmj_u\0O\'P%9(dP?&sHsIk!5dM.9s*\06\0I\\uK Cw?\\A]y^\\%Aq@3c\\[X][=\0H5#8|s2={`p7Jitzc,v?C0KY4mJf 1>0\\UipDXjzC-I2\ro>5QcOoIPf~[f q;[5Sr.s=,V@Y\0Mgcc32q+46`woT,kH{O}@{Uni+ |Zv8Xc,]7IZB{7`~+3q\r_[\0mukaThoN}OGIP%9*P*)PIJ%@P%,JrT	ALl>ZNH\05a;Vf5xL1t*\0p6\0g^:x\'OZ=SS]Mv5~c\0=\n,]NkX\\N5#+cT==o{?5,7Z\0+o=iV7nt1?Eb~pSRJkO}O!?glP#7$lnY\0%Xm{5kst-R]CV]\0VT\08BIM!\0\0\0\0\0U\0\0\0\0\0\0\0A\0d\0o\0b\0e\0 \0P\0h\0o\0t\0o\0s\0h\0o\0p\0\0\0\0A\0d\0o\0b\0e\0 \0P\0h\0o\0t\0o\0s\0h\0o\0p\0 \07\0.\00\0\0\0\08BIM\0\0\0\0\0\0\0\0\0\0Hhttp://ns.adobe.com/xap/1.0/\0<?xpacket begin=\'\' id=\'W5M0MpCehiHzreSzNTczkc9d\'?>\n<?adobe-xap-filters esc=\"CR\"?>\n<x:xapmeta xmlns:x=\'adobe:ns:meta/\' x:xaptk=\'XMP toolkit 2.8.2-33, framework 1.5\'>\n<rdf:RDF xmlns:rdf=\'http://www.w3.org/1999/02/22-rdf-syntax-ns#\' xmlns:iX=\'http://ns.adobe.com/iX/1.0/\'>\n\n <rdf:Description about=\'uuid:014aeb02-33d4-11d8-9e78-ba3705a2cd74\'\n  xmlns:xapMM=\'http://ns.adobe.com/xap/1.0/mm/\'>\n  <xapMM:DocumentID>adobe:docid:photoshop:014aeb00-33d4-11d8-9e78-ba3705a2cd74</xapMM:DocumentID>\n </rdf:Description>\n\n</rdf:RDF>\n</x:xapmeta>\n                                                                                                    \n                                                                                                    \n                                                                                                    \n                                                                                                    \n                                                                                                    \n                                                                                                    \n                                                                                                    \n                                                                                                    \n                                                                                                    \n                                                                                                    \n                                                                                                    \n                                                                                                    \n                                                                                                    \n                                                                                                    \n                                                                                                    \n                                                                                                    \n                                                                                                    \n                                                                                                    \n                                                                                                    \n                                                                                                    \n                                                                                                    \n                                                                                                    \n                                                                                                    \n                                                                                                    \n                                                                                                    \n                                                                                                    \n                                                                                                    \n                                                                                                    \n                                                                                                    \n                                                                                                    \n                                                                                                    \n                                                                                                    \n                                                                                                    \n                                                                                                    \n                                                                                                    \n                                                                                                    \n                                                                                                    \n                                                                                                    \n                                                                                                    \n                                                                                                    \n                                                       \n<?xpacket end=\'w\'?>\0C\0\0C\0\0\0\0\0\0\0\0\0\0\0\0\0\0\0\0\0	\n\0\0E\0\0\0\0!1A	\"Qaq#2BR\n$&3brCU\'6\0\0\0\0\0\0\0\0\0\0\0\0\0	\0T\0\r	\0\0\0!\"12BAQR#abqrs$34ScCdDTt\0\0\0?\0)s7#\0	,m1y\ncE(-BsY#	r-2~i\r<\n{O6]]{#-}vMb8\0y\Zwpp(3-z	t]XDW\"?W|\r/voS{&K_n7E_M;x=7ZK%d@\"9WttnD*3WYvcn$Zkqa);qPh(PP-\'X2Y&Y*xfvcj\Z4d/xqV?& ^Y7%~IWQO}`-\'$;U.Gwo5}f*~i\n@d2s5m+Dlz^vhF^]\0 8N^Rp*c?\'Zj6bws`HF1hB#Z\ZRN]k	k\\AtUn~J?T~}Kb{4f6eky$L!}<BtV8C>G	WQ_:rHHvm71^&wXzWq?{&uS3CfK(|:.Ob)`O+b5Y.!~*=QmxzyTo_]O$b3?o(t+*Kf9\Z+4dUt{f<u;0UK#:g1Lx\\eG7JLfn]W-^OafC1wIGLbmvQ<9K;vzamecQ,*\'Z\\g:{3#H#9eu]\rsxw7im\rlp|]pzUgl,pv8#\rh_o+(b3p\n|.\ndVpEDFlKx\0o2-bcK/~\0w_~PG\"	+r-;}kx\r4PS\0*()m],8PuU_?o4EM&R;`/e\0jroUw\\`>(1<{}\"NMA~q(<\'&rxBlMWUD\ndSE #cB\"\'d0mF`Ue9/j.#H*/gZI%pJZr*4XQRBH&?mne3wWK[opiIQT{,	M#1j#ZGZV6q\'SQ-!u4R&.kHbw{z:T]#^K\Z{T;7R.\Z7}+.2yuxFMxzmW;k$+h\"f\"n7U4#\'SE~mK$`hF ~9{+\'KZ]^%bA\"Vg1Fm\Z$LOMWo/VwJyl!l{roN4SCWx\"DBXFF5~\"+c~:}1.Y7}cwR5sU\"nPW~5>s-mw#g#L=BW7TGn>Jcq$/b\r&;\n\0,y\0#Q)L#UwO3?N2w_0\r}s`e{.o}se\Z62N<\'S_u>4@+YHV:O?T/[JBv>;M*FQ*\"5n#7+M^{\Zf+WnsK]{1?bN;75k;y]Nsw^60`MEE\0Oi[o\06BDu_z.f;JPc}~|\0+;\rroU|\0\n9w/\0^ I\'sE9_A\'6bPc^pJ@`#^f(\nFcH,(p5#%*Gy7+v@,W;{P)]^d8w*X<+\'c\"a5;F !=`Bb[`)*E*-~Sx-n.nXl\r`[\029mBxs^#P$!\0gJ9\\rKSV\'yB3ai#m`e`4B4\r}OX?f=r6:=U\n8qQRGA\"\\_;[tq~>a+csx9?\nCl}o|yK\nm`YOpQDo$=,W@I-:IUx-;l0y\n9k3\Z\nLI{&ZrnQPju]_Mn#v\"]r!_)_[`fQe\\vVz39,1G=GQH3!QYsea.b2){Cqb_|iq)bXm1@R;M\"DW*~5DS@qOW,o)6W1WLYO%0GVgh}|e%X;RP@. Yn\'bxcR=Fqfk{\'J@<^\\h>{EHO,C#4{\\ra}|g*+V9O,NRIwk#Y3\"D{?Fa~?(Mi\rf5v7h/[b(NS<\n:|i5;VBcFhc<{2^jWevF\\pO^4E/t\0\0?\ZOi()|Nbr~\0	3ovQAd>{\0?.4vo@5+/+AT{](\r>	3j(1n/J(9~}\0N0Hr\0_e|Br\'E}e	X$M<DW`8k\r,Rt)aq@7\"S;Y.x+?Uss\nOc<qpuuaT^Ug(CQ\\Fp/UD\Z<v\\mVn{2G],L;)`?3&vK#r\'Ct4ckZaV@{\n5^R{J}/EEyaKEG\"eLkKgE:.B6DhV1`L} \Z\\8#_C+\"_wD&{R`:x22mKv9m\'sy+\\xvl\'6BN\\mKxj)df!)1	#D#|bV72Llyl{<wwj-;w6VSCMkp#lSjm11\\-<|ucQi6\\Gfekhg\n?yx4:2}+xu.Xr0\n=RE]kg\\Z9J]!yJ(Gr9J{^\'kCvGE#wQ8+z{&t <O\"l8\nO\na{yh/	I3|e69i\n,\n>#<smoOG{{3W\r^.^&k{$15&{v5a|N<jn9R|utL^TZ[yZ;,8U#H4NCaikqNOrwy[elwxj&cH2Ef(q.j\rj86be\nG,Ei\neFwSMr\"-7FX&0U{<~U|jiDoKu676+]\\Eb5xl7\Z*q{ZhDywK\"J7XF7 OEnFt6CCpIV\Z\'g\\j{0a4gXpv.C#A68EFT\\Jd1].\\z>7,~z)#MfGpTdFQnU\'1^\\Z\\#*}[	SX8\n]O\0=3b~JUq-2^V<V.b]3R3dtI/6ud6dZQ6<&!#i=wH[*7dEL#Q^r+q-*7\rM+quWV1^^i)upXr_jL@2H82	S8`f#v+_^qI}8\0mN \\ulm[\\1b*aE.YsaAtBA8MM+6[(E/UU}[LD/\\a/#H\0-I#PS[YM5O:Kl-P5Lb!bc:3C,&9.1V\\#?kQ3,kyok7?aZG[Js`s:YZfNNdY\\py8\rvR\r:J 5/.mo-Y[[o.*\'PSkB%h~TR17.oT-#2q=ZuG:1ng/YS\'K\"HrCFTWQEN`bj_5vq>.]J(`*0m5kn\Zi\n:UG^(tNdJc}w\0pPS\0_xJrzv_~}~?,ro|;\'h.o8M+7\Z]-H&Ccy<19DU^Wwk#i\\Fs>w?jeR\r74qcVDQt#^Dz%H7fgBkB34y\r$r@Hj\r!#\nNTnR[r+F-YV5v;huY6NGW/8V1P&E%\ZDVD1[1ZoF(\0UI;df/%~7\ZGuxn:EbSB/vU5zY\ny6\08X@Fv BXE 4t|I\n3Vc%/^xUazc}:;c{+yDgrsYRki{C*J t,g5+fYP1bmRqlUxBPeDz|Qhmqsi<wK<9>\nb6oIs6Hz<\"=J32Vmt\'K9iWaO2PrJ+H3E#f.l>qxa*TY}Ywn|p;[~M>W+F\0JytMnesh\"v6=y. ]{-\rp]x|oso@>jV\Z(\\I{yEGtn\0}fWAXc3\nJ:?\ZO21~\" j^EbF,:9it@rYl>,`gC[VHr\Z{\'ueIGJ(A\rV1OUOw-MGQap7/gQ]2(pPk%=An6[d	Y_eFBAKH\ns|d(CUybeRmM\r&X8\Z%XU|BrGx_F]\r8ir|rF29%ddGOT\ZDY[IG*9r\\%\Z[,&pLF*S4,Tkei>9o\\LNsV .|Z9$.$\ZR6p\\E[i!gu\'VKx%><V#2-*o\r%gV;u-.\0:|%x\nX}$MY(UFI!LRD]g7cN\'556!.?|G.;6.P]CL-3D %P^]a5y`}^yLZUtt]V=EOv~nCCsgl\0#4W>eR.>AlBH1JA\ZQ9d7*+StU\'z)2Cr.$*$NNu\r_olqve8/U^OuYKNX=gK6+bdeZ4W8F>\'#3S\'M;\"SyY\n^{4D3Rsmn7{y&#E9v;n/^\n(1m4PsW\']o^5fQBN}We\0>--E}~GED%wfjI^*o.<Z_%^\0maYOS\robVZF|f9~Q\0pdPjaE]!ySuO\Zo[&(%VHj^\ZAmMc]~q2urQia||Ml`!`-v!@_H+zJ_eo[+v{lK{//o4o&rM@18Yk%b3\nVXRZszOEt%04/\'myUfff+=0P,5\nB_,v\\}/G]3SL=YyLbYHYa(>/]%^BpH9{Pe\Zahc8G.f\0)[vR^F?K,[7Xai!`287m\">~K;uNfNF^\n*W#&v;}1kR1>\ZW3#4B}IYZ{;^-:KP:\"FL+2u]3k5\Z|RCQ%\"w{kgN>Y\rW1<f%}M4,F*$5DeX`F\\Tc#G\Z^\Z\"V}FgIkp>MJTo0WuAU>mni0\Z`_7(Zs[rj\\&`lbK#IF^4G::]V3.8<?M]mPqh<gNA3^roOG97\'`4G4&8dA][NDQPNg)xdy^Gt<?Gi+vLDJ+~m\\M<=;GVSxwwoMY>OInH m{,H,/r!=}}\\d/|G+T\'6FXF8}jbhi&iC5g=\nmT[ev-$		#!Q2%6T (PK?=YlJ<kW\Zxu=yd`c^{cK/CETlul(O<!H%|M{:ppEYD|`u*hFm5d\ZS>Q	bXc9\rv-F<5+3W9ym3,8?ACN%<4l*H+2rZ MH4mEkn$=p2r:(UY!vuwl{*]-cLlmlOHUh81*H(Hu9Uzc\ZBz%\nI3+9\rgRvfd^ZEk`~mWzMD6D^V)kUhd`g21j~>gat:xe7^|G4+>c<]/o?_n\"YT9zwO_h/o}\0\Z3\roo	QBN_{zkl=$uu*\0Mhk$<g{wz+U6&o.<LVF^Y@bwWvE7|i^1`dQBGK\"4oBxC^gRMWm+[yqC.H:7sGYG\r`emb{oc*hyr_P$z5y*2qQ}QMw\ZV\0y\"J7cw&/>WZIty&4)^e#\'Ggz(Mwk=\nl#\n|zVMwnw\n\Zm	I\Z$1*}lfTU$wHc|h,PXM\ZxYY{ZKbg\'Ra,KU\Z]K6utZiqD8 xY<tB#\Z!k:,x^o1EnrVamvwj+xqT2\\<\Z}Yj[XAo\r,\nD&zcK}V+|en[FdT7Yf9hn?:.@n4r|~,%{={\Z=B!e(c_Z*l4!1z-rL3CrbVcacZb50XpXsaMv-NB(7_u6\":\0Gz6%wi%&QYI3\0zkrI,#B; j.l4CK\";akG4J\ni.bdJ+0>lrilbxc_G6CzrRH4{_A\n#SR\ZEK3\"K,PT#oO<gkZ\0N4ly.nu$C}:$Cw^ xJtzHom:J\\6={MK\ZW8^\Z!e=F\"3i9)i\ZzD\'b6\"~o\r[Z\0W?G`w/:pjzU8;L{Z	la*.6=QOP	Z	7-(qV,HJ2Mj?8#)!zkz<-;[{F\'DJM1Rh6sTel\ZT\0dXe>9Dw:mj7\\aV+JeZ:]Esf<Jd956`^b0!U	fsXFkV~:mK2^\\$73#\"FRe5IML.-Xx2q6%R&.+ jV8#<rq.n5gETICIPi[o\'e>_?/w]\'E9Sw]DNr^}7?<hE\n9~KM*|/]s\r8y5cHX$mGEn^suRgUdNn\\Y{vr.z@27\\~S3x~Oeed2Tp\n@2h1\rm7zs|/Gwziz>Yq-p_U{- P%@s*~Os*\0aZvHGRS&\nyLW~8nr]sp8.)!Dc@V<[!DYor bNBDcJ1;+MNWF;y|6M>v\0fnmjT\"X\\@\0$1d\ZQGARsQ#vF9J698&gjaedKYn^tg~?8^u\"Q(XYdl7)@3n&d: +DR&q3yM~-,X\"+T93ern.d3u6,xQK&\Zz[.p&>_5|oa\0ZRzxySeV8SmW&E,T])eX>\'	TP8-Ncx&>6\\PI+	.3ceu+z!XHA\":G=lxg\r^j3k%9- ( ;4`WO|b<3%IbSHxL]tMH/nU_h-N&Fq-!^\'zJ;mDP)=	\"XXDEh@=Mro%[#x\04W\'SfJA\Z!yca`Si)&wDc$Qr\ZcVxxzedsH&9P#_lIQ\0=`\\Q}{d9t1+.r.$+a+hOT8/CKQ\rdQ4{|31++IF4#{:[+:^-#/\nxxma\\i2=OpiT\rjWUn=]k82;\"5td c=w^iOK&yCl99_wWu[p\nO+i?+\Z3^Uu9a5fK__jMx2n4rm@(r`53EFjv\'Iq}H1*47]Z_\\j&[Y[+\0\Z<^hJ1L\r\0\rgaM2V[YpgtO]m0Z2=R|f^iQ%8nb8k\"70<1d_z0SxgLCDDV\\|wj~pijd?BN_\'Ni?r?P>{m?~5s(Q~~KuTB_>\0$l{QB]uMwNoY\0(EI/!)cWVUr{K	~VTD{<UsUpnScbtWUq\\1=J8n<L9>44S3X&Eoq1j;)o\Z4b~\0yDVn|DEz\"2owL4^&Myq!<hJcl;OWO\Z^o!1vQ_k!1LOs>\\r?	r^\0c2Ew<oUu|V\Z@$x1CV~RP4=s^&6o*Q2VWh*KsIk6V~Km]dyq>Cn/\n*Ss9Q\rX&WDe!Il|Sh+Pevxu7gm$6JL6|rl/60fUy|WF+n!vUZ%5&;*:o6nrKW$ :}=-{V-]|x7\Zs<,W3t\\]WV=!qzUVrET-E3z)UH-}IiZ;}.7D|\\iEHoj\\\0emB\Z4DB\"Zhk1s\\Ts]tt1RrJ;\r]~q5_-bpGLJ\Z#0(Rf|$98 #:Qi}Ua[ibSlyvQEm\0!Fz|S|C]]@ )4I4\0rmTl(+Ned@HU^\\_VTen{XSi6D!|+xcb+LkWtKc}~\r[!]\njcPf1uP	-e)o.3BDxJ![JZt:[&,jyu%ece-!B1lcG2	uEc3J)|5F#<5&{C~?8*v\Zs#1b!S^07n/jpwmo\r@1q~NP2i(}$SX9IH;/F[R#\0&\ZcO/$G{UV\"6d986Q?9)9~^QhV76cic`ne-npJ9M}9y\r!XtkD0-!G[}L1xic|G]\\}?-6F_.8Ewi70$8~Q*C?CAd5.`&<XCGw.>XakIy4W(n(6\rv	],RM_51_OU}]\0hsul\Z;1H3(ey]Dzs;ZwA	ZcD}TZkTfMz0ZXQ?Ktuz	[v]]<CnX.`\0\0.9\0}cL]DV2QjgK$t-M73cq{|Np\0\0^/GA\0yag|~F;?0mmpB|W0OA;#;i$dK\n<?~\0b?!7|S};lLdBfxi]ds\'9-6n;tmCPf#1kWM+ZcZkUFtzBCr.e^xQ?F[o4<+h\Z;<rQu76vb<JdxcRiY!goCvY_y~$)\n\n5iKnij\r #8=>9k7\\]TuwXQ2n~cK4$d{p>E.b/Ydhn|C]j\Zie28]f_1PG^VWW&5AnWVpl/W-+7^;be9\r{Ir\\iE`\'\"k<3&(c\rZN&	cbNv$?iBK0acs`V7eUvjp\'%B4%u[.o$<d	@G@kZ\rnM<e\'TQTy{\rGj\Zoue\\<8@2Cw\\\0H.mu^3jYjB1N;|QS{Wt($/\Z:QnLK`cuf9F+\Z]]tkMcNNcV	_\'IXb*yLEVs\ZgP1)nL]t!#Y!Gsb+>6\r3LD\Z\\eM\Z}$_Ft]u#:{;sbq\n\0z*Fnuqt 3O0xKLO{vIpK>MF|6f\'eO`g_[tgcy3E\07]g,viarc\\$j+wU\\\0-TXmdFLZT}V3<Uk.ayKxNDY\\-i2\r1v\Z:dhyY\ZFqy0GbnQ|=6*0-j^Z4+{\ZE\nN- M,+f\0ULlLqZv+$Ox\"K-aF*/iK=Hw-$~e[pKiYueGi$.$wc@qKI}Xf2Wf~wBW1d\Z\rxdDhT9U})Ud\n2|vCcq%wX+_#{+?vQjQ*Ml|//%JU[;*~M\rldpakk\\kxOObd*5fEl\ZL79.5XzV&yA~F)Fw7?{[serR>gf\\ )w&Q,\no8..H~+c	BhQZlvbP2:	JQ1ftNpix(Lln+UWg${QV\ZB_NP6Jlu\0s5NoLcP.<\rTS%OMA/Cr$s+/{_OmIB2Ptm_dB_4!W8`dQ\0]*p=];.\09oXWlr!G<MK/`5G\'N$G?A?xu=f#W^[C:HP@63zYXO#Q[cJ^<W\\tDp[I\'\"SrSe-vV]eMMhL7@osJ}K)*\"_BgAX1*\053=F=w[9kRzB6>yqreHq;I*JJEVG[\0a&0`c.\0*rG.\'\"%j:%4:,0TDq_adRrGw(zywj#NB^M@Zl\Zs4gE{[A4A+X%*n9; ^uR\rq\0MFGJ\r\rmg6mq\rlHoSe.t;+9-0wDv+Q\\Gucu_j^p\"b:cU-5FEeB-rrcZ0blT]Ez5|%,l}9sU%ej-^K4yWOHeA\"&\rkd93c7VMY{c99w9-6-YT< yUqE.\0kXi%\ny3\rK4~1SURmL\"+Wts\\:q\0Q11&Dr^l\0ziK;.L	kWr:1W,8F\\4r*p7:Jn&wojV?g\0e {~-~|,,6hT\\^Uzk0.ycj*9Y2\"t%cFF5s&H_q%U00Mw3o+A/-BgOf|T}8m[5Y5q5-%ljr,h+	-\Z9*?\ZFoZZFDS2r|+=C16d/Xm&`Gt`W/.MsckG?&5(IjJQwg\"m);5^y*2I;)>s\\)ar\'>4Z+=.h-\"S[i<`<9tW>T`5tI4;C|j3e+#Z3;89z.(xHn2m-gpbx(*<r:u1eS.}E\"zZC0*\n^W1I)~Wgc.5S@XeU\n9ITB}YG3XW4:MO4`(+gXRp.7.R_9\ZL:\rMTJh<YE$<&O\\\Zc<u\\t+k	s&FnSbQZGy[96z]%t#kH0#O4jN(6!w#kfPrFx\\\ZZO23]Ze3~\n]<G|i&j^Z+T*T[Km%*F\'*t=o-Z{)jtGWmK9lhI1d51IXeua9lxZ&)h[RvKm3,tM+Q0essj[!u{b:Aqa4j05v$A9u\"l2\ZLOPrf\nd<& UHI(OK/f.YT`{xyV\nEJ]\"t6	yE\n2+WHDVKTRDX<gC=v3\0ybx/1:IH1K-Y2k+#k\"C][ n[E]L7*pJ&\niaQHt\"u<.+*pmVeqsi:66e*|:jZ+QaZ;$dWYVN+\ZzR5BX)R;=\\WQ\0f}+IDS1*Xn^(%s=tzgv\r\\$x]vQ75G}9#$\'a1,n\".s51j\';`8]s.E3uqjfkWRKQ=Br?}jw3cj=4N-or:9R8l}\\?W5\ZB.-,m8\0\';qW>[y^xf~:w dhA;o?>u\nUzmUx(/eU;n$E	9{_VV(_.W+|H\0V`mp~b,\Z9$sT#X\'v~%G=[?VdWleCa \"nIw)WG|ulw:^ORtV\'-$/sOjx%`}&ZhFZD\ngox\ZiFU{zx31i!vP\r	duU$GEId@tEr1#\0=8}#\0<oI/X|YwjJlWki0^Sy;8z.TIW:zQJ,A+5jcfVSm]\ZP15bmYzL&D<\r/gW4lO1X5XD[6t@2)|o.Mu\r(Kp$F(EjhQsJY$vL/H\0==X_sQ$uhO!0lG	IHsnNz?V,lzG*\0yu_iz`VaIp+uvm^(9zDU\0q\0V\rZA2HxGZxbi==.EEk<2eLv,ji#GqX?(%i-6X}cWLg.cX-/Q7/q\ZHTiK}vRt\"Rhrfd!J*{ZJS\ZvhJ\\?LcSC\Z!J73QUA^f/WQElfz}mhOv\n)3vypKwlh\"pRG]&(\',KN+E>]zVdV0r#H5Lw!C\":_YCHW\'-2aQ55cp*uj-k2tTX$m$y+Km9|~nY|^E,3M	s_\Z|b>fxtUdOv3h=n<hgbT,}9jh0R7\0K(?\Z0aJ)WD0ZX3v`X\\Z9F*\nAiy*C$Cp1N}	Xrmjvpt\"4@MW\rZ^\0n2^s\'/\0wBNU;~?7a*\n(IE<>\n+3\"~km\'p}}US ZB\rT+U]CZ[G?\0oyt>;Z[DiEvML[E:li]:Ya+6.K6SV8CJ\ZCl~7Sn]6Uv=Ym-r#L%%BA+I$Ef{F+WInrly}>YmtB%(A!trVH#M(U{_j/W/eL7!d8^LVXjFC2K-\rd\Z`	;:!#ZpmwEYN^E|d+c?eND\r_45+<qs	niS`x\"c4)9V\Z<Mumxcl8oroH6T7~<UV-Q#83+^9s\"mlTB:2Iz	kx\'7n[4;6kmL:eDnlHBykXOw{!DgI6r7J Xd\ZJTee9/i>,bqu1niRAQ{BztUMCtPXbZIy\0B?P!+wr{+|Y]AZlTy>-k]meB\'YiAW\r\n3G8f|<Fc[eMWq8}H9u14r:9%Em<ty9\0L|g1,tWTJn=^z<1k]5ukx\nSg@g9HloM4g(/p	6Sa\nEEGaIe4DrKgRB7#695$D@kF?g2+:\0cUe\ZIP\n6\'59|#6\"DUFq~aJ\ndG9Z}@Cc&M#&JG`(5j\'amo+F&$XrvAs5Z>G7\ZW[o,HXE/@dO\r/kp.+i!8r}*lu5>49ey{@8H5Z]W9WK<_Y\r\ZgbD[z*&p\\7W	^,zjZ]cCgx(\ZU_8/B^w~0Hrw\0fnmE1{.\0OPw^|GnhL_\0[?+/\Zfk\rQV=\\\'IbUlQ\0~U\0$dWR><>r,K:D}HB\\=H}7]1EcsX\0[2eem;Q5*2m|\"\nmk=AoK\"cnDD(5KUQZN^\06MQ O\"<s!@u3\Zs^S)3%lC;me\n8Xlzg\n\n\'2\rD*XG&e\'8Sxa#`?SZhy9u!9\r=cI\0\'}$ToI1PwM&\Z4Kx{J\"=xWuk	l}<\n>\'<d\\O\05jHEglq(H22#5D(=}FF$qjx>z|h\'|G@]]d(kS\0	7i1[nS;\'9t}n`RWLDGo=CN+9d`]0k7QL%@5-n-#n\\6|K[`>L]=A%Q\ZD\0TUT+br9<dSNN`oC6Xtb7_%6\nM;R	=PUm]5D}i;8Sm7G\0Kv04uuPl^uH`D:/;W\0<L\'T~?`BYa(cdI,ED]\0\\M8P U=e<DPmd2{Zj\0{]fnPEie]6lat:\r\"Dj0m3,5G*W1Zo*/Z,H]MU`;!!ptCwDDN+Zrx*b`I\r,l/$M\Zfn]vH4\0	UMM{3Mm /p%+@Y*UO\'FoGi]E>.?m$L^?uUuKP~?vQA~_wP>v(.?OuI$E\rlF.La!#VHv*cr*cx6089VJ=QI40IG 9:w{sWo\Z3b|t4P\0acy-^s0MqV5k.$\"\r@\r=\\\ZK&9$%c2N\0;#Wc4&S[H\nfO)<rfar-vo\rjq7eVJSi\0Z)5g3a<F;\riQ\"Om{K04^_>5:VKQs=p`\\T!_Vt0.`IQ,v ekxnn;\"_\0s1ocy=Mb+{NNtYRxI&s3=+xRdR4UO>jdv?3[5N%abNqGAg~\0\0OVOsy$`MK!2I+\nb_IWzzO3,{!R>IV[Lb+ZVi^e<MN{IXeacWAM@6\'=6n&\0IL|Nb!,\nKls7.i]\nS,4q+KDAVjrU~C pK2s-:eZCY8L\r^1Ya41g[Ul-$G#J1V=cW<)pjk)WdSV#JB#YB`64LoSF&IR~&}hc28-y\0VCRAjccczT{{XLS)\0-1-D}q\\oA_+G\"}LX?(\n9 ]nHUWg\r\"7UYJb<6Gq~m\'VR)qQlsF>lB\r\0R\Z$x1^Y6s&:m(#/u[)7p	[.CVoJ*f1\";w^%d]xL)OO%h.E^V}]}Z;z|<kzC~e4(;\Z7(|n^/}\06*(A\0$O.lPeWU|WG;\r4PIm/	QAmEpVx;mBUO>/m@N,vPs{6^\0=8mANo?E\0<sy_]}\0\Z(9PIE_ou;`)\Zjk.\rUaKpT\0M? \\wm\0f	EQq3dIE_e(~YeS} 	`OJzcb5X?|UV[2e\09x.7f\"@<#cvw$4w5vO5O1y]$gcAvpfF`fG>RD\0h.Vk|#crKz9}5@Hs\r,r<7n#7kPLkm!9V56M7Tl \Z8Q3. 4{z:V!mwVDvYi6V2n;{el!0\ro.o1YSJ_1d`[gT9W.+/!]I3%PRVJtkZW\0fHTiAkvh\'!f=oV]+MV5aM\'c%x9q+b;+i>n_M>\'f}r:U$@U\051[I\0X<5s>Z^SKg63\'hkh E O|r{x)ev[zFy1jry.\0}~\ZSrmtOvP{n\n(IOO>4H.\Zb7/\"I$E9Wu}|}~\\bH/u|w6 E*AB_>\0\'Y6@56(9^XI\0~\0H.\0x`6<hJW}~w	QM5]+&bdDh\'5vwnj3Cm-3\0x\0sU6U~al]62&&Jf\'*GBfP>#dN?4r+k)x:h0Hh4d)^1+f9FFzj2dIjyQ*\"(>yI6I	s9q9C)2\'(Et8L^\n)!tSRe|BfGE]$tVu<	\00U|5+NHwY!\"Cs|qw#Gwen57.\nWUAe(e_I_:+<	7qo) %ok=B=\\FYy6f|Ci}u:fQ>hjvj$G9`V*W#^7i	.b>*(aAn`G:g6a\\a6ccn7wJs@wn4UFPx2xM7= fMk[\0V6Rk$DT\08;}xMHt}\0[Hl./=>\ZSR={o>4v#4P~\0//}#|h2\0?\'E9|yzbcy~vO|tb8Pm*Roo~\n(4vV\0\"Xl\'wN~\n$OYA]_>=[p$m\ZIvk~~xOJ+k Kfe>v^|8p~?mFi?\'K\0=]Op\"HH:Ub*\0YG?DgJ0-Stws9C,\n@9JcYxU\"cBoSE \Zh4r!=!JvT \ZGuk\0N6rKJ5in$:\Zify}!^4)GZTt@qs*hz@i`^\',L<QM{gvvC*<h*AdS[q^Es?mM{~m9nSrz$HdAe4g*59g#ut5\0}4Ti\r&?cE~y\Z%lffI8I\02 Ocm	B6D=b:U]F~7a9hgBQF-WubM3G]Qd0FT}vo7)P\0f\rKOwBU]mI;(4vw_oPcWuDU{I0(*<BU<$,@\'}\"..{+j$OU_?_\0N}z(/eE{v\0.}>\'=UNH8I0]^^4\"vMq=r}C>K:E\\b PR5$k6Uwf~{)G4R705N%\0G	XY<r9|c(*%+(|:\Z %>g$:DVnQoRqRM_{a5NmrxL2u\\5	kFVxC^?reuzUdx-5ue<U\"\'RL!==(^m/Nt1#t{;vl{L4pp1H#Ek[r]f{oiIWfrOc_XXM\Z8S-Ut: 68d(=\Z6]f{oiIW_+wMd	%)E\Z~DhX^^Y}Ub:6;\r1]2Y6W>K^fA}kFUx{Myq~=$K[u!`^bq`s!E_-Xqpv\";}(#?-ye>WN]\"d>dA\0-L\Z,3_Fz5rZ.-&u:GSk?:\ni&jZ2@Kz\'tK=e,^+D]{n,)dq=[cs\0}\r');
/*!40000 ALTER TABLE `db_files` ENABLE KEYS */;

--
-- Table structure for table `experiment_logs`
--

DROP TABLE IF EXISTS `experiment_logs`;
CREATE TABLE `experiment_logs` (
  `id` int(11) NOT NULL auto_increment,
  `experiment_id` int(11) default NULL,
  `task_id` int(11) default NULL,
  `user_id` int(11) default NULL,
  `auditable_id` int(11) default NULL,
  `auditable_type` varchar(255) default NULL,
  `action` varchar(255) default NULL,
  `name` varchar(255) default NULL,
  `comment` varchar(255) default NULL,
  `created_by` varchar(255) default NULL,
  `created_at` datetime default NULL,
  PRIMARY KEY  (`id`),
  KEY `experiment_logs_experiment_id_index` (`experiment_id`),
  KEY `experiment_logs_user_id_index` (`user_id`),
  KEY `experiment_logs_auditable_type_index` (`auditable_type`,`auditable_id`),
  KEY `experiment_logs_created_at_index` (`created_at`)
) ENGINE=InnoDB DEFAULT CHARSET=latin1;

--
-- Dumping data for table `experiment_logs`
--


/*!40000 ALTER TABLE `experiment_logs` DISABLE KEYS */;
INSERT INTO `experiment_logs` VALUES (1,1,NULL,NULL,1,'Experiment','Create','rjs-296',' Create study rjs-296',NULL,'2007-06-07 15:16:25'),(2,1,NULL,NULL,1,'Task','Create','rjs-296-0',' Create task rjs-296-0 in experiment rjs-296-0',NULL,'2007-06-07 15:16:59'),(3,1,NULL,NULL,2,'Task','Create','rjs-296-1',' Create task rjs-296-1 in experiment rjs-296-1',NULL,'2007-06-08 10:59:16'),(4,1,NULL,NULL,3,'Task','Create','rjs-296-2',' Create task rjs-296-2 in experiment rjs-296-2',NULL,'2007-06-08 11:04:28'),(5,1,NULL,NULL,3,'Task','Update','rjs-296-2',' Update task rjs-296-2 in experiment rjs-296-2',NULL,'2007-06-08 11:35:25'),(6,1,NULL,NULL,3,'Task','Update','rjs-296-2',' Update task rjs-296-2 in experiment rjs-296-2',NULL,'2007-06-08 11:47:41'),(7,1,NULL,NULL,3,'Task','Update','rjs-296-2',' Update task rjs-296-2 in experiment rjs-296-2',NULL,'2007-06-08 14:36:33'),(8,1,NULL,NULL,3,'Task','Update','rjs-296-2',' Update task rjs-296-2 in experiment rjs-296-2',NULL,'2007-06-08 14:40:53'),(9,1,NULL,NULL,3,'Task','Update','rjs-296-2',' Update task rjs-296-2 in experiment rjs-296-2',NULL,'2007-06-08 15:20:19'),(10,1,NULL,NULL,3,'Task','Update','rjs-296-2',' Update task rjs-296-2 in experiment rjs-296-2',NULL,'2007-06-08 15:35:30'),(11,1,NULL,NULL,3,'Task','Update','rjs-296-2',' Update task rjs-296-2 in experiment rjs-296-2',NULL,'2007-06-08 19:34:58'),(12,1,NULL,NULL,3,'Task','Update','rjs-296-2',' Update task rjs-296-2 in experiment rjs-296-2',NULL,'2007-06-08 19:35:51'),(13,1,NULL,NULL,3,'Task','Update','rjs-296-2',' Update task rjs-296-2 in experiment rjs-296-2',NULL,'2007-06-08 19:58:09');
/*!40000 ALTER TABLE `experiment_logs` ENABLE KEYS */;

--
-- Table structure for table `experiment_statistics`
--

DROP TABLE IF EXISTS `experiment_statistics`;
/*!50001 DROP VIEW IF EXISTS `experiment_statistics`*/;
/*!50001 DROP TABLE IF EXISTS `experiment_statistics`*/;
/*!50001 CREATE TABLE `experiment_statistics` (
  `id` bigint(20),
  `experiment_id` int(11),
  `study_parameter_id` int(11),
  `parameter_role_id` int(11),
  `parameter_type_id` int(11),
  `data_type_id` int(11),
  `avg_values` double,
  `stddev_values` double,
  `num_values` bigint(20),
  `num_unique` bigint(20),
  `max_values` double,
  `min_values` double
) */;

--
-- Table structure for table `experiments`
--

DROP TABLE IF EXISTS `experiments`;
CREATE TABLE `experiments` (
  `id` int(11) NOT NULL auto_increment,
  `name` varchar(128) NOT NULL default '',
  `description` text,
  `category_id` int(11) default NULL,
  `status_id` int(11) NOT NULL default '0',
  `study_id` int(11) NOT NULL,
  `protocol_version_id` int(11) default NULL,
  `lock_version` int(11) NOT NULL default '0',
  `created_at` datetime NOT NULL,
  `updated_at` datetime NOT NULL,
  `study_protocol_id` int(11) NOT NULL,
  `project_id` int(11) NOT NULL,
  `updated_by_user_id` int(11) NOT NULL default '1',
  `created_by_user_id` int(11) NOT NULL default '1',
  `started_at` datetime default NULL,
  `ended_at` datetime default NULL,
  `expected_at` datetime default NULL,
  PRIMARY KEY  (`id`)
) ENGINE=InnoDB DEFAULT CHARSET=latin1;

--
-- Dumping data for table `experiments`
--


/*!40000 ALTER TABLE `experiments` DISABLE KEYS */;
INSERT INTO `experiments` VALUES (1,'rjs-296',' Experiment in project Demo Dose Repsonse run',NULL,0,1,3,0,'2007-06-07 15:16:25','2007-06-07 15:16:25',3,13,3,3,'2007-06-07 00:00:00',NULL,'2007-06-29 00:00:00');
/*!40000 ALTER TABLE `experiments` ENABLE KEYS */;

--
-- Table structure for table `identifiers`
--

DROP TABLE IF EXISTS `identifiers`;
CREATE TABLE `identifiers` (
  `id` int(11) NOT NULL auto_increment,
  `name` varchar(255) default NULL,
  `prefix` varchar(255) default NULL,
  `postfix` varchar(255) default NULL,
  `mask` varchar(255) default NULL,
  `current_counter` int(11) default '0',
  `current_step` int(11) default '1',
  `lock_version` int(11) NOT NULL default '0',
  `created_at` datetime NOT NULL,
  `updated_at` datetime NOT NULL,
  `updated_by_user_id` int(11) NOT NULL default '1',
  `created_by_user_id` int(11) NOT NULL default '1',
  PRIMARY KEY  (`id`)
) ENGINE=InnoDB DEFAULT CHARSET=latin1;

--
-- Dumping data for table `identifiers`
--


/*!40000 ALTER TABLE `identifiers` DISABLE KEYS */;
INSERT INTO `identifiers` VALUES (1,'ProjectFolder','Fold-','',NULL,9,1,9,'2007-04-18 13:30:15','2007-04-30 17:57:03',1,1),(2,'Experiment','Expt-','',NULL,6,1,6,'2007-04-18 13:58:39','2007-04-30 21:12:55',1,1),(3,'Task','Task-','',NULL,31,1,31,'2007-04-18 14:08:30','2007-06-08 11:04:12',1,1),(4,'ProjectContent','Note-','',NULL,65,1,65,'2007-04-18 14:31:57','2007-04-30 20:39:13',1,1),(5,'Study','S-','',NULL,45,1,45,'2007-04-18 19:04:32','2007-06-08 21:16:15',1,1),(6,'Report','R-','',NULL,37,1,37,'2007-04-19 11:18:58','2007-05-31 11:10:32',1,1),(7,'','-','',NULL,3,1,3,'2007-04-19 16:31:46','2007-04-19 16:32:39',1,1),(8,'rshell','rjs-','',NULL,303,1,303,'2007-04-19 16:33:09','2007-06-08 21:36:38',1,1),(9,'Request','Req-','',NULL,21,1,21,'2007-04-19 20:51:01','2007-06-08 20:01:32',1,1),(10,'ProjectAsset','File-','',NULL,31,1,31,'2007-04-25 09:46:42','2007-05-01 06:01:34',1,1),(11,'StudyProtocol','Prot-','',NULL,25,1,25,'2007-04-30 16:55:39','2007-06-08 21:27:49',1,1),(12,'Content','Art-','',NULL,28,1,28,'2007-05-25 16:34:09','2007-06-08 21:39:23',1,1),(13,'member','m-','',NULL,3,1,3,'2007-05-30 15:42:54','2007-05-30 15:43:45',1,1),(14,'Role','Role-','',NULL,9,1,9,'2007-06-11 11:28:46','2007-06-11 12:47:48',1,1);
/*!40000 ALTER TABLE `identifiers` ENABLE KEYS */;

--
-- Table structure for table `list_items`
--

DROP TABLE IF EXISTS `list_items`;
CREATE TABLE `list_items` (
  `id` int(11) NOT NULL auto_increment,
  `list_id` int(11) default NULL,
  `data_type` varchar(255) default NULL,
  `data_id` int(11) default NULL,
  `data_name` varchar(255) default NULL,
  PRIMARY KEY  (`id`)
) ENGINE=InnoDB DEFAULT CHARSET=latin1;

--
-- Dumping data for table `list_items`
--


/*!40000 ALTER TABLE `list_items` DISABLE KEYS */;
INSERT INTO `list_items` VALUES (3,1,'Compound',1000,'AB001000'),(4,1,'Compound',101,'AB00101'),(5,1,'Compound',103,'AB00103');
/*!40000 ALTER TABLE `list_items` ENABLE KEYS */;

--
-- Table structure for table `lists`
--

DROP TABLE IF EXISTS `lists`;
CREATE TABLE `lists` (
  `id` int(11) NOT NULL auto_increment,
  `name` varchar(255) default NULL,
  `description` text,
  `type` varchar(255) default NULL,
  `expires_at` datetime default NULL,
  `lock_version` int(11) NOT NULL default '0',
  `created_at` datetime NOT NULL,
  `updated_at` datetime NOT NULL,
  `data_element_id` int(11) default NULL,
  `updated_by_user_id` int(11) NOT NULL default '1',
  `created_by_user_id` int(11) NOT NULL default '1',
  PRIMARY KEY  (`id`)
) ENGINE=InnoDB DEFAULT CHARSET=latin1;

--
-- Dumping data for table `lists`
--


/*!40000 ALTER TABLE `lists` DISABLE KEYS */;
INSERT INTO `lists` VALUES (1,'Req-21',NULL,'RequestList',NULL,0,'2007-06-08 20:01:58','2007-06-08 20:01:58',35,3,3);
/*!40000 ALTER TABLE `lists` ENABLE KEYS */;

--
-- Table structure for table `memberships`
--

DROP TABLE IF EXISTS `memberships`;
CREATE TABLE `memberships` (
  `id` int(11) NOT NULL auto_increment,
  `user_id` int(11) NOT NULL default '0',
  `project_id` int(11) NOT NULL default '0',
  `role_id` int(11) NOT NULL default '0',
  `owner` tinyint(1) default '0',
  `created_at` datetime NOT NULL,
  `updated_at` datetime NOT NULL,
  `updated_by_user_id` int(11) NOT NULL default '1',
  `created_by_user_id` int(11) NOT NULL default '1',
  PRIMARY KEY  (`id`)
) ENGINE=InnoDB DEFAULT CHARSET=latin1;

--
-- Dumping data for table `memberships`
--


/*!40000 ALTER TABLE `memberships` DISABLE KEYS */;
INSERT INTO `memberships` VALUES (1,1,1,1,0,'0000-00-00 00:00:00','0000-00-00 00:00:00',1,1),(2,2,1,3,1,'0000-00-00 00:00:00','0000-00-00 00:00:00',1,1),(3,3,1,3,1,'0000-00-00 00:00:00','0000-00-00 00:00:00',1,1),(4,4,1,3,1,'0000-00-00 00:00:00','0000-00-00 00:00:00',1,1),(5,6,1,3,1,'0000-00-00 00:00:00','0000-00-00 00:00:00',1,1),(7,7,1,2,0,'2007-04-18 15:30:13','2007-04-19 20:50:06',1,1),(28,8,1,2,0,'2007-05-30 14:17:29','2007-05-30 14:17:29',3,3),(31,9,1,2,0,'2007-06-06 18:16:18','2007-06-06 18:16:18',3,3),(32,3,13,5,1,'2007-06-06 22:06:30','2007-06-11 13:33:07',3,3),(33,4,13,5,0,'2007-06-07 22:50:01','2007-06-11 13:32:52',3,3),(34,6,13,2,0,'2007-06-07 22:50:13','2007-06-11 13:32:36',3,3),(35,7,13,5,0,'2007-06-07 22:50:30','2007-06-11 13:32:15',3,3),(36,9,13,2,0,'2007-06-11 13:31:57','2007-06-11 13:31:57',3,3);
/*!40000 ALTER TABLE `memberships` ENABLE KEYS */;

--
-- Table structure for table `parameter_contexts`
--

DROP TABLE IF EXISTS `parameter_contexts`;
CREATE TABLE `parameter_contexts` (
  `id` int(11) NOT NULL auto_increment,
  `protocol_version_id` int(11) default NULL,
  `parent_id` int(11) default NULL,
  `level_no` int(11) default '0',
  `label` varchar(255) default NULL,
  `default_count` int(11) default '1',
  PRIMARY KEY  (`id`),
  KEY `parameter_contexts_process_instance_id_index` (`protocol_version_id`),
  KEY `parameter_contexts_parent_id_index` (`parent_id`),
  KEY `parameter_contexts_label_index` (`label`)
) ENGINE=InnoDB DEFAULT CHARSET=latin1;

--
-- Dumping data for table `parameter_contexts`
--


/*!40000 ALTER TABLE `parameter_contexts` DISABLE KEYS */;
INSERT INTO `parameter_contexts` VALUES (1,1,NULL,0,'context0',10),(2,2,NULL,0,'context0',1),(3,3,NULL,0,'cmpd',2),(4,3,3,0,'well',8),(5,3,NULL,0,'context2',1),(6,4,NULL,0,'cmpd',2),(7,4,6,0,'well',8),(8,4,NULL,0,'context2',1),(9,5,NULL,0,'cmpd',2),(10,5,9,0,'well',16),(11,5,NULL,0,'context2',1),(12,6,NULL,0,'context0',10),(13,7,NULL,0,'context0',1),(14,8,NULL,0,'context0',1);
/*!40000 ALTER TABLE `parameter_contexts` ENABLE KEYS */;

--
-- Table structure for table `parameter_roles`
--

DROP TABLE IF EXISTS `parameter_roles`;
CREATE TABLE `parameter_roles` (
  `id` int(11) NOT NULL auto_increment,
  `name` varchar(50) NOT NULL,
  `description` varchar(255) NOT NULL,
  `weighing` int(11) NOT NULL default '0',
  `lock_version` int(11) NOT NULL default '0',
  `created_at` datetime NOT NULL,
  `updated_at` datetime NOT NULL,
  `updated_by_user_id` int(11) NOT NULL default '1',
  `created_by_user_id` int(11) NOT NULL default '1',
  PRIMARY KEY  (`id`)
) ENGINE=InnoDB DEFAULT CHARSET=latin1;

--
-- Dumping data for table `parameter_roles`
--


/*!40000 ALTER TABLE `parameter_roles` DISABLE KEYS */;
INSERT INTO `parameter_roles` VALUES (1,'observation','Measurement of the system under investigation',1,3,'2006-10-26 15:34:14','2006-12-13 16:43:21',1,1),(2,'result','Summary data generated from the observations and other inputs',2,4,'2006-10-26 15:34:25','2006-12-13 16:43:32',1,1),(3,'setting','Prefixed Setting',1,4,'2006-10-26 15:34:38','2006-12-13 16:43:39',1,1),(4,'subject','Subject of Experiment',0,3,'2006-10-26 15:35:05','2006-12-13 16:43:47',1,1),(6,'condition','Conditions under which the data is collected',1,3,'2006-12-13 09:53:50','2006-12-13 19:38:06',1,1);
/*!40000 ALTER TABLE `parameter_roles` ENABLE KEYS */;

--
-- Table structure for table `parameter_types`
--

DROP TABLE IF EXISTS `parameter_types`;
CREATE TABLE `parameter_types` (
  `id` int(11) NOT NULL auto_increment,
  `name` varchar(50) NOT NULL,
  `description` varchar(255) NOT NULL,
  `weighing` int(11) NOT NULL default '0',
  `lock_version` int(11) NOT NULL default '0',
  `created_at` datetime NOT NULL,
  `updated_at` datetime NOT NULL,
  `data_concept_id` int(11) default NULL,
  `data_type_id` int(11) default NULL,
  `storage_unit` varchar(255) default NULL,
  `updated_by_user_id` int(11) NOT NULL default '1',
  `created_by_user_id` int(11) NOT NULL default '1',
  PRIMARY KEY  (`id`)
) ENGINE=InnoDB DEFAULT CHARSET=latin1;

--
-- Dumping data for table `parameter_types`
--


/*!40000 ALTER TABLE `parameter_types` DISABLE KEYS */;
INSERT INTO `parameter_types` VALUES (1,'Dose','Dosage ',0,0,'2007-06-06 16:56:20','2007-06-06 16:56:20',NULL,2,'',3,3),(2,'Count','This is generic parameter type for animal counts and other such totals',0,1,'2007-06-06 16:59:17','2007-06-06 17:02:49',NULL,2,'counting',3,3),(3,'Inhibition','A good example of usage would be the competitive inhibition, the inhibitor binds to the same active site as the normal enzyme substrate, without undergoing a reaction. The substrate molecule cannot enter the active site while the inhibitor is there, and t',0,1,'2007-06-06 17:01:06','2007-06-08 10:45:01',NULL,2,'',3,3),(4,'Identifier','In the case of non managed inventories this provide a reference text or barcode used for identification',0,0,'2007-06-06 17:04:24','2007-06-06 17:04:24',NULL,1,'',3,3),(5,'Compound','Lookup of a compound reference, dictionary driven',0,0,'2007-06-06 17:05:07','2007-06-06 17:05:07',NULL,5,'',3,3),(6,'Plate','Plate reference, lookup based Plate Id ',0,0,'2007-06-06 17:05:46','2007-06-06 17:05:46',NULL,5,'',3,3),(7,'Subject','Generic lookup for the subject of a experiment may be a compound, tissue , treadment group in use depending on the study.',0,0,'2007-06-06 17:07:05','2007-06-06 17:07:05',NULL,5,'',3,3),(8,'Rate','Rate for radisotope used and other places with are managing counts per min etc.',0,0,'2007-06-06 17:08:52','2007-06-06 17:08:52',NULL,2,'rate',3,3),(9,'Duration','Duration for managemenrt of delta times and other time points as numeric values.',0,0,'2007-06-06 17:09:57','2007-06-06 17:09:57',NULL,2,'time',3,3),(10,'Length','Length ',0,0,'2007-06-06 17:12:28','2007-06-06 17:12:28',NULL,2,'length',3,3),(11,'URL','Reference url for futher information in external context',0,1,'2007-06-06 17:13:05','2007-06-06 17:13:42',NULL,6,'',3,3),(12,'IC50','IC50 is a measure of concentration used in pharmacological research. IC50, or the half maximal inhibitory concentration, represents the concentration of an inhibitor that is required for 50% inhibition of its target (i.e. an enzyme, cell, cell receptor or',0,0,'2007-06-06 22:22:07','2007-06-06 22:22:07',NULL,2,'concentration',3,3),(13,'Enzyme','Enzymes are proteins that catalyze (i.e. accelerate) chemical reactions.[1] In enzymatic reactions, the molecules at the beginning of the process are called substrates, and the enzyme converts them into different molecules, the products. Almost all proces',0,0,'2007-06-06 22:27:29','2007-06-06 22:27:29',NULL,1,'',3,3),(14,'organism','n biology and ecology, an organism (in Greek organon = instrument) is a living complex adaptive system of organs that influence each other in such a way that they function in some way as a stable whole.\r\n\r\nThe origin of life on Earth and the relationships',0,0,'2007-06-06 22:29:09','2007-06-06 22:29:09',NULL,1,'',3,3),(15,'Location','Location of a object',0,0,'2007-06-06 22:29:40','2007-06-06 22:29:40',NULL,1,'',3,3),(16,'Date','Date',0,0,'2007-06-08 10:49:26','2007-06-08 10:49:26',NULL,3,'',3,3),(17,'Time','Time',0,0,'2007-06-08 10:49:50','2007-06-08 10:49:50',NULL,2,'time',3,3),(18,'Temperature','Temperature',0,0,'2007-06-08 10:51:11','2007-06-08 10:51:11',NULL,2,'temperature',3,3);
/*!40000 ALTER TABLE `parameter_types` ENABLE KEYS */;

--
-- Table structure for table `parameters`
--

DROP TABLE IF EXISTS `parameters`;
CREATE TABLE `parameters` (
  `id` int(11) NOT NULL auto_increment,
  `protocol_version_id` int(11) default NULL,
  `parameter_type_id` int(11) default NULL,
  `parameter_role_id` int(11) default NULL,
  `parameter_context_id` int(11) default NULL,
  `column_no` int(11) default NULL,
  `sequence_num` int(11) default NULL,
  `name` varchar(62) default NULL,
  `description` varchar(62) default NULL,
  `display_unit` varchar(20) default NULL,
  `data_element_id` int(11) default NULL,
  `qualifier_style` varchar(1) default NULL,
  `access_control_id` int(11) NOT NULL default '0',
  `lock_version` int(11) NOT NULL default '0',
  `created_at` datetime NOT NULL,
  `updated_at` datetime NOT NULL,
  `mandatory` varchar(255) default 'N',
  `default_value` varchar(255) default NULL,
  `data_type_id` int(11) default NULL,
  `data_format_id` int(11) default NULL,
  `study_parameter_id` int(11) default NULL,
  `study_queue_id` int(11) default NULL,
  `updated_by_user_id` int(11) NOT NULL default '1',
  `created_by_user_id` int(11) NOT NULL default '1',
  PRIMARY KEY  (`id`),
  KEY `parameters_name_index` (`name`),
  KEY `parameters_process_instance_id_index` (`protocol_version_id`),
  KEY `parameters_parameter_context_id_index` (`parameter_context_id`),
  KEY `parameters_parameter_type_id_index` (`parameter_type_id`),
  KEY `parameters_parameter_role_id_index` (`parameter_role_id`),
  KEY `parameters_updated_at_index` (`updated_at`)
) ENGINE=InnoDB DEFAULT CHARSET=latin1;

--
-- Dumping data for table `parameters`
--


/*!40000 ALTER TABLE `parameters` DISABLE KEYS */;
INSERT INTO `parameters` VALUES (1,1,2,1,1,2,0,'Count',NULL,'count',NULL,NULL,0,11,'2007-06-06 22:14:18','2007-06-06 22:16:15','N','1',2,8,9,NULL,3,3),(3,1,9,6,1,3,0,'Delta',NULL,'min',NULL,NULL,0,12,'2007-06-06 22:14:45','2007-06-06 22:16:15','N','0',2,4,16,NULL,3,3),(4,1,3,6,1,4,0,'Inhibition',NULL,'uM',NULL,NULL,0,12,'2007-06-06 22:14:49','2007-06-06 22:16:15','N',NULL,2,4,12,NULL,3,3),(5,1,5,6,1,1,0,'Compound',NULL,NULL,35,NULL,0,5,'2007-06-06 22:16:00','2007-06-06 22:16:15','N',NULL,5,NULL,14,2,3,3),(6,3,5,6,3,1,0,'Compound',NULL,'',35,NULL,0,2,'2007-06-07 15:11:02','2007-06-07 15:11:02','N','',5,NULL,6,NULL,3,3),(7,3,13,3,3,2,0,'Enzyme',NULL,'',NULL,NULL,0,2,'2007-06-07 15:11:13','2007-06-07 15:11:13','N','',1,1,20,NULL,3,3),(8,3,12,2,3,3,0,'IC50',NULL,'mM',NULL,NULL,0,2,'2007-06-07 15:11:22','2007-06-07 15:11:22','N','',2,27,17,NULL,3,3),(9,3,2,1,4,4,0,'Count',NULL,'count',NULL,NULL,0,2,'2007-06-07 15:11:54','2007-06-07 15:11:54','N','1',2,8,2,NULL,3,3),(10,3,1,6,4,5,0,'Concentration',NULL,'',NULL,NULL,0,2,'2007-06-07 15:11:59','2007-06-07 15:12:00','N','',2,4,19,NULL,3,3),(11,3,3,6,4,6,0,'Inhibition',NULL,'uM',NULL,NULL,0,2,'2007-06-07 15:12:06','2007-06-07 15:12:06','N','',2,4,4,NULL,3,3),(12,3,4,6,5,7,0,'PlateId',NULL,'',NULL,NULL,0,4,'2007-06-07 15:12:51','2007-06-07 15:15:28',NULL,'',1,1,7,NULL,3,3),(13,3,2,1,5,8,1,'NSB',NULL,'count',NULL,NULL,0,6,'2007-06-07 15:13:05','2007-06-07 15:15:28',NULL,'1',2,8,2,NULL,3,3),(14,3,2,1,5,9,2,'TB',NULL,'count',NULL,NULL,0,4,'2007-06-07 15:13:18','2007-06-07 15:15:28',NULL,'100',2,8,2,NULL,3,3),(15,4,2,1,7,4,0,'Count',NULL,'count',NULL,NULL,0,2,'2007-06-07 15:11:54','2007-06-08 10:57:07','N','1',2,8,2,NULL,3,3),(16,4,1,6,7,5,0,'Concentration',NULL,'',NULL,NULL,0,2,'2007-06-07 15:11:59','2007-06-08 10:57:07','N','',2,4,19,NULL,3,3),(17,4,3,6,7,6,0,'Inhibition',NULL,'uM',NULL,NULL,0,2,'2007-06-07 15:12:06','2007-06-08 10:57:07','N','',2,4,4,NULL,3,3),(18,4,5,6,6,1,0,'Compound',NULL,'',35,NULL,0,2,'2007-06-07 15:11:02','2007-06-08 10:57:07','N','',5,NULL,6,NULL,3,3),(19,4,13,3,6,2,0,'Enzyme',NULL,'',NULL,NULL,0,2,'2007-06-07 15:11:13','2007-06-08 10:57:07','N','',1,1,20,NULL,3,3),(20,4,12,2,6,3,0,'IC50',NULL,'mM',NULL,NULL,0,2,'2007-06-07 15:11:22','2007-06-08 10:57:07','N','',2,27,17,NULL,3,3),(21,4,4,6,8,7,0,'PlateId',NULL,'',NULL,NULL,0,4,'2007-06-07 15:12:51','2007-06-08 10:57:08',NULL,'',1,1,7,NULL,3,3),(22,4,2,1,8,8,1,'NSB',NULL,'count',NULL,NULL,0,6,'2007-06-07 15:13:05','2007-06-08 10:57:08',NULL,'1',2,8,2,NULL,3,3),(23,4,2,1,8,9,2,'TB',NULL,'count',NULL,NULL,0,4,'2007-06-07 15:13:18','2007-06-08 10:57:08',NULL,'100',2,8,2,NULL,3,3),(24,4,16,3,8,10,0,'Date',NULL,'',NULL,NULL,0,2,'2007-06-08 10:57:52','2007-06-08 10:57:52','N','',3,25,25,NULL,3,3),(25,4,4,1,6,11,0,'Fitdata',NULL,'',NULL,NULL,0,2,'2007-06-08 10:57:59','2007-06-08 10:57:59','N','',7,NULL,23,NULL,3,3),(26,4,9,6,7,12,0,'Delta',NULL,'min',NULL,NULL,0,3,'2007-06-08 10:58:15','2007-06-08 10:58:20','N','0',2,4,1,NULL,3,3),(27,5,2,1,10,4,0,'Count',NULL,'count',NULL,NULL,0,4,'2007-06-07 15:11:54','2007-06-08 11:03:39',NULL,'1',2,8,2,NULL,3,3),(28,5,1,6,10,5,0,'Concentration',NULL,'',NULL,NULL,0,4,'2007-06-07 15:11:59','2007-06-08 11:03:39',NULL,'',2,4,19,NULL,3,3),(30,5,5,6,9,1,0,'Compound',NULL,'',35,NULL,0,2,'2007-06-07 15:11:02','2007-06-08 11:00:39','N','',5,NULL,6,NULL,3,3),(31,5,13,3,9,2,0,'Enzyme',NULL,'',NULL,NULL,0,2,'2007-06-07 15:11:13','2007-06-08 11:00:39','N','',1,1,20,NULL,3,3),(32,5,12,2,9,3,0,'IC50',NULL,'mM',NULL,NULL,0,2,'2007-06-07 15:11:22','2007-06-08 11:00:39','N','',2,27,17,NULL,3,3),(33,5,4,6,11,6,0,'PlateId',NULL,'',NULL,NULL,0,5,'2007-06-07 15:12:51','2007-06-08 11:01:10',NULL,'',1,1,7,NULL,3,3),(34,5,2,1,11,7,1,'NSB',NULL,'count',NULL,NULL,0,7,'2007-06-07 15:13:05','2007-06-08 11:01:10',NULL,'1',2,8,2,NULL,3,3),(35,5,2,1,11,8,2,'TB',NULL,'count',NULL,NULL,0,5,'2007-06-07 15:13:18','2007-06-08 11:01:10',NULL,'100',2,8,2,NULL,3,3),(36,5,3,6,10,9,0,'Inhibition',NULL,'%',NULL,NULL,0,4,'2007-06-08 11:01:23','2007-06-08 11:03:39',NULL,'',2,4,4,NULL,3,3),(37,5,9,6,10,10,0,'Delta',NULL,'min',NULL,NULL,0,3,'2007-06-08 11:02:30','2007-06-08 11:03:39',NULL,'0',2,4,1,NULL,3,3),(38,5,18,6,11,11,0,'Temperature',NULL,'degC',NULL,NULL,0,2,'2007-06-08 11:02:40','2007-06-08 11:02:40','N','',2,4,24,NULL,3,3),(39,5,16,3,11,12,0,'Date',NULL,'',NULL,NULL,0,2,'2007-06-08 11:02:46','2007-06-08 11:02:47','N','',3,25,25,NULL,3,3),(40,5,11,3,11,13,0,'URL',NULL,'',NULL,NULL,0,2,'2007-06-08 11:02:53','2007-06-08 11:02:53','N','',6,24,5,NULL,3,3),(41,5,4,1,9,14,0,'Fitdata',NULL,'',NULL,NULL,0,2,'2007-06-08 11:03:00','2007-06-08 11:03:00','N','',7,NULL,23,NULL,3,3),(42,6,5,6,12,1,0,'Compound','Queue:Todo  [condition/Compound]',NULL,35,NULL,0,6,'2007-06-06 22:16:00','2007-06-08 15:46:34','N',NULL,5,NULL,31,NULL,3,3),(43,6,2,1,12,2,0,'Count','Parameter   [observation/Count]','count',NULL,NULL,0,12,'2007-06-06 22:14:18','2007-06-08 15:46:35','N','1',2,8,26,NULL,3,3),(44,6,9,6,12,3,0,'Delta','Parameter   [condition/Duration]','min',NULL,NULL,0,13,'2007-06-06 22:14:45','2007-06-08 15:46:36','N','0',2,4,33,NULL,3,3),(45,6,3,6,12,4,0,'Inhibition','Parameter   [condition/Inhibition]','uM',NULL,NULL,0,13,'2007-06-06 22:14:49','2007-06-08 15:46:36','N',NULL,2,4,29,NULL,3,3);
/*!40000 ALTER TABLE `parameters` ENABLE KEYS */;

--
-- Table structure for table `permissions`
--

DROP TABLE IF EXISTS `permissions`;
CREATE TABLE `permissions` (
  `id` int(11) NOT NULL auto_increment,
  `checked` tinyint(1) NOT NULL default '0',
  `subject` varchar(255) NOT NULL default '',
  `action` varchar(255) NOT NULL default '',
  PRIMARY KEY  (`id`)
) ENGINE=MyISAM DEFAULT CHARSET=latin1;

--
-- Dumping data for table `permissions`
--


/*!40000 ALTER TABLE `permissions` DISABLE KEYS */;
INSERT INTO `permissions` VALUES (1,1,'user','*'),(2,1,'user','--- :list\n'),(3,1,'user','--- :show\n'),(4,1,'user','--- :new\n'),(5,1,'user','--- :create\n'),(6,1,'user','--- :edit\n'),(7,1,'user','--- :update\n'),(8,1,'user','--- :desrroy\n'),(9,1,'auth','*'),(10,1,'protocol','*'),(11,1,'protocol','--- :list\n'),(12,1,'protocol','--- :show\n'),(13,1,'protocol','--- :new\n'),(14,1,'protocol','--- :create\n'),(15,1,'protocol','--- :edit\n'),(16,1,'protocol','--- :update\n'),(17,1,'protocol','--- :desrroy\n'),(18,1,'study','*'),(19,1,'study','--- :list\n'),(20,1,'study','--- :show\n'),(21,1,'study','--- :new\n'),(22,1,'study','--- :create\n'),(23,1,'study','--- :edit\n'),(24,1,'study','--- :update\n'),(25,1,'study','--- :desrroy\n'),(26,1,'catalogue','*'),(27,1,'catalogue','--- :list\n'),(28,1,'catalogue','--- :show\n'),(29,1,'catalogue','--- :new\n'),(30,1,'catalogue','--- :create\n'),(31,1,'catalogue','--- :edit\n'),(32,1,'catalogue','--- :update\n'),(33,1,'catalogue','--- :desrroy\n'),(34,1,'project','*'),(35,1,'project','--- :list\n'),(36,1,'project','--- :show\n'),(37,1,'project','--- :new\n'),(38,1,'project','--- :create\n'),(39,1,'project','--- :edit\n'),(40,1,'project','--- :update\n'),(41,1,'project','--- :desrroy\n'),(42,1,'system','*'),(43,1,'system','--- :list\n'),(44,1,'system','--- :show\n'),(45,1,'system','--- :new\n'),(46,1,'system','--- :create\n'),(47,1,'system','--- :edit\n'),(48,1,'system','--- :update\n'),(49,1,'system','--- :desrroy\n'),(50,1,'cataloge','*'),(51,1,'cataloge','--- :list\n'),(52,1,'cataloge','--- :show\n'),(53,1,'cataloge','--- :new\n'),(54,1,'cataloge','--- :create\n'),(55,1,'cataloge','--- :edit\n'),(56,1,'cataloge','--- :update\n'),(57,1,'cataloge','--- :desrroy\n'),(58,1,'data_capture','*'),(59,1,'articles','*'),(60,1,'experiment','*'),(61,1,'experiment','--- :list\n'),(62,1,'experiment','--- :show\n'),(63,1,'experiment','--- :new\n'),(64,1,'experiment','--- :create\n'),(65,1,'experiment','--- :edit\n'),(66,1,'experiment','--- :update\n'),(67,1,'experiment','--- :desrroy\n'),(68,1,'page','*'),(69,1,'request','*'),(70,1,'request','--- :list\n'),(71,1,'request','--- :show\n'),(72,1,'request','--- :new\n'),(73,1,'request','--- :create\n'),(74,1,'request','--- :edit\n'),(75,1,'request','--- :update\n'),(76,1,'request','--- :desrroy\n'),(77,1,'users','*'),(78,1,'users','--- :list\n'),(79,1,'users','--- :show\n'),(80,1,'users','--- :new\n'),(81,1,'users','--- :create\n'),(82,1,'users','--- :edit\n'),(83,1,'users','--- :update\n'),(84,1,'users','--- :desrroy\n'),(85,1,'report','*'),(86,1,'report','--- :list\n'),(87,1,'report','--- :show\n'),(88,1,'report','--- :new\n'),(89,1,'report','--- :create\n'),(90,1,'report','--- :edit\n'),(91,1,'report','--- :update\n'),(92,1,'report','--- :desrroy\n'),(93,1,'home','*'),(94,1,'home','--- :index\n'),(95,1,'home','--- :show\n'),(96,1,'home','--- :projects\n'),(97,1,'home','--- :calendar\n'),(98,1,'home','--- :timeline\n'),(99,1,'home','--- :blog\n'),(100,1,'home','--- :destroy\n'),(101,1,'finder','*'),(102,1,'charts','*'),(103,1,'inventory','*'),(104,1,'inventory','--- :list\n'),(105,1,'inventory','--- :show\n'),(106,1,'inventory','--- :new\n'),(107,1,'inventory','--- :create\n'),(108,1,'inventory','--- :edit\n'),(109,1,'inventory','--- :update\n'),(110,1,'inventory','--- :desrroy\n'),(111,1,'user','--- :list\n'),(112,1,'user','--- :show\n'),(113,1,'user','--- :new\n'),(114,1,'user','--- :create\n'),(115,1,'user','--- :edit\n'),(116,1,'user','--- :update\n'),(117,1,'user','--- :desrroy\n'),(118,1,'protocol','--- :list\n'),(119,1,'protocol','--- :show\n'),(120,1,'protocol','--- :new\n'),(121,1,'protocol','--- :create\n'),(122,1,'protocol','--- :edit\n'),(123,1,'protocol','--- :update\n'),(124,1,'protocol','--- :desrroy\n'),(125,1,'study','--- :list\n'),(126,1,'study','--- :show\n'),(127,1,'study','--- :new\n'),(128,1,'study','--- :create\n'),(129,1,'study','--- :edit\n'),(130,1,'study','--- :update\n'),(131,1,'study','--- :desrroy\n'),(132,1,'catalogue','--- :list\n'),(133,1,'catalogue','--- :show\n'),(134,1,'catalogue','--- :new\n'),(135,1,'catalogue','--- :create\n'),(136,1,'catalogue','--- :edit\n'),(137,1,'catalogue','--- :update\n'),(138,1,'catalogue','--- :desrroy\n'),(139,1,'project','--- :list\n'),(140,1,'project','--- :show\n'),(141,1,'project','--- :new\n'),(142,1,'project','--- :create\n'),(143,1,'project','--- :edit\n'),(144,1,'project','--- :update\n'),(145,1,'project','--- :desrroy\n'),(146,1,'system','--- :list\n'),(147,1,'system','--- :show\n'),(148,1,'system','--- :new\n'),(149,1,'system','--- :create\n'),(150,1,'system','--- :edit\n'),(151,1,'system','--- :update\n'),(152,1,'system','--- :desrroy\n'),(153,1,'cataloge','--- :list\n'),(154,1,'cataloge','--- :show\n'),(155,1,'cataloge','--- :new\n'),(156,1,'cataloge','--- :create\n'),(157,1,'cataloge','--- :edit\n'),(158,1,'cataloge','--- :update\n'),(159,1,'cataloge','--- :desrroy\n'),(160,1,'experiment','--- :list\n'),(161,1,'experiment','--- :show\n'),(162,1,'experiment','--- :new\n'),(163,1,'experiment','--- :create\n'),(164,1,'experiment','--- :edit\n'),(165,1,'experiment','--- :update\n'),(166,1,'experiment','--- :desrroy\n'),(167,1,'request','--- :list\n'),(168,1,'request','--- :show\n'),(169,1,'request','--- :new\n'),(170,1,'request','--- :create\n'),(171,1,'request','--- :edit\n'),(172,1,'request','--- :update\n'),(173,1,'request','--- :desrroy\n'),(174,1,'users','--- :list\n'),(175,1,'users','--- :show\n'),(176,1,'users','--- :new\n'),(177,1,'users','--- :create\n'),(178,1,'users','--- :edit\n'),(179,1,'users','--- :update\n'),(180,1,'users','--- :desrroy\n'),(181,1,'report','--- :list\n'),(182,1,'report','--- :show\n'),(183,1,'report','--- :new\n'),(184,1,'report','--- :create\n'),(185,1,'report','--- :edit\n'),(186,1,'report','--- :update\n'),(187,1,'report','--- :desrroy\n'),(188,1,'home','--- :index\n'),(189,1,'home','--- :show\n'),(190,1,'home','--- :projects\n'),(191,1,'home','--- :calendar\n'),(192,1,'home','--- :timeline\n'),(193,1,'home','--- :blog\n'),(194,1,'home','--- :destroy\n'),(195,1,'inventory','--- :list\n'),(196,1,'inventory','--- :show\n'),(197,1,'inventory','--- :new\n'),(198,1,'inventory','--- :create\n'),(199,1,'inventory','--- :edit\n'),(200,1,'inventory','--- :update\n'),(201,1,'inventory','--- :desrroy\n'),(202,1,'user','--- :list\n'),(203,1,'user','--- :show\n'),(204,1,'user','--- :new\n'),(205,1,'user','--- :create\n'),(206,1,'user','--- :edit\n'),(207,1,'user','--- :update\n'),(208,1,'user','--- :desrroy\n'),(209,1,'protocol','--- :list\n'),(210,1,'protocol','--- :show\n'),(211,1,'protocol','--- :new\n'),(212,1,'protocol','--- :create\n'),(213,1,'protocol','--- :edit\n'),(214,1,'protocol','--- :update\n'),(215,1,'protocol','--- :desrroy\n'),(216,1,'study','--- :list\n'),(217,1,'study','--- :show\n'),(218,1,'study','--- :new\n'),(219,1,'study','--- :create\n'),(220,1,'study','--- :edit\n'),(221,1,'study','--- :update\n'),(222,1,'study','--- :desrroy\n'),(223,1,'catalogue','--- :list\n'),(224,1,'catalogue','--- :show\n'),(225,1,'catalogue','--- :new\n'),(226,1,'catalogue','--- :create\n'),(227,1,'catalogue','--- :edit\n'),(228,1,'catalogue','--- :update\n'),(229,1,'catalogue','--- :desrroy\n'),(230,1,'project','--- :list\n'),(231,1,'project','--- :show\n'),(232,1,'project','--- :new\n'),(233,1,'project','--- :create\n'),(234,1,'project','--- :edit\n'),(235,1,'project','--- :update\n'),(236,1,'project','--- :desrroy\n'),(237,1,'system','--- :list\n'),(238,1,'system','--- :show\n'),(239,1,'system','--- :new\n'),(240,1,'system','--- :create\n'),(241,1,'system','--- :edit\n'),(242,1,'system','--- :update\n'),(243,1,'system','--- :desrroy\n'),(244,1,'cataloge','--- :list\n'),(245,1,'cataloge','--- :show\n'),(246,1,'cataloge','--- :new\n'),(247,1,'cataloge','--- :create\n'),(248,1,'cataloge','--- :edit\n'),(249,1,'cataloge','--- :update\n'),(250,1,'cataloge','--- :desrroy\n'),(251,1,'experiment','--- :list\n'),(252,1,'experiment','--- :show\n'),(253,1,'experiment','--- :new\n'),(254,1,'experiment','--- :create\n'),(255,1,'experiment','--- :edit\n'),(256,1,'experiment','--- :update\n'),(257,1,'experiment','--- :desrroy\n'),(258,1,'request','--- :list\n'),(259,1,'request','--- :show\n'),(260,1,'request','--- :new\n'),(261,1,'request','--- :create\n'),(262,1,'request','--- :edit\n'),(263,1,'request','--- :update\n'),(264,1,'request','--- :desrroy\n'),(265,1,'users','--- :list\n'),(266,1,'users','--- :show\n'),(267,1,'users','--- :new\n'),(268,1,'users','--- :create\n'),(269,1,'users','--- :edit\n'),(270,1,'users','--- :update\n'),(271,1,'users','--- :desrroy\n'),(272,1,'report','--- :list\n'),(273,1,'report','--- :show\n'),(274,1,'report','--- :new\n'),(275,1,'report','--- :create\n'),(276,1,'report','--- :edit\n'),(277,1,'report','--- :update\n'),(278,1,'report','--- :desrroy\n'),(279,1,'home','--- :index\n'),(280,1,'home','--- :show\n'),(281,1,'home','--- :projects\n'),(282,1,'home','--- :calendar\n'),(283,1,'home','--- :timeline\n'),(284,1,'home','--- :blog\n'),(285,1,'home','--- :destroy\n'),(286,1,'inventory','--- :list\n'),(287,1,'inventory','--- :show\n'),(288,1,'inventory','--- :new\n'),(289,1,'inventory','--- :create\n'),(290,1,'inventory','--- :edit\n'),(291,1,'inventory','--- :update\n'),(292,1,'inventory','--- :desrroy\n'),(293,1,'user','--- :list\n'),(294,1,'user','--- :show\n'),(295,1,'user','--- :new\n'),(296,1,'user','--- :create\n'),(297,1,'user','--- :edit\n'),(298,1,'user','--- :update\n'),(299,1,'user','--- :desrroy\n'),(300,1,'protocol','--- :list\n'),(301,1,'protocol','--- :show\n'),(302,1,'protocol','--- :new\n'),(303,1,'protocol','--- :create\n'),(304,1,'protocol','--- :edit\n'),(305,1,'protocol','--- :update\n'),(306,1,'protocol','--- :desrroy\n'),(307,1,'study','--- :list\n'),(308,1,'study','--- :show\n'),(309,1,'study','--- :new\n'),(310,1,'study','--- :create\n'),(311,1,'study','--- :edit\n'),(312,1,'study','--- :update\n'),(313,1,'study','--- :desrroy\n'),(314,1,'catalogue','--- :list\n'),(315,1,'catalogue','--- :show\n'),(316,1,'catalogue','--- :new\n'),(317,1,'catalogue','--- :create\n'),(318,1,'catalogue','--- :edit\n'),(319,1,'catalogue','--- :update\n'),(320,1,'catalogue','--- :desrroy\n'),(321,1,'project','--- :list\n'),(322,1,'project','--- :show\n'),(323,1,'project','--- :new\n'),(324,1,'project','--- :create\n'),(325,1,'project','--- :edit\n'),(326,1,'project','--- :update\n'),(327,1,'project','--- :desrroy\n'),(328,1,'system','--- :list\n'),(329,1,'system','--- :show\n'),(330,1,'system','--- :new\n'),(331,1,'system','--- :create\n'),(332,1,'system','--- :edit\n'),(333,1,'system','--- :update\n'),(334,1,'system','--- :desrroy\n'),(335,1,'cataloge','--- :list\n'),(336,1,'cataloge','--- :show\n'),(337,1,'cataloge','--- :new\n'),(338,1,'cataloge','--- :create\n'),(339,1,'cataloge','--- :edit\n'),(340,1,'cataloge','--- :update\n'),(341,1,'cataloge','--- :desrroy\n'),(342,1,'experiment','--- :list\n'),(343,1,'experiment','--- :show\n'),(344,1,'experiment','--- :new\n'),(345,1,'experiment','--- :create\n'),(346,1,'experiment','--- :edit\n'),(347,1,'experiment','--- :update\n'),(348,1,'experiment','--- :desrroy\n'),(349,1,'request','--- :list\n'),(350,1,'request','--- :show\n'),(351,1,'request','--- :new\n'),(352,1,'request','--- :create\n'),(353,1,'request','--- :edit\n'),(354,1,'request','--- :update\n'),(355,1,'request','--- :desrroy\n'),(356,1,'users','--- :list\n'),(357,1,'users','--- :show\n'),(358,1,'users','--- :new\n'),(359,1,'users','--- :create\n'),(360,1,'users','--- :edit\n'),(361,1,'users','--- :update\n'),(362,1,'users','--- :desrroy\n'),(363,1,'report','--- :list\n'),(364,1,'report','--- :show\n'),(365,1,'report','--- :new\n'),(366,1,'report','--- :create\n'),(367,1,'report','--- :edit\n'),(368,1,'report','--- :update\n'),(369,1,'report','--- :desrroy\n'),(370,1,'home','--- :index\n'),(371,1,'home','--- :show\n'),(372,1,'home','--- :projects\n'),(373,1,'home','--- :calendar\n'),(374,1,'home','--- :timeline\n'),(375,1,'home','--- :blog\n'),(376,1,'home','--- :destroy\n'),(377,1,'inventory','--- :list\n'),(378,1,'inventory','--- :show\n'),(379,1,'inventory','--- :new\n'),(380,1,'inventory','--- :create\n'),(381,1,'inventory','--- :edit\n'),(382,1,'inventory','--- :update\n'),(383,1,'inventory','--- :desrroy\n'),(384,1,'user','--- :list\n'),(385,1,'user','--- :show\n'),(386,1,'user','--- :new\n'),(387,1,'user','--- :create\n'),(388,1,'user','--- :edit\n'),(389,1,'user','--- :update\n'),(390,1,'user','--- :desrroy\n'),(391,1,'protocol','--- :list\n'),(392,1,'protocol','--- :show\n'),(393,1,'protocol','--- :new\n'),(394,1,'protocol','--- :create\n'),(395,1,'protocol','--- :edit\n'),(396,1,'protocol','--- :update\n'),(397,1,'protocol','--- :desrroy\n'),(398,1,'study','--- :list\n'),(399,1,'study','--- :show\n'),(400,1,'study','--- :new\n'),(401,1,'study','--- :create\n'),(402,1,'study','--- :edit\n'),(403,1,'study','--- :update\n'),(404,1,'study','--- :desrroy\n'),(405,1,'catalogue','--- :list\n'),(406,1,'catalogue','--- :show\n'),(407,1,'catalogue','--- :new\n'),(408,1,'catalogue','--- :create\n'),(409,1,'catalogue','--- :edit\n'),(410,1,'catalogue','--- :update\n'),(411,1,'catalogue','--- :desrroy\n'),(412,1,'project','--- :list\n'),(413,1,'project','--- :show\n'),(414,1,'project','--- :new\n'),(415,1,'project','--- :create\n'),(416,1,'project','--- :edit\n'),(417,1,'project','--- :update\n'),(418,1,'project','--- :desrroy\n'),(419,1,'system','--- :list\n'),(420,1,'system','--- :show\n'),(421,1,'system','--- :new\n'),(422,1,'system','--- :create\n'),(423,1,'system','--- :edit\n'),(424,1,'system','--- :update\n'),(425,1,'system','--- :desrroy\n'),(426,1,'cataloge','--- :list\n'),(427,1,'cataloge','--- :show\n'),(428,1,'cataloge','--- :new\n'),(429,1,'cataloge','--- :create\n'),(430,1,'cataloge','--- :edit\n'),(431,1,'cataloge','--- :update\n'),(432,1,'cataloge','--- :desrroy\n'),(433,1,'experiment','--- :list\n'),(434,1,'experiment','--- :show\n'),(435,1,'experiment','--- :new\n'),(436,1,'experiment','--- :create\n'),(437,1,'experiment','--- :edit\n'),(438,1,'experiment','--- :update\n'),(439,1,'experiment','--- :desrroy\n'),(440,1,'request','--- :list\n'),(441,1,'request','--- :show\n'),(442,1,'request','--- :new\n'),(443,1,'request','--- :create\n'),(444,1,'request','--- :edit\n'),(445,1,'request','--- :update\n'),(446,1,'request','--- :desrroy\n'),(447,1,'users','--- :list\n'),(448,1,'users','--- :show\n'),(449,1,'users','--- :new\n'),(450,1,'users','--- :create\n'),(451,1,'users','--- :edit\n'),(452,1,'users','--- :update\n'),(453,1,'users','--- :desrroy\n'),(454,1,'report','--- :list\n'),(455,1,'report','--- :show\n'),(456,1,'report','--- :new\n'),(457,1,'report','--- :create\n'),(458,1,'report','--- :edit\n'),(459,1,'report','--- :update\n'),(460,1,'report','--- :desrroy\n'),(461,1,'home','--- :index\n'),(462,1,'home','--- :show\n'),(463,1,'home','--- :projects\n'),(464,1,'home','--- :calendar\n'),(465,1,'home','--- :timeline\n'),(466,1,'home','--- :blog\n'),(467,1,'home','--- :destroy\n'),(468,1,'inventory','--- :list\n'),(469,1,'inventory','--- :show\n'),(470,1,'inventory','--- :new\n'),(471,1,'inventory','--- :create\n'),(472,1,'inventory','--- :edit\n'),(473,1,'inventory','--- :update\n'),(474,1,'inventory','--- :desrroy\n');
/*!40000 ALTER TABLE `permissions` ENABLE KEYS */;

--
-- Table structure for table `plate_formats`
--

DROP TABLE IF EXISTS `plate_formats`;
CREATE TABLE `plate_formats` (
  `id` int(11) NOT NULL auto_increment,
  `name` varchar(128) NOT NULL default '',
  `description` text,
  `rows` int(11) default NULL,
  `columns` int(11) default NULL,
  `lock_version` int(11) NOT NULL default '0',
  `created_at` datetime NOT NULL,
  `updated_at` datetime NOT NULL,
  `updated_by_user_id` int(11) NOT NULL default '1',
  `created_by_user_id` int(11) NOT NULL default '1',
  PRIMARY KEY  (`id`)
) ENGINE=InnoDB DEFAULT CHARSET=latin1;

--
-- Dumping data for table `plate_formats`
--


/*!40000 ALTER TABLE `plate_formats` DISABLE KEYS */;
INSERT INTO `plate_formats` VALUES (1,'12 Vial Rack','A rack to hold 12 test tubes',1,12,0,'2007-01-10 10:37:19','2007-01-10 10:37:19',1,1);
/*!40000 ALTER TABLE `plate_formats` ENABLE KEYS */;

--
-- Table structure for table `plate_wells`
--

DROP TABLE IF EXISTS `plate_wells`;
CREATE TABLE `plate_wells` (
  `id` int(11) NOT NULL auto_increment,
  `name` varchar(128) NOT NULL default '',
  `label` varchar(255) default NULL,
  `row_no` int(11) NOT NULL default '0',
  `column_no` int(11) NOT NULL default '0',
  `slot_no` int(11) NOT NULL default '0',
  `lock_version` int(11) NOT NULL default '0',
  `created_at` datetime NOT NULL,
  `updated_at` datetime NOT NULL,
  `updated_by_user_id` int(11) NOT NULL default '1',
  `created_by_user_id` int(11) NOT NULL default '1',
  PRIMARY KEY  (`id`)
) ENGINE=InnoDB DEFAULT CHARSET=latin1;

--
-- Dumping data for table `plate_wells`
--


/*!40000 ALTER TABLE `plate_wells` DISABLE KEYS */;
/*!40000 ALTER TABLE `plate_wells` ENABLE KEYS */;

--
-- Table structure for table `plates`
--

DROP TABLE IF EXISTS `plates`;
CREATE TABLE `plates` (
  `id` int(11) NOT NULL auto_increment,
  `name` varchar(255) default NULL,
  `description` text,
  `external_ref` varchar(255) default NULL,
  `quantity_unit` varchar(255) default NULL,
  `quantity_value` float default NULL,
  `url` varchar(255) default NULL,
  `lock_version` int(11) NOT NULL default '0',
  `created_at` datetime NOT NULL default '0000-00-00 00:00:00',
  `updated_at` datetime NOT NULL default '0000-00-00 00:00:00',
  `updated_by_user_id` int(11) NOT NULL default '1',
  `created_by_user_id` int(11) NOT NULL default '1',
  PRIMARY KEY  (`id`)
) ENGINE=InnoDB DEFAULT CHARSET=latin1;

--
-- Dumping data for table `plates`
--


/*!40000 ALTER TABLE `plates` DISABLE KEYS */;
/*!40000 ALTER TABLE `plates` ENABLE KEYS */;

--
-- Table structure for table `plugin_schema_info`
--

DROP TABLE IF EXISTS `plugin_schema_info`;
CREATE TABLE `plugin_schema_info` (
  `plugin_name` varchar(255) default NULL,
  `version` int(11) default NULL
) ENGINE=MyISAM DEFAULT CHARSET=latin1;

--
-- Dumping data for table `plugin_schema_info`
--


/*!40000 ALTER TABLE `plugin_schema_info` DISABLE KEYS */;
/*!40000 ALTER TABLE `plugin_schema_info` ENABLE KEYS */;

--
-- Table structure for table `process_definitions`
--

DROP TABLE IF EXISTS `process_definitions`;
CREATE TABLE `process_definitions` (
  `id` int(11) NOT NULL auto_increment,
  `name` varchar(30) NOT NULL,
  `release` varchar(5) NOT NULL,
  `description` text,
  `protocol_catagory` varchar(20) default NULL,
  `protocol_status` varchar(20) default NULL,
  `literature_ref` varchar(255) default NULL,
  `access_control_id` int(11) NOT NULL default '0',
  `lock_version` int(11) NOT NULL default '0',
  `created_at` datetime NOT NULL,
  `updated_at` datetime NOT NULL,
  `updated_by_user_id` int(11) NOT NULL default '1',
  `created_by_user_id` int(11) NOT NULL default '1',
  PRIMARY KEY  (`id`),
  KEY `process_definitions_name_index` (`name`),
  KEY `process_definitions_updated_at_index` (`updated_at`)
) ENGINE=InnoDB DEFAULT CHARSET=latin1;

--
-- Dumping data for table `process_definitions`
--


/*!40000 ALTER TABLE `process_definitions` DISABLE KEYS */;
/*!40000 ALTER TABLE `process_definitions` ENABLE KEYS */;

--
-- Table structure for table `process_instances`
--

DROP TABLE IF EXISTS `process_instances`;
CREATE TABLE `process_instances` (
  `id` int(11) NOT NULL auto_increment,
  `process_definition_id` int(11) NOT NULL,
  `name` varchar(77) default NULL,
  `version` int(6) NOT NULL,
  `lock_version` int(11) NOT NULL default '0',
  `created_at` time default NULL,
  `updated_at` time default NULL,
  `how_to` text,
  `updated_by_user_id` int(11) NOT NULL default '1',
  `created_by_user_id` int(11) NOT NULL default '1',
  PRIMARY KEY  (`id`),
  KEY `process_instances_name_index` (`name`),
  KEY `process_instances_process_definition_id_index` (`process_definition_id`),
  KEY `process_instances_updated_at_index` (`updated_at`)
) ENGINE=InnoDB DEFAULT CHARSET=latin1;

--
-- Dumping data for table `process_instances`
--


/*!40000 ALTER TABLE `process_instances` DISABLE KEYS */;
/*!40000 ALTER TABLE `process_instances` ENABLE KEYS */;

--
-- Table structure for table `process_statistics`
--

DROP TABLE IF EXISTS `process_statistics`;
/*!50001 DROP VIEW IF EXISTS `process_statistics`*/;
/*!50001 DROP TABLE IF EXISTS `process_statistics`*/;
/*!50001 CREATE TABLE `process_statistics` (
  `id` int(11),
  `study_parameter_id` int(11),
  `protocol_version_id` int(11),
  `parameter_id` int(11),
  `parameter_role_id` int(11),
  `parameter_type_id` int(11),
  `avg_values` double,
  `stddev_values` double,
  `num_values` bigint(20),
  `num_unique` bigint(20),
  `max_values` double,
  `min_values` double
) */;

--
-- Table structure for table `project_assets`
--

DROP TABLE IF EXISTS `project_assets`;
CREATE TABLE `project_assets` (
  `id` int(11) NOT NULL auto_increment,
  `project_id` int(11) default NULL,
  `title` varchar(255) default NULL,
  `parent_id` int(11) default NULL,
  `content_type` varchar(255) default NULL,
  `filename` varchar(255) default NULL,
  `thumbnail` varchar(255) default NULL,
  `size` int(11) default NULL,
  `width` int(11) default NULL,
  `height` int(11) default NULL,
  `thumbnails_count` int(11) default '0',
  `published` tinyint(1) default '0',
  `content_hash` varchar(255) default NULL,
  `lock_version` int(11) NOT NULL default '0',
  `created_at` datetime NOT NULL,
  `updated_at` datetime NOT NULL,
  `updated_by_user_id` int(11) NOT NULL default '1',
  `created_by_user_id` int(11) NOT NULL default '1',
  `caption` mediumtext,
  `db_file_id` int(11) default NULL,
  PRIMARY KEY  (`id`)
) ENGINE=InnoDB DEFAULT CHARSET=latin1;

--
-- Dumping data for table `project_assets`
--


/*!40000 ALTER TABLE `project_assets` DISABLE KEYS */;
INSERT INTO `project_assets` VALUES (1,13,'Ephaptic activity',NULL,'image/jpeg','1.Ephaptic_activity_sm.jpg',NULL,22959,200,150,0,0,NULL,4,'2007-06-08 11:05:12','2007-06-11 11:44:55',1,1,'\"In a decision that could have far-reaching implications, a federal court in \r\nPennsylvania has held that the California arbitration clause in the \'take it\r\n or leave it\' clickwrap agreement on the Second Life website is unconscionable, \r\nand therefore unenforceable. In its decision (pdf) in Bragg v. Linden Research,\r\n Inc., No. 06-4925 (E.D. Pa. May 30, 2007), the Court concluded that the Second \r\nLife \'terms of service\' seek to impose a one-sided dispute resolution scheme that \r\ntilts unfairly, \'in almost all situations,\' in Second Life\'s favor. As a result, \r\nthe case will stay in Pennsylvania federal court, instead of being transferred to\r\n an arbitration forum in Californi',3),(2,NULL,NULL,1,'image/jpeg','1.Ephaptic_activity_sm_normal.jpg','normal',22953,267,200,0,0,NULL,2,'2007-06-08 11:05:12','2007-06-11 11:44:55',1,1,'\"In a decision that could have far-reaching implications, a federal court in \r\nPennsylvania has held that the California arbitration clause in the \'take it\r\n or leave it\' clickwrap agreement on the Second Life website is unconscionable, \r\nand therefore unenforceable. In its decision (pdf) in Bragg v. Linden Research,\r\n Inc., No. 06-4925 (E.D. Pa. May 30, 2007), the Court concluded that the Second \r\nLife \'terms of service\' seek to impose a one-sided dispute resolution scheme that \r\ntilts unfairly, \'in almost all situations,\' in Second Life\'s favor. As a result, \r\nthe case will stay in Pennsylvania federal court, instead of being transferred to\r\n an arbitration forum in Californi',1),(3,NULL,NULL,1,'image/jpeg','1.Ephaptic_activity_sm_icon.jpg','icon',22953,48,36,0,0,NULL,2,'2007-06-08 11:05:12','2007-06-11 11:44:55',1,1,'\"In a decision that could have far-reaching implications, a federal court in \r\nPennsylvania has held that the California arbitration clause in the \'take it\r\n or leave it\' clickwrap agreement on the Second Life website is unconscionable, \r\nand therefore unenforceable. In its decision (pdf) in Bragg v. Linden Research,\r\n Inc., No. 06-4925 (E.D. Pa. May 30, 2007), the Court concluded that the Second \r\nLife \'terms of service\' seek to impose a one-sided dispute resolution scheme that \r\ntilts unfairly, \'in almost all situations,\' in Second Life\'s favor. As a result, \r\nthe case will stay in Pennsylvania federal court, instead of being transferred to\r\n an arbitration forum in Californi',2),(4,13,'Tissue injury nerve damage',NULL,'image/jpeg','1.Tissue_injury_nerve_damage_sm.jpg',NULL,43187,200,150,0,0,NULL,4,'2007-06-08 11:05:47','2007-06-11 11:44:55',1,1,'\"In a decision that could have far-reaching implications, a federal court in \r\nPennsylvania has held that the California arbitration clause in the \'take it\r\n or leave it\' clickwrap agreement on the Second Life website is unconscionable, \r\nand therefore unenforceable. In its decision (pdf) in Bragg v. Linden Research,\r\n Inc., No. 06-4925 (E.D. Pa. May 30, 2007), the Court concluded that the Second \r\nLife \'terms of service\' seek to impose a one-sided dispute resolution scheme that \r\ntilts unfairly, \'in almost all situations,\' in Second Life\'s favor. As a result, \r\nthe case will stay in Pennsylvania federal court, instead of being transferred to\r\n an arbitration forum in Californi',6),(5,NULL,NULL,4,'image/jpeg','1.Tissue_injury_nerve_damage_sm_normal.jpg','normal',43287,267,200,0,0,NULL,1,'2007-06-08 11:05:47','2007-06-11 11:44:55',1,1,NULL,4),(6,NULL,NULL,4,'image/jpeg','1.Tissue_injury_nerve_damage_sm_icon.jpg','icon',43287,48,36,0,0,NULL,1,'2007-06-08 11:05:47','2007-06-11 11:44:55',1,1,NULL,5);
/*!40000 ALTER TABLE `project_assets` ENABLE KEYS */;

--
-- Table structure for table `project_contents`
--

DROP TABLE IF EXISTS `project_contents`;
CREATE TABLE `project_contents` (
  `id` int(11) NOT NULL auto_increment,
  `project_id` int(11) NOT NULL,
  `type` varchar(20) default NULL,
  `name` varchar(255) default NULL,
  `title` varchar(255) default NULL,
  `body` longtext,
  `body_html` longtext,
  `author_ip` varchar(100) default NULL,
  `comments_count` int(11) default '0',
  `comment_age` int(11) default '0',
  `published` tinyint(1) default '0',
  `content_hash` varchar(255) default NULL,
  `lock_timeout` datetime default NULL,
  `lock_user_id` int(11) default NULL,
  `lock_version` int(11) NOT NULL default '0',
  `created_at` datetime NOT NULL,
  `updated_at` datetime NOT NULL,
  `updated_by_user_id` int(11) NOT NULL default '1',
  `created_by_user_id` int(11) NOT NULL default '1',
  `left_limit` int(11) default NULL,
  `right_limit` int(11) default NULL,
  `parent_id` int(11) default NULL,
  PRIMARY KEY  (`id`)
) ENGINE=InnoDB DEFAULT CHARSET=latin1;

--
-- Dumping data for table `project_contents`
--


/*!40000 ALTER TABLE `project_contents` DISABLE KEYS */;
INSERT INTO `project_contents` VALUES (1,13,NULL,'Art-28','xxxxxxx',NULL,'  <html xmlns=\"http://www.w3.org/1999/xhtml\" lang=\"en\" xml:lang=\"en\"> <head> 	<title>Untitled document</title> 	 </head> <body> <em>&quot;ATI&#39;s internal CableCard readers are finally available, and Maximum PC got hands-on time with a couple of Vista-powered systems built using the FCC-mandated technology. The short version? <a href=\"http://www.maximumpc.com/article/ocur\">It doesn&#39;t work</a>. From the article: &#39;The tech told me he&#39;d receive training direct from Microsoft, but none of it covered internal tuners. We both agreed that the process should be the same, since the only difference is that the slots are inside the case, versus in an external box. The tech then proceeds to install the CableCards, connect the tuners to coax line, fire up the PC, and begin the software configuration. This step involves activating the TV Wonder with a product-activation code, and calling the Comcast office to exchange some information. We should have had a picture at this point, but we didn&#39;t.&#39;</em> </body> </html>',NULL,0,0,0,NULL,NULL,NULL,2,'2007-06-08 21:39:23','2007-06-11 11:44:56',1,1,1,4,NULL),(2,13,NULL,'Art-28','yyyyyyy',NULL,'  <html xmlns=\"http://www.w3.org/1999/xhtml\" lang=\"en\" xml:lang=\"en\"> <head> 	<title>Untitled document</title> 	 </head> <body> <em>&quot;ATI&#39;s internal CableCard readers are finally available, and Maximum PC got hands-on time with a couple of Vista-powered systems built using the FCC-mandated technology. The short version? <a href=\"http://www.maximumpc.com/article/ocur\">It doesn&#39;t work</a>. From the article: &#39;The tech told me he&#39;d receive training direct from Microsoft, but none of it covered internal tuners. We both agreed that the process should be the same, since the only difference is that the slots are inside the case, versus in an external box. The tech then proceeds to install the CableCards, connect the tuners to coax line, fire up the PC, and begin the software configuration. This step involves activating the TV Wonder with a product-activation code, and calling the Comcast office to exchange some information. We should have had a picture at this point, but we didn&#39;t.&#39;</em>  </body> </html>',NULL,0,0,0,NULL,NULL,NULL,2,'2007-06-08 21:39:47','2007-06-11 11:44:56',1,1,2,3,1),(3,13,NULL,'moose','yyyyyyy',NULL,'  <html xmlns=\"http://www.w3.org/1999/xhtml\" lang=\"en\" xml:lang=\"en\"> <head> 	<title>Untitled document</title> 	 </head> <body> <em>&quot;ATI&#39;s internal CableCard readers are finally available, and Maximum PC got hands-on time with a couple of Vista-powered systems built using the FCC-mandated technology. The short version? <a href=\"http://www.maximumpc.com/article/ocur\">It doesn&#39;t work</a>. From the article: &#39;The tech told me he&#39;d receive training direct from Microsoft, but none of it covered internal tuners. We both agreed that the process should be the same, since the only difference is that the slots are inside the case, versus in an external box. The tech then proceeds to install the CableCards, connect the tuners to coax line, fire up the PC, and begin the software configuration. This step involves activating the TV Wonder with a product-activation code, and calling the Comcast office to exchange some information. We should have had a picture at this point, but we didn&#39;t.&#39;</em>   </body> </html>',NULL,0,0,0,NULL,NULL,NULL,1,'2007-06-08 21:41:54','2007-06-08 21:41:54',1,1,3,4,2);
/*!40000 ALTER TABLE `project_contents` ENABLE KEYS */;

--
-- Table structure for table `project_elements`
--

DROP TABLE IF EXISTS `project_elements`;
CREATE TABLE `project_elements` (
  `id` int(11) NOT NULL auto_increment,
  `parent_id` int(11) default NULL,
  `project_id` int(11) NOT NULL,
  `type` varchar(32) default 'ProjectElement',
  `position` int(11) default '1',
  `name` varchar(64) NOT NULL,
  `reference_id` int(11) default NULL,
  `reference_type` varchar(20) default NULL,
  `lock_version` int(11) NOT NULL default '0',
  `created_at` datetime NOT NULL,
  `updated_at` datetime NOT NULL,
  `updated_by_user_id` int(11) NOT NULL default '1',
  `created_by_user_id` int(11) NOT NULL default '1',
  `asset_id` int(11) default NULL,
  `content_id` int(11) default NULL,
  `published_hash` varchar(255) default NULL,
  `project_elements_count` int(11) NOT NULL default '0',
  `left_limit` int(11) NOT NULL default '0',
  `right_limit` int(11) NOT NULL default '0',
  PRIMARY KEY  (`id`),
  UNIQUE KEY `parent_id` (`name`,`parent_id`),
  KEY `project_id` (`project_id`),
  KEY `left_limit` (`left_limit`,`project_id`),
  KEY `right_limit` (`right_limit`,`project_id`)
) ENGINE=InnoDB DEFAULT CHARSET=latin1;

--
-- Dumping data for table `project_elements`
--


/*!40000 ALTER TABLE `project_elements` DISABLE KEYS */;
INSERT INTO `project_elements` VALUES (1,NULL,1,'ProjectFolder',1,'global',NULL,NULL,1,'2007-06-06 18:16:48','2007-06-11 11:44:52',1,3,NULL,NULL,NULL,0,1,8),(2,1,1,'ProjectFolder',0,'Clipart',NULL,NULL,3,'2007-06-06 18:17:22','2007-06-11 11:44:53',1,3,NULL,NULL,NULL,0,2,3),(3,1,1,'ProjectFolder',1,'Templates',NULL,NULL,3,'2007-06-06 18:17:49','2007-06-11 11:44:53',1,3,NULL,NULL,NULL,0,4,5),(4,1,1,'ProjectFolder',2,'Demo-Study',1,'Study',2,'2007-06-06 18:18:49','2007-06-11 11:44:53',1,3,NULL,NULL,NULL,0,6,7),(5,NULL,13,'ProjectFolder',1,'Demo',NULL,NULL,1,'2007-06-06 22:06:30','2007-06-11 11:44:53',1,3,NULL,NULL,NULL,0,1,38),(6,5,13,'ProjectFolder',0,'Demo_Study',2,'Study',2,'2007-06-06 22:07:51','2007-06-11 11:44:53',1,3,NULL,NULL,NULL,0,2,7),(7,6,13,'ProjectFolder',0,'Prot-19',1,'StudyProtocol',2,'2007-06-06 22:14:07','2007-06-11 11:44:54',1,3,NULL,NULL,NULL,0,3,4),(8,6,13,'ProjectFolder',1,'Prot-20',2,'StudyProtocol',2,'2007-06-06 22:17:24','2007-06-11 11:44:54',1,3,NULL,NULL,NULL,0,5,6),(9,5,13,'ProjectFolder',1,'Profiling',1,'Study',3,'2007-06-07 14:37:26','2007-06-11 11:44:53',1,3,NULL,NULL,NULL,0,8,11),(10,9,13,'ProjectFolder',0,'Prot-21',3,'StudyProtocol',2,'2007-06-07 15:10:30','2007-06-11 11:44:54',1,3,NULL,NULL,NULL,0,9,10),(11,5,13,'ProjectFolder',2,'rjs-296',1,'Experiment',2,'2007-06-07 15:16:26','2007-06-11 11:44:54',1,3,NULL,NULL,NULL,0,12,23),(12,11,13,'ProjectFolder',0,'rjs-296-0',1,'Task',2,'2007-06-07 15:16:59','2007-06-11 11:44:54',1,3,NULL,NULL,NULL,0,13,14),(13,11,13,'ProjectFolder',1,'rjs-296-1',2,'Task',2,'2007-06-08 10:59:16','2007-06-11 11:44:54',1,3,NULL,NULL,NULL,0,15,16),(14,11,13,'ProjectFolder',2,'rjs-296-2',3,'Task',2,'2007-06-08 11:04:29','2007-06-11 11:44:54',1,3,NULL,NULL,NULL,0,17,22),(15,14,13,'ProjectAsset',0,'1.Ephaptic_activity_sm.jpg',NULL,NULL,3,'2007-06-08 11:05:12','2007-06-11 11:44:55',1,3,1,NULL,NULL,0,18,19),(16,14,13,'ProjectAsset',1,'1.Tissue_injury_nerve_damage_sm.jpg',NULL,NULL,3,'2007-06-08 11:05:47','2007-06-11 11:44:56',1,3,4,NULL,NULL,0,20,21),(17,5,13,'ProjectFolder',3,'Screening',3,'Study',2,'2007-06-08 15:46:37','2007-06-11 11:44:54',1,3,NULL,NULL,NULL,0,24,29),(18,17,13,'ProjectFolder',0,'Prot-19',4,'StudyProtocol',2,'2007-06-08 15:46:37','2007-06-11 11:44:56',1,3,NULL,NULL,NULL,0,25,26),(19,17,13,'ProjectFolder',1,'Prot-20',5,'StudyProtocol',2,'2007-06-08 15:46:38','2007-06-11 11:44:56',1,3,NULL,NULL,NULL,0,27,28),(20,5,13,'ProjectFolder',4,'Req-21',1,'Request',2,'2007-06-08 20:01:59','2007-06-11 11:44:54',1,3,NULL,NULL,NULL,0,30,31),(21,5,13,'ProjectFolder',5,'Clinical',4,'Study',2,'2007-06-08 21:17:02','2007-06-11 11:44:54',1,3,NULL,NULL,NULL,0,32,37),(22,21,13,'ProjectFolder',0,'Prot-25',6,'StudyProtocol',2,'2007-06-08 21:28:01','2007-06-11 11:44:56',1,3,NULL,NULL,NULL,0,33,34),(23,21,13,'ProjectContent',1,'moose',NULL,NULL,6,'2007-06-08 21:39:23','2007-06-11 11:44:56',1,3,NULL,3,NULL,0,35,36);
/*!40000 ALTER TABLE `project_elements` ENABLE KEYS */;

--
-- Table structure for table `projects`
--

DROP TABLE IF EXISTS `projects`;
CREATE TABLE `projects` (
  `id` int(11) NOT NULL auto_increment,
  `name` varchar(30) NOT NULL default '',
  `summary` text NOT NULL,
  `status_id` int(11) NOT NULL default '0',
  `title` varchar(255) default NULL,
  `email` varchar(255) default NULL,
  `host` varchar(255) default NULL,
  `comment_age` int(11) default NULL,
  `timezone` varchar(255) default NULL,
  `created_at` datetime NOT NULL,
  `updated_at` datetime NOT NULL,
  `started_at` datetime default NULL,
  `ended_at` datetime default NULL,
  `expected_at` datetime default NULL,
  `done_hours` float default NULL,
  `expected_hours` float default NULL,
  `updated_by_user_id` int(11) NOT NULL default '1',
  `created_by_user_id` int(11) NOT NULL default '1',
  PRIMARY KEY  (`id`)
) ENGINE=InnoDB DEFAULT CHARSET=latin1;

--
-- Dumping data for table `projects`
--


/*!40000 ALTER TABLE `projects` DISABLE KEYS */;
INSERT INTO `projects` VALUES (1,'global','Public Area for open work everyone allowed to see!',0,'Global',NULL,NULL,NULL,NULL,'0000-00-00 00:00:00','0000-00-00 00:00:00',NULL,NULL,NULL,NULL,NULL,1,1),(13,'Demo','This is a demo production for training and playing',0,NULL,NULL,NULL,NULL,NULL,'2007-06-06 22:06:30','2007-06-06 22:06:30',NULL,NULL,NULL,NULL,NULL,3,3);
/*!40000 ALTER TABLE `projects` ENABLE KEYS */;

--
-- Table structure for table `protocol_versions`
--

DROP TABLE IF EXISTS `protocol_versions`;
CREATE TABLE `protocol_versions` (
  `id` int(11) NOT NULL auto_increment,
  `study_protocol_id` int(11) default NULL,
  `name` varchar(77) default NULL,
  `version` int(6) NOT NULL,
  `lock_version` int(11) NOT NULL default '0',
  `created_at` time default NULL,
  `updated_at` time default NULL,
  `how_to` text,
  `report_id` int(11) default NULL,
  `analysis_id` int(11) default NULL,
  `updated_by_user_id` int(11) NOT NULL default '1',
  `created_by_user_id` int(11) NOT NULL default '1',
  PRIMARY KEY  (`id`),
  KEY `process_instances_name_index` (`name`),
  KEY `process_instances_process_definition_id_index` (`study_protocol_id`),
  KEY `process_instances_updated_at_index` (`updated_at`)
) ENGINE=InnoDB DEFAULT CHARSET=latin1;

--
-- Dumping data for table `protocol_versions`
--


/*!40000 ALTER TABLE `protocol_versions` DISABLE KEYS */;
INSERT INTO `protocol_versions` VALUES (1,1,'Prot-19:1',1,1,'22:14:07','22:14:07',NULL,NULL,NULL,3,3),(2,2,'Prot-20:1',1,1,'22:17:24','22:17:24',NULL,NULL,NULL,3,3),(3,3,'Prot-21:1',1,1,'15:10:30','15:10:30',NULL,NULL,NULL,3,3),(4,3,'Prot-21:2',2,1,'10:57:07','10:57:19',NULL,NULL,NULL,3,3),(5,3,'Prot-21:3',3,1,'11:00:39','11:00:51',NULL,NULL,NULL,3,3),(6,4,'Prot-19:1',1,2,'22:14:07','15:46:36',NULL,NULL,NULL,3,3),(7,5,'Prot-20:1',1,2,'22:17:24','15:46:38',NULL,NULL,NULL,3,3),(8,6,'Prot-25:1',1,1,'21:28:01','21:28:01',NULL,NULL,NULL,3,3);
/*!40000 ALTER TABLE `protocol_versions` ENABLE KEYS */;

--
-- Table structure for table `queue_items`
--

DROP TABLE IF EXISTS `queue_items`;
CREATE TABLE `queue_items` (
  `id` int(11) NOT NULL auto_increment,
  `name` varchar(255) default NULL,
  `comments` text,
  `study_queue_id` int(11) default NULL,
  `experiment_id` int(11) default NULL,
  `task_id` int(11) default NULL,
  `study_parameter_id` int(11) default NULL,
  `data_type` varchar(255) default NULL,
  `data_id` int(11) default NULL,
  `data_name` varchar(255) default NULL,
  `expected_at` datetime default NULL,
  `started_at` datetime default NULL,
  `ended_at` datetime default NULL,
  `lock_version` int(11) NOT NULL default '0',
  `created_at` datetime NOT NULL,
  `updated_at` datetime NOT NULL,
  `request_service_id` int(11) default NULL,
  `status_id` int(11) NOT NULL default '0',
  `priority_id` int(11) default NULL,
  `updated_by_user_id` int(11) NOT NULL default '1',
  `created_by_user_id` int(11) NOT NULL default '1',
  `requested_by_user_id` int(11) default '1',
  `assigned_to_user_id` int(11) default '1',
  PRIMARY KEY  (`id`)
) ENGINE=InnoDB DEFAULT CHARSET=latin1;

--
-- Dumping data for table `queue_items`
--


/*!40000 ALTER TABLE `queue_items` DISABLE KEYS */;
INSERT INTO `queue_items` VALUES (1,'AB001000','From RS-1-1',1,NULL,NULL,6,'Compound',1000,'AB001000','2007-06-29 00:00:00',NULL,NULL,1,'2007-06-08 20:03:33','2007-06-08 20:03:33',1,0,1,3,3,3,3),(2,'AB00101','From RS-1-1',1,NULL,NULL,6,'Compound',101,'AB00101','2007-06-29 00:00:00',NULL,NULL,1,'2007-06-08 20:03:33','2007-06-08 20:03:33',1,0,1,3,3,3,3),(3,'AB00103','From RS-1-1',1,NULL,NULL,6,'Compound',103,'AB00103','2007-06-29 00:00:00',NULL,NULL,1,'2007-06-08 20:03:33','2007-06-08 20:03:33',1,0,1,3,3,3,3),(4,'AB001000','From RS-1-2',2,NULL,NULL,14,'Compound',1000,'AB001000','2007-06-29 00:00:00','2007-06-08 21:51:16',NULL,7,'2007-06-08 20:03:33','2007-06-09 08:31:39',2,2,0,3,3,3,3),(5,'AB00101','From RS-1-2',2,NULL,NULL,14,'Compound',101,'AB00101','2007-06-29 00:00:00','2007-06-08 21:40:26','2007-06-08 21:44:01',13,'2007-06-08 20:03:33','2007-06-09 08:31:39',2,4,0,3,3,3,3),(6,'AB00103','From RS-1-2',2,NULL,NULL,14,'Compound',103,'AB00103','2007-06-29 00:00:00','2007-06-08 21:40:29','2007-06-08 21:44:20',11,'2007-06-08 20:03:33','2007-06-09 08:31:39',2,2,0,3,3,3,3);
/*!40000 ALTER TABLE `queue_items` ENABLE KEYS */;

--
-- Table structure for table `queue_results`
--

DROP TABLE IF EXISTS `queue_results`;
/*!50001 DROP VIEW IF EXISTS `queue_results`*/;
/*!50001 DROP TABLE IF EXISTS `queue_results`*/;
/*!50001 CREATE TABLE `queue_results` (
  `id` int(11),
  `row_no` int(11),
  `column_no` int(11),
  `task_id` int(11),
  `queue_item_id` int(11),
  `request_service_id` int(11),
  `study_queue_id` int(11),
  `requested_by_user_id` int(11),
  `assigned_to_user_id` int(11),
  `parameter_context_id` int(11),
  `task_context_id` int(11),
  `reference_parameter_id` int(11),
  `data_element_id` int(11),
  `data_type` varchar(255),
  `data_id` int(11),
  `subject` varchar(255),
  `parameter_id` int(11),
  `protocol_version_id` int(11),
  `label` varchar(255),
  `row_label` varchar(255),
  `parameter_name` varchar(62),
  `data_value` longblob,
  `created_by_user_id` int(11),
  `created_at` datetime,
  `updated_by_user_id` int(11),
  `updated_at` datetime
) */;

--
-- Table structure for table `report_columns`
--

DROP TABLE IF EXISTS `report_columns`;
CREATE TABLE `report_columns` (
  `id` int(11) NOT NULL auto_increment,
  `report_id` int(11) NOT NULL,
  `name` varchar(128) NOT NULL default '',
  `description` text,
  `join_model` varchar(255) default NULL,
  `label` varchar(255) default NULL,
  `action` varchar(255) default NULL,
  `filter_operation` varchar(255) default NULL,
  `filter_text` varchar(255) default NULL,
  `subject_type` varchar(255) default NULL,
  `subject_id` int(11) default NULL,
  `data_element` int(11) default NULL,
  `is_visible` tinyint(1) default '1',
  `is_filterible` tinyint(1) default '1',
  `is_sortable` tinyint(1) default '1',
  `order_num` int(11) default NULL,
  `sort_num` int(11) default NULL,
  `sort_direction` varchar(11) default NULL,
  `lock_version` int(11) NOT NULL default '0',
  `created_at` datetime NOT NULL,
  `updated_at` datetime NOT NULL,
  `join_name` varchar(255) default NULL,
  `updated_by_user_id` int(11) NOT NULL default '1',
  `created_by_user_id` int(11) NOT NULL default '1',
  PRIMARY KEY  (`id`)
) ENGINE=InnoDB DEFAULT CHARSET=latin1;

--
-- Dumping data for table `report_columns`
--


/*!40000 ALTER TABLE `report_columns` DISABLE KEYS */;
INSERT INTO `report_columns` VALUES (3,3,'name',NULL,NULL,'Name',NULL,NULL,NULL,NULL,NULL,NULL,1,NULL,1,0,NULL,'',2,'2007-04-24 14:52:53','2007-04-24 14:58:56',NULL,3,3),(7,3,'description',NULL,NULL,'Description',NULL,NULL,NULL,NULL,NULL,NULL,1,NULL,1,1,NULL,'',2,'2007-04-24 14:58:32','2007-04-24 14:58:56',NULL,3,3),(8,3,'base_model',NULL,NULL,'Base_model',NULL,NULL,NULL,NULL,NULL,NULL,1,NULL,1,2,NULL,'',2,'2007-04-24 14:58:36','2007-04-24 14:58:56',NULL,3,3),(9,3,'created_by_user.name',NULL,'created_by_user','Created_by',NULL,NULL,NULL,NULL,NULL,NULL,1,NULL,1,3,NULL,'',2,'2007-04-24 14:58:48','2007-04-24 14:58:56','belongs_to',3,3),(10,2,'name',NULL,NULL,'Name',NULL,NULL,NULL,NULL,NULL,NULL,1,0,1,2,NULL,NULL,1,'2007-04-24 17:27:51','2007-04-24 17:27:51',NULL,3,3),(11,2,'description',NULL,NULL,'Description',NULL,NULL,NULL,NULL,NULL,NULL,1,0,1,3,NULL,NULL,1,'2007-04-24 17:27:53','2007-04-24 17:27:53',NULL,3,3),(12,2,'base_model',NULL,NULL,'Base_model',NULL,NULL,NULL,NULL,NULL,NULL,1,0,1,4,NULL,NULL,1,'2007-04-24 17:27:56','2007-04-24 17:27:56',NULL,3,3),(15,5,'id',NULL,NULL,'Id',NULL,NULL,NULL,NULL,NULL,NULL,1,0,1,0,NULL,NULL,0,'2007-04-24 20:45:49','2007-04-24 20:45:49',NULL,3,3),(16,5,'name',NULL,NULL,'Name',NULL,NULL,NULL,NULL,NULL,NULL,1,0,1,1,NULL,NULL,0,'2007-04-24 21:27:06','2007-04-24 21:27:06',NULL,1,1),(17,5,'description',NULL,NULL,'Description',NULL,NULL,NULL,NULL,NULL,NULL,1,0,1,2,NULL,NULL,0,'2007-04-24 21:27:06','2007-04-24 21:27:06',NULL,1,1),(18,5,'research_area',NULL,NULL,'Research_area',NULL,NULL,NULL,NULL,NULL,NULL,1,0,1,3,NULL,NULL,0,'2007-04-24 21:27:06','2007-04-24 21:27:06',NULL,1,1),(19,5,'purpose',NULL,NULL,'Purpose',NULL,NULL,NULL,NULL,NULL,NULL,1,0,1,4,NULL,NULL,0,'2007-04-24 21:27:06','2007-04-24 21:27:06',NULL,1,1),(20,5,'lock_version',NULL,NULL,'Lock_version',NULL,NULL,NULL,NULL,NULL,NULL,0,0,1,5,NULL,NULL,0,'2007-04-24 21:27:06','2007-04-24 21:27:06',NULL,1,1),(21,5,'created_at',NULL,NULL,'Created_at',NULL,NULL,NULL,NULL,NULL,NULL,0,0,1,6,NULL,NULL,0,'2007-04-24 21:27:06','2007-04-24 21:27:06',NULL,1,1),(22,5,'updated_at',NULL,NULL,'Updated_at',NULL,NULL,NULL,NULL,NULL,NULL,0,0,1,7,NULL,NULL,0,'2007-04-24 21:27:06','2007-04-24 21:27:06',NULL,1,1),(99,15,'name',NULL,NULL,'Name',NULL,NULL,NULL,NULL,NULL,NULL,1,0,1,0,NULL,NULL,0,'2007-04-26 21:03:12','2007-04-26 21:03:12',NULL,3,3),(100,15,'description',NULL,NULL,'Description',NULL,NULL,NULL,NULL,NULL,NULL,1,0,1,1,NULL,NULL,0,'2007-04-26 21:03:12','2007-04-26 21:03:12',NULL,3,3),(101,15,'research_area',NULL,NULL,'Research_area',NULL,NULL,NULL,NULL,NULL,NULL,1,0,1,2,NULL,NULL,0,'2007-04-26 21:03:12','2007-04-26 21:03:12',NULL,3,3),(102,15,'purpose',NULL,NULL,'Purpose',NULL,NULL,NULL,NULL,NULL,NULL,1,0,1,3,NULL,NULL,0,'2007-04-26 21:03:12','2007-04-26 21:03:12',NULL,3,3),(103,15,'lock_version',NULL,NULL,'Lock_version',NULL,NULL,NULL,NULL,NULL,NULL,0,0,1,4,NULL,NULL,0,'2007-04-26 21:03:12','2007-04-26 21:03:12',NULL,3,3),(104,15,'created_at',NULL,NULL,'Created_at',NULL,NULL,NULL,NULL,NULL,NULL,0,0,1,5,NULL,NULL,0,'2007-04-26 21:03:13','2007-04-26 21:03:13',NULL,3,3),(105,15,'updated_at',NULL,NULL,'Updated_at',NULL,NULL,NULL,NULL,NULL,NULL,0,0,1,6,NULL,NULL,0,'2007-04-26 21:03:13','2007-04-26 21:03:13',NULL,3,3),(106,15,'id',NULL,NULL,'Id',NULL,NULL,NULL,NULL,NULL,NULL,1,0,1,7,NULL,NULL,0,'2007-04-26 21:03:13','2007-04-26 21:03:13',NULL,3,3),(107,15,'project_id',NULL,NULL,'Project_id',NULL,NULL,NULL,NULL,NULL,NULL,0,0,1,8,NULL,NULL,0,'2007-04-26 21:03:13','2007-04-26 21:03:13',NULL,3,3),(108,16,'name',NULL,NULL,'Name',NULL,NULL,NULL,NULL,NULL,NULL,1,0,1,0,NULL,NULL,0,'2007-04-26 21:03:52','2007-04-26 21:03:52',NULL,3,3),(109,16,'description',NULL,NULL,'Description',NULL,NULL,NULL,NULL,NULL,NULL,1,0,1,1,NULL,NULL,0,'2007-04-26 21:03:52','2007-04-26 21:03:52',NULL,3,3),(110,16,'research_area',NULL,NULL,'Research_area',NULL,NULL,NULL,NULL,NULL,NULL,1,0,1,2,NULL,NULL,0,'2007-04-26 21:03:52','2007-04-26 21:03:52',NULL,3,3),(111,16,'purpose',NULL,NULL,'Purpose',NULL,NULL,NULL,NULL,NULL,NULL,1,0,1,3,NULL,NULL,0,'2007-04-26 21:03:52','2007-04-26 21:03:52',NULL,3,3),(112,16,'lock_version',NULL,NULL,'Lock_version',NULL,NULL,NULL,NULL,NULL,NULL,0,0,1,4,NULL,NULL,0,'2007-04-26 21:03:52','2007-04-26 21:03:52',NULL,3,3),(113,16,'created_at',NULL,NULL,'Created_at',NULL,NULL,NULL,NULL,NULL,NULL,0,0,1,5,NULL,NULL,0,'2007-04-26 21:03:52','2007-04-26 21:03:52',NULL,3,3),(114,16,'updated_at',NULL,NULL,'Updated_at',NULL,NULL,NULL,NULL,NULL,NULL,0,0,1,6,NULL,NULL,0,'2007-04-26 21:03:52','2007-04-26 21:03:52',NULL,3,3),(115,16,'id',NULL,NULL,'Id',NULL,NULL,NULL,NULL,NULL,NULL,1,0,1,7,NULL,NULL,0,'2007-04-26 21:03:52','2007-04-26 21:03:52',NULL,3,3),(116,16,'project_id',NULL,NULL,'Project_id',NULL,NULL,NULL,NULL,NULL,NULL,0,0,1,8,NULL,NULL,0,'2007-04-26 21:03:52','2007-04-26 21:03:52',NULL,3,3),(117,17,'name',NULL,NULL,'Name',NULL,NULL,NULL,NULL,NULL,NULL,1,1,1,0,NULL,'',2,'2007-04-26 21:05:42','2007-04-26 21:08:09',NULL,3,3),(118,17,'description',NULL,NULL,'Description',NULL,NULL,NULL,NULL,NULL,NULL,1,NULL,1,1,NULL,'',2,'2007-04-26 21:05:42','2007-04-26 21:08:10',NULL,3,3),(119,17,'id',NULL,NULL,'Id',NULL,NULL,NULL,NULL,NULL,NULL,NULL,NULL,1,2,NULL,'',2,'2007-04-26 21:05:42','2007-04-26 21:08:09',NULL,3,3),(120,17,'project_id',NULL,NULL,'Project_id',NULL,NULL,NULL,NULL,NULL,NULL,NULL,NULL,1,3,NULL,'',2,'2007-04-26 21:05:42','2007-04-26 21:08:09',NULL,3,3),(121,17,'created_by_user.name',NULL,'created_by_user','Created_by',NULL,NULL,NULL,NULL,NULL,NULL,1,1,1,5,NULL,'',3,'2007-04-26 21:06:30','2007-04-26 21:08:10','belongs_to',3,3),(122,17,'study.name',NULL,'study','Study',NULL,NULL,NULL,NULL,NULL,NULL,1,1,1,4,NULL,'',3,'2007-04-26 21:06:51','2007-04-26 21:08:10','belongs_to',3,3),(123,18,'column_no',NULL,NULL,'Column_no',NULL,NULL,NULL,NULL,NULL,NULL,1,0,1,0,NULL,NULL,0,'2007-04-30 15:09:18','2007-04-30 15:09:18',NULL,3,3),(124,18,'sequence_num',NULL,NULL,'Sequence_num',NULL,NULL,NULL,NULL,NULL,NULL,1,0,1,1,NULL,NULL,0,'2007-04-30 15:09:18','2007-04-30 15:09:18',NULL,3,3),(125,18,'name',NULL,NULL,'Name',NULL,NULL,NULL,NULL,NULL,NULL,1,0,1,2,NULL,NULL,3,'2007-04-30 15:09:18','2007-05-01 11:52:20',NULL,3,3),(126,18,'description',NULL,NULL,'Description',NULL,NULL,NULL,NULL,NULL,NULL,1,0,1,3,NULL,NULL,0,'2007-04-30 15:09:18','2007-04-30 15:09:18',NULL,3,3),(127,18,'display_unit',NULL,NULL,'Display_unit',NULL,NULL,NULL,NULL,NULL,NULL,1,0,1,4,NULL,NULL,0,'2007-04-30 15:09:18','2007-04-30 15:09:18',NULL,3,3),(128,18,'qualifier_style',NULL,NULL,'Qualifier_style',NULL,NULL,NULL,NULL,NULL,NULL,1,0,1,5,NULL,NULL,0,'2007-04-30 15:09:18','2007-04-30 15:09:18',NULL,3,3),(129,18,'lock_version',NULL,NULL,'Lock_version',NULL,NULL,NULL,NULL,NULL,NULL,0,0,1,6,NULL,NULL,0,'2007-04-30 15:09:18','2007-04-30 15:09:18',NULL,3,3),(130,18,'created_at',NULL,NULL,'Created_at',NULL,NULL,NULL,NULL,NULL,NULL,0,0,1,7,NULL,NULL,0,'2007-04-30 15:09:18','2007-04-30 15:09:18',NULL,3,3),(131,18,'updated_at',NULL,NULL,'Updated_at',NULL,NULL,NULL,NULL,NULL,NULL,0,0,1,8,NULL,NULL,0,'2007-04-30 15:09:18','2007-04-30 15:09:18',NULL,3,3),(132,18,'mandatory',NULL,NULL,'Mandatory',NULL,NULL,NULL,NULL,NULL,NULL,1,0,1,9,NULL,NULL,0,'2007-04-30 15:09:18','2007-04-30 15:09:18',NULL,3,3),(133,18,'default_value',NULL,NULL,'Default_value',NULL,NULL,NULL,NULL,NULL,NULL,1,0,1,10,NULL,NULL,0,'2007-04-30 15:09:18','2007-04-30 15:09:18',NULL,3,3),(134,18,'id',NULL,NULL,'Id',NULL,NULL,NULL,NULL,NULL,NULL,1,0,1,11,NULL,NULL,0,'2007-04-30 15:09:18','2007-04-30 15:09:18',NULL,3,3),(135,18,'study_parameter_id',NULL,NULL,'Study_parameter_id',NULL,NULL,NULL,NULL,NULL,NULL,0,0,1,12,NULL,NULL,0,'2007-04-30 15:09:19','2007-04-30 15:09:19',NULL,3,3),(136,18,'process.name',NULL,'process','Process Name',NULL,NULL,NULL,NULL,NULL,NULL,1,0,1,13,NULL,NULL,0,'2007-04-30 15:09:19','2007-04-30 15:09:19','belongs_to',3,3),(137,19,'avg_values',NULL,NULL,'Avg_values',NULL,NULL,NULL,NULL,NULL,NULL,1,0,1,0,NULL,NULL,0,'2007-04-30 15:09:19','2007-04-30 15:09:19',NULL,3,3),(138,19,'stddev_values',NULL,NULL,'Stddev_values',NULL,NULL,NULL,NULL,NULL,NULL,1,0,1,1,NULL,NULL,0,'2007-04-30 15:09:19','2007-04-30 15:09:19',NULL,3,3),(139,19,'num_values',NULL,NULL,'Num_values',NULL,NULL,NULL,NULL,NULL,NULL,1,0,1,2,NULL,NULL,0,'2007-04-30 15:09:19','2007-04-30 15:09:19',NULL,3,3),(140,19,'num_unique',NULL,NULL,'Num_unique',NULL,NULL,NULL,NULL,NULL,NULL,1,0,1,3,NULL,NULL,0,'2007-04-30 15:09:19','2007-04-30 15:09:19',NULL,3,3),(141,19,'max_values',NULL,NULL,'Max_values',NULL,NULL,NULL,NULL,NULL,NULL,1,0,1,4,NULL,NULL,0,'2007-04-30 15:09:19','2007-04-30 15:09:19',NULL,3,3),(142,19,'min_values',NULL,NULL,'Min_values',NULL,NULL,NULL,NULL,NULL,NULL,1,0,1,5,NULL,NULL,0,'2007-04-30 15:09:19','2007-04-30 15:09:19',NULL,3,3),(143,19,'id',NULL,NULL,'Id',NULL,NULL,NULL,NULL,NULL,NULL,1,0,1,6,NULL,NULL,0,'2007-04-30 15:09:19','2007-04-30 15:09:19',NULL,3,3),(144,19,'study_parameter_id',NULL,NULL,'Study_parameter_id',NULL,NULL,NULL,NULL,NULL,NULL,0,0,1,7,NULL,NULL,0,'2007-04-30 15:09:19','2007-04-30 15:09:19',NULL,3,3),(145,20,'avg_values',NULL,NULL,'Avg_values',NULL,NULL,NULL,NULL,NULL,NULL,1,0,1,0,NULL,NULL,0,'2007-04-30 15:09:19','2007-04-30 15:09:19',NULL,3,3),(146,20,'stddev_values',NULL,NULL,'Stddev_values',NULL,NULL,NULL,NULL,NULL,NULL,1,0,1,1,NULL,NULL,0,'2007-04-30 15:09:19','2007-04-30 15:09:19',NULL,3,3),(147,20,'num_values',NULL,NULL,'Num_values',NULL,NULL,NULL,NULL,NULL,NULL,1,0,1,2,NULL,NULL,0,'2007-04-30 15:09:19','2007-04-30 15:09:19',NULL,3,3),(148,20,'num_unique',NULL,NULL,'Num_unique',NULL,NULL,NULL,NULL,NULL,NULL,1,0,1,3,NULL,NULL,0,'2007-04-30 15:09:19','2007-04-30 15:09:19',NULL,3,3),(149,20,'max_values',NULL,NULL,'Max_values',NULL,NULL,NULL,NULL,NULL,NULL,1,0,1,4,NULL,NULL,0,'2007-04-30 15:09:19','2007-04-30 15:09:19',NULL,3,3),(150,20,'min_values',NULL,NULL,'Min_values',NULL,NULL,NULL,NULL,NULL,NULL,1,0,1,5,NULL,NULL,0,'2007-04-30 15:09:19','2007-04-30 15:09:19',NULL,3,3),(151,20,'id',NULL,NULL,'Id',NULL,NULL,NULL,NULL,NULL,NULL,1,0,1,6,NULL,NULL,0,'2007-04-30 15:09:19','2007-04-30 15:09:19',NULL,3,3),(152,20,'study_parameter_id',NULL,NULL,'Study_parameter_id',NULL,NULL,NULL,NULL,NULL,NULL,0,0,1,7,NULL,NULL,0,'2007-04-30 15:09:19','2007-04-30 15:09:19',NULL,3,3),(153,21,'compound_name',NULL,NULL,'Compound_name',NULL,NULL,NULL,NULL,NULL,NULL,1,0,1,0,NULL,NULL,1,'2007-05-01 00:00:42','2007-05-01 00:00:42',NULL,3,3),(154,22,'data_value',NULL,NULL,'Data_value',NULL,'=','Activity',NULL,NULL,NULL,1,1,1,0,NULL,'',3,'2007-05-01 00:02:35','2007-05-01 09:06:07',NULL,3,3),(156,24,'row_no',NULL,NULL,'Row_no',NULL,NULL,NULL,NULL,NULL,NULL,1,1,1,0,NULL,'',4,'2007-05-01 07:11:56','2007-05-01 09:11:26',NULL,3,3),(158,22,'context.label',NULL,'context','Context Label',NULL,NULL,NULL,NULL,NULL,NULL,1,1,1,1,NULL,'',4,'2007-05-01 09:05:04','2007-05-01 09:06:07','belongs_to',3,3),(159,24,'column_no',NULL,NULL,'Column_no',NULL,NULL,NULL,NULL,NULL,NULL,1,1,1,1,NULL,'',5,'2007-05-01 09:09:16','2007-05-01 09:11:26',NULL,3,3),(160,2,'project_id',NULL,NULL,'Project_id',NULL,NULL,NULL,NULL,NULL,NULL,0,0,1,3,NULL,NULL,0,'2007-05-18 19:59:53','2007-05-18 19:59:53',NULL,3,3),(161,2,'style',NULL,NULL,'Style',NULL,NULL,NULL,NULL,NULL,NULL,1,0,1,4,NULL,NULL,0,'2007-05-18 19:59:53','2007-05-18 19:59:53',NULL,3,3),(162,2,'custom_sql',NULL,NULL,'Custom_sql',NULL,NULL,NULL,NULL,NULL,NULL,1,0,1,5,NULL,NULL,0,'2007-05-18 19:59:53','2007-05-18 19:59:53',NULL,3,3),(168,26,'name',NULL,NULL,'Name',NULL,NULL,NULL,NULL,NULL,NULL,1,1,1,0,1,'desc',22,'2007-05-23 06:31:50','2007-05-30 15:45:05',NULL,8,3),(169,26,'description',NULL,NULL,'Description',NULL,NULL,NULL,NULL,NULL,NULL,1,0,0,1,NULL,NULL,22,'2007-05-23 06:32:01','2007-05-30 15:45:05',NULL,8,3),(170,27,'name',NULL,NULL,'Name',NULL,NULL,NULL,NULL,NULL,NULL,1,0,1,0,NULL,NULL,1,'2007-05-25 18:07:53','2007-05-25 18:07:53',NULL,3,3),(171,27,'description',NULL,NULL,'Description',NULL,NULL,NULL,NULL,NULL,NULL,1,0,1,1,NULL,NULL,1,'2007-05-25 18:07:55','2007-05-25 18:07:55',NULL,3,3),(172,27,'class_name',NULL,NULL,'Class_name',NULL,NULL,NULL,NULL,NULL,NULL,1,0,1,2,NULL,NULL,1,'2007-05-25 18:07:58','2007-05-25 18:07:58',NULL,3,3),(173,27,'lock_version',NULL,NULL,'Lock_version',NULL,NULL,NULL,NULL,NULL,NULL,0,0,1,3,NULL,NULL,1,'2007-05-25 18:08:00','2007-05-25 18:08:00',NULL,3,3),(174,27,'created_at',NULL,NULL,'Created_at',NULL,NULL,NULL,NULL,NULL,NULL,0,0,1,4,NULL,NULL,1,'2007-05-25 18:08:02','2007-05-25 18:08:02',NULL,3,3),(175,27,'updated_at',NULL,NULL,'Updated_at',NULL,NULL,NULL,NULL,NULL,NULL,0,0,1,5,NULL,NULL,1,'2007-05-25 18:08:03','2007-05-25 18:08:03',NULL,3,3),(176,27,'settings.name',NULL,'settings','Settings Name',NULL,NULL,NULL,NULL,NULL,NULL,1,0,0,6,NULL,NULL,1,'2007-05-25 18:08:08','2007-05-25 18:08:08','has_many',3,3),(177,27,'settings.script_body',NULL,'settings','Settings Script_body',NULL,NULL,NULL,NULL,NULL,NULL,1,0,0,7,NULL,NULL,1,'2007-05-25 18:08:10','2007-05-25 18:08:10','has_many',3,3),(178,27,'settings.options',NULL,'settings','Settings Options',NULL,NULL,NULL,NULL,NULL,NULL,1,0,0,8,NULL,NULL,1,'2007-05-25 18:08:11','2007-05-25 18:08:11','has_many',3,3),(179,27,'settings.level_no',NULL,'settings','Settings Level_no',NULL,NULL,NULL,NULL,NULL,NULL,1,0,0,9,NULL,NULL,1,'2007-05-25 18:08:12','2007-05-25 18:08:12','has_many',3,3),(180,27,'settings.mode',NULL,'settings','Settings Mode',NULL,NULL,NULL,NULL,NULL,NULL,1,0,0,10,NULL,NULL,1,'2007-05-25 18:08:14','2007-05-25 18:08:14','has_many',3,3),(181,27,'settings.column_no',NULL,'settings','Settings Column_no',NULL,NULL,NULL,NULL,NULL,NULL,1,0,0,11,NULL,NULL,1,'2007-05-25 18:08:15','2007-05-25 18:08:15','has_many',3,3),(182,27,'settings.mandatory',NULL,'settings','Settings Mandatory',NULL,NULL,NULL,NULL,NULL,NULL,1,0,0,12,NULL,NULL,1,'2007-05-25 18:08:17','2007-05-25 18:08:17','has_many',3,3),(183,27,'settings.default_value',NULL,'settings','Settings Default_value',NULL,NULL,NULL,NULL,NULL,NULL,1,0,0,13,NULL,NULL,1,'2007-05-25 18:08:18','2007-05-25 18:08:18','has_many',3,3),(184,27,'settings.created_at',NULL,'settings','Settings Created_at',NULL,NULL,NULL,NULL,NULL,NULL,0,0,0,14,NULL,NULL,1,'2007-05-25 18:08:20','2007-05-25 18:08:20','has_many',3,3),(185,27,'settings.updated_at',NULL,'settings','Settings Updated_at',NULL,NULL,NULL,NULL,NULL,NULL,0,0,0,15,NULL,NULL,1,'2007-05-25 18:08:22','2007-05-25 18:08:22','has_many',3,3),(186,27,'settings.type.name',NULL,'settings','Settings Type Name',NULL,NULL,NULL,NULL,NULL,NULL,1,0,0,16,NULL,NULL,1,'2007-05-25 18:08:30','2007-05-25 18:08:30','has_many',3,3),(187,27,'settings.type.description',NULL,'settings','Settings Type Description',NULL,NULL,NULL,NULL,NULL,NULL,1,0,0,17,NULL,NULL,1,'2007-05-25 18:08:31','2007-05-25 18:08:31','has_many',3,3),(188,27,'settings.type.value_class',NULL,'settings','Settings Type Value_class',NULL,NULL,NULL,NULL,NULL,NULL,1,0,0,18,NULL,NULL,1,'2007-05-25 18:08:33','2007-05-25 18:08:33','has_many',3,3),(189,27,'settings.type.lock_version',NULL,'settings','Settings Type Lock_version',NULL,NULL,NULL,NULL,NULL,NULL,0,0,0,19,NULL,NULL,1,'2007-05-25 18:08:34','2007-05-25 18:08:34','has_many',3,3),(190,27,'settings.type.created_at',NULL,'settings','Settings Type Created_at',NULL,NULL,NULL,NULL,NULL,NULL,0,0,0,20,NULL,NULL,1,'2007-05-25 18:08:36','2007-05-25 18:08:36','has_many',3,3),(191,27,'settings.type.updated_at',NULL,'settings','Settings Type Updated_at',NULL,NULL,NULL,NULL,NULL,NULL,0,0,0,21,NULL,NULL,1,'2007-05-25 18:08:37','2007-05-25 18:08:37','has_many',3,3),(192,27,'settings.parameter.sequence_num',NULL,'settings','Settings Parameter Sequence_num',NULL,NULL,NULL,NULL,NULL,NULL,1,0,0,22,NULL,NULL,1,'2007-05-25 18:08:39','2007-05-25 18:08:39','has_many',3,3),(193,27,'settings.parameter.column_no',NULL,'settings','Settings Parameter Column_no',NULL,NULL,NULL,NULL,NULL,NULL,1,0,0,23,NULL,NULL,1,'2007-05-25 18:08:40','2007-05-25 18:08:41','has_many',3,3),(194,27,'settings.parameter.name',NULL,'settings','Settings Parameter Name',NULL,NULL,NULL,NULL,NULL,NULL,1,0,0,24,NULL,NULL,1,'2007-05-25 18:08:42','2007-05-25 18:08:42','has_many',3,3),(195,27,'settings.parameter.description',NULL,'settings','Settings Parameter Description',NULL,NULL,NULL,NULL,NULL,NULL,1,0,0,25,NULL,NULL,1,'2007-05-25 18:08:44','2007-05-25 18:08:44','has_many',3,3),(196,27,'settings.parameter.display_unit',NULL,'settings','Settings Parameter Display_unit',NULL,NULL,NULL,NULL,NULL,NULL,1,0,0,26,NULL,NULL,1,'2007-05-25 18:08:45','2007-05-25 18:08:45','has_many',3,3),(197,27,'settings.parameter.qualifier_style',NULL,'settings','Settings Parameter Qualifier_style',NULL,NULL,NULL,NULL,NULL,NULL,1,0,0,27,NULL,NULL,1,'2007-05-25 18:08:47','2007-05-25 18:08:47','has_many',3,3),(202,29,'owner',NULL,NULL,'Owner',NULL,NULL,NULL,NULL,NULL,NULL,1,0,1,0,NULL,NULL,0,'2007-05-28 17:38:47','2007-05-28 17:38:47',NULL,3,3),(203,29,'created_at',NULL,NULL,'Created_at',NULL,NULL,NULL,NULL,NULL,NULL,0,0,1,1,NULL,NULL,0,'2007-05-28 17:38:48','2007-05-28 17:38:48',NULL,3,3),(204,29,'updated_at',NULL,NULL,'Updated_at',NULL,NULL,NULL,NULL,NULL,NULL,0,0,1,2,NULL,NULL,0,'2007-05-28 17:38:48','2007-05-28 17:38:48',NULL,3,3),(205,29,'id',NULL,NULL,'Id',NULL,NULL,NULL,NULL,NULL,NULL,1,0,1,3,NULL,NULL,0,'2007-05-28 17:38:48','2007-05-28 17:38:48',NULL,3,3),(206,29,'user_id',NULL,NULL,'User_id',NULL,NULL,NULL,NULL,NULL,NULL,0,0,1,4,NULL,NULL,0,'2007-05-28 17:38:48','2007-05-28 17:38:48',NULL,3,3),(207,29,'project.project_id',NULL,'project','Project Project_id',NULL,NULL,NULL,NULL,NULL,NULL,0,0,1,5,NULL,NULL,0,'2007-05-28 17:38:48','2007-05-28 17:38:48','belongs_to',3,3),(208,29,'project.name',NULL,'project','Project Name',NULL,NULL,NULL,NULL,NULL,NULL,1,0,1,6,NULL,NULL,0,'2007-05-28 17:38:48','2007-05-28 17:38:48','belongs_to',3,3),(209,29,'project.summary',NULL,'project','Project Summary',NULL,NULL,NULL,NULL,NULL,NULL,1,0,1,7,NULL,NULL,0,'2007-05-28 17:38:48','2007-05-28 17:38:48','belongs_to',3,3),(210,29,'role.name',NULL,'role','Role Name',NULL,NULL,NULL,NULL,NULL,NULL,1,0,1,8,NULL,NULL,0,'2007-05-28 17:38:48','2007-05-28 17:38:48','belongs_to',3,3),(226,31,'position',NULL,NULL,'Position',NULL,NULL,NULL,NULL,NULL,NULL,1,0,1,0,NULL,NULL,0,'2007-05-28 17:49:04','2007-05-28 17:49:04',NULL,3,3),(227,31,'name',NULL,NULL,'Name',NULL,NULL,NULL,NULL,NULL,NULL,1,0,1,1,NULL,NULL,0,'2007-05-28 17:49:04','2007-05-28 17:49:04',NULL,3,3),(228,31,'path',NULL,NULL,'Path',NULL,NULL,NULL,NULL,NULL,NULL,1,0,1,2,NULL,NULL,0,'2007-05-28 17:49:04','2007-05-28 17:49:04',NULL,3,3),(229,31,'reference_type',NULL,NULL,'Reference_type',NULL,NULL,NULL,NULL,NULL,NULL,1,0,1,3,NULL,NULL,0,'2007-05-28 17:49:04','2007-05-28 17:49:04',NULL,3,3),(230,31,'lock_version',NULL,NULL,'Lock_version',NULL,NULL,NULL,NULL,NULL,NULL,0,0,1,4,NULL,NULL,0,'2007-05-28 17:49:04','2007-05-28 17:49:04',NULL,3,3),(231,31,'created_at',NULL,NULL,'Created_at',NULL,NULL,NULL,NULL,NULL,NULL,0,0,1,5,NULL,NULL,0,'2007-05-28 17:49:04','2007-05-28 17:49:04',NULL,3,3),(232,31,'updated_at',NULL,NULL,'Updated_at',NULL,NULL,NULL,NULL,NULL,NULL,0,0,1,6,NULL,NULL,0,'2007-05-28 17:49:04','2007-05-28 17:49:04',NULL,3,3),(233,31,'published_hash',NULL,NULL,'Published_hash',NULL,NULL,NULL,NULL,NULL,NULL,1,0,1,7,NULL,NULL,0,'2007-05-28 17:49:04','2007-05-28 17:49:04',NULL,3,3),(234,31,'left_limit',NULL,NULL,'Left_limit',NULL,NULL,NULL,NULL,NULL,NULL,1,0,1,8,NULL,NULL,0,'2007-05-28 17:49:04','2007-05-28 17:49:04',NULL,3,3),(235,31,'right_limit',NULL,NULL,'Right_limit',NULL,NULL,NULL,NULL,NULL,NULL,1,0,1,9,NULL,NULL,0,'2007-05-28 17:49:05','2007-05-28 17:49:05',NULL,3,3),(236,31,'id',NULL,NULL,'Id',NULL,NULL,NULL,NULL,NULL,NULL,1,0,1,10,NULL,NULL,0,'2007-05-28 17:49:05','2007-05-28 17:49:05',NULL,3,3),(237,31,'updated_by_user_id',NULL,NULL,'Updated_by_user_id',NULL,NULL,NULL,NULL,NULL,NULL,0,0,1,11,NULL,NULL,0,'2007-05-28 17:49:05','2007-05-28 17:49:05',NULL,3,3),(238,31,'project_id',NULL,NULL,'Project_id',NULL,NULL,NULL,NULL,NULL,NULL,0,0,1,12,NULL,NULL,0,'2007-05-28 17:49:05','2007-05-28 17:49:05',NULL,3,3),(239,31,'project.name',NULL,'project','Project Name',NULL,NULL,NULL,NULL,NULL,NULL,1,0,1,13,NULL,NULL,0,'2007-05-28 17:49:05','2007-05-28 17:49:05','belongs_to',3,3),(240,31,'icon',NULL,NULL,'Icon',NULL,NULL,NULL,NULL,NULL,NULL,1,0,1,14,NULL,NULL,0,'2007-05-28 17:49:05','2007-05-28 17:49:05',NULL,3,3),(241,32,'name',NULL,NULL,'Name',NULL,NULL,NULL,NULL,NULL,NULL,1,0,1,0,NULL,NULL,0,'2007-05-28 18:00:29','2007-05-28 18:00:29',NULL,3,3),(242,32,'comments',NULL,NULL,'Comments',NULL,NULL,NULL,NULL,NULL,NULL,1,0,1,1,NULL,NULL,0,'2007-05-28 18:00:29','2007-05-28 18:00:29',NULL,3,3),(243,32,'data_type',NULL,NULL,'Data_type',NULL,NULL,NULL,NULL,NULL,NULL,1,0,1,2,NULL,NULL,0,'2007-05-28 18:00:30','2007-05-28 18:00:30',NULL,3,3),(244,32,'data_name',NULL,NULL,'Data_name',NULL,NULL,NULL,NULL,NULL,NULL,1,0,1,3,NULL,NULL,0,'2007-05-28 18:00:30','2007-05-28 18:00:30',NULL,3,3),(245,32,'expected_at',NULL,NULL,'Expected_at',NULL,NULL,NULL,NULL,NULL,NULL,0,0,1,4,NULL,NULL,0,'2007-05-28 18:00:30','2007-05-28 18:00:30',NULL,3,3),(246,32,'started_at',NULL,NULL,'Started_at',NULL,NULL,NULL,NULL,NULL,NULL,0,0,1,5,NULL,NULL,0,'2007-05-28 18:00:30','2007-05-28 18:00:30',NULL,3,3),(247,32,'ended_at',NULL,NULL,'Ended_at',NULL,NULL,NULL,NULL,NULL,NULL,0,0,1,6,NULL,NULL,0,'2007-05-28 18:00:30','2007-05-28 18:00:30',NULL,3,3),(248,32,'lock_version',NULL,NULL,'Lock_version',NULL,NULL,NULL,NULL,NULL,NULL,0,0,1,7,NULL,NULL,0,'2007-05-28 18:00:30','2007-05-28 18:00:30',NULL,3,3),(249,32,'created_at',NULL,NULL,'Created_at',NULL,NULL,NULL,NULL,NULL,NULL,0,0,1,8,NULL,NULL,0,'2007-05-28 18:00:30','2007-05-28 18:00:30',NULL,3,3),(250,32,'updated_at',NULL,NULL,'Updated_at',NULL,NULL,NULL,NULL,NULL,NULL,0,0,1,9,NULL,NULL,0,'2007-05-28 18:00:30','2007-05-28 18:00:30',NULL,3,3),(251,32,'id',NULL,NULL,'Id',NULL,NULL,NULL,NULL,NULL,NULL,1,0,1,10,NULL,NULL,0,'2007-05-28 18:00:30','2007-05-28 18:00:30',NULL,3,3),(252,32,'assigned_to_user_id',NULL,NULL,'Assigned_to_user_id',NULL,NULL,NULL,NULL,NULL,NULL,0,0,1,11,NULL,NULL,0,'2007-05-28 18:00:30','2007-05-28 18:00:30',NULL,3,3),(253,33,'name',NULL,NULL,'Name',NULL,NULL,NULL,NULL,NULL,NULL,1,0,1,0,NULL,NULL,0,'2007-05-28 18:00:47','2007-05-28 18:00:47',NULL,3,3),(254,33,'comments',NULL,NULL,'Comments',NULL,NULL,NULL,NULL,NULL,NULL,1,0,1,1,NULL,NULL,0,'2007-05-28 18:00:47','2007-05-28 18:00:47',NULL,3,3),(255,33,'data_type',NULL,NULL,'Data_type',NULL,NULL,NULL,NULL,NULL,NULL,1,0,1,2,NULL,NULL,0,'2007-05-28 18:00:47','2007-05-28 18:00:47',NULL,3,3),(256,33,'data_name',NULL,NULL,'Data_name',NULL,NULL,NULL,NULL,NULL,NULL,1,0,1,3,NULL,NULL,0,'2007-05-28 18:00:47','2007-05-28 18:00:47',NULL,3,3),(257,33,'expected_at',NULL,NULL,'Expected_at',NULL,NULL,NULL,NULL,NULL,NULL,0,0,1,4,NULL,NULL,0,'2007-05-28 18:00:47','2007-05-28 18:00:47',NULL,3,3),(258,33,'started_at',NULL,NULL,'Started_at',NULL,NULL,NULL,NULL,NULL,NULL,0,0,1,5,NULL,NULL,0,'2007-05-28 18:00:47','2007-05-28 18:00:47',NULL,3,3),(259,33,'ended_at',NULL,NULL,'Ended_at',NULL,NULL,NULL,NULL,NULL,NULL,0,0,1,6,NULL,NULL,0,'2007-05-28 18:00:47','2007-05-28 18:00:47',NULL,3,3),(260,33,'lock_version',NULL,NULL,'Lock_version',NULL,NULL,NULL,NULL,NULL,NULL,0,0,1,7,NULL,NULL,0,'2007-05-28 18:00:47','2007-05-28 18:00:47',NULL,3,3),(261,33,'created_at',NULL,NULL,'Created_at',NULL,NULL,NULL,NULL,NULL,NULL,0,0,1,8,NULL,NULL,0,'2007-05-28 18:00:47','2007-05-28 18:00:47',NULL,3,3),(262,33,'updated_at',NULL,NULL,'Updated_at',NULL,NULL,NULL,NULL,NULL,NULL,0,0,1,9,NULL,NULL,0,'2007-05-28 18:00:47','2007-05-28 18:00:47',NULL,3,3),(263,33,'id',NULL,NULL,'Id',NULL,NULL,NULL,NULL,NULL,NULL,1,0,1,10,NULL,NULL,0,'2007-05-28 18:00:47','2007-05-28 18:00:47',NULL,3,3),(264,33,'requested_by_user_id',NULL,NULL,'Requested_by_user_id',NULL,NULL,NULL,NULL,NULL,NULL,0,0,1,11,NULL,NULL,0,'2007-05-28 18:00:47','2007-05-28 18:00:47',NULL,3,3),(265,34,'name',NULL,NULL,'Name',NULL,NULL,NULL,NULL,NULL,NULL,1,0,1,0,NULL,NULL,0,'2007-05-28 18:11:30','2007-05-28 18:11:30',NULL,3,3),(266,34,'comments',NULL,NULL,'Comments',NULL,NULL,NULL,NULL,NULL,NULL,1,0,1,1,NULL,NULL,0,'2007-05-28 18:11:30','2007-05-28 18:11:30',NULL,3,3),(267,34,'data_type',NULL,NULL,'Data_type',NULL,NULL,NULL,NULL,NULL,NULL,1,0,1,2,NULL,NULL,0,'2007-05-28 18:11:30','2007-05-28 18:11:30',NULL,3,3),(268,34,'data_name',NULL,NULL,'Data_name',NULL,NULL,NULL,NULL,NULL,NULL,1,0,1,3,NULL,NULL,0,'2007-05-28 18:11:30','2007-05-28 18:11:30',NULL,3,3),(269,34,'expected_at',NULL,NULL,'Expected_at',NULL,NULL,NULL,NULL,NULL,NULL,0,0,1,4,NULL,NULL,0,'2007-05-28 18:11:31','2007-05-28 18:11:31',NULL,3,3),(270,34,'started_at',NULL,NULL,'Started_at',NULL,NULL,NULL,NULL,NULL,NULL,0,0,1,5,NULL,NULL,0,'2007-05-28 18:11:31','2007-05-28 18:11:31',NULL,3,3),(271,34,'ended_at',NULL,NULL,'Ended_at',NULL,NULL,NULL,NULL,NULL,NULL,0,0,1,6,NULL,NULL,0,'2007-05-28 18:11:31','2007-05-28 18:11:31',NULL,3,3),(272,34,'lock_version',NULL,NULL,'Lock_version',NULL,NULL,NULL,NULL,NULL,NULL,0,0,1,7,NULL,NULL,0,'2007-05-28 18:11:31','2007-05-28 18:11:31',NULL,3,3),(273,34,'created_at',NULL,NULL,'Created_at',NULL,NULL,NULL,NULL,NULL,NULL,0,0,1,8,NULL,NULL,0,'2007-05-28 18:11:31','2007-05-28 18:11:31',NULL,3,3),(274,34,'updated_at',NULL,NULL,'Updated_at',NULL,NULL,NULL,NULL,NULL,NULL,0,0,1,9,NULL,NULL,0,'2007-05-28 18:11:31','2007-05-28 18:11:31',NULL,3,3),(275,34,'id',NULL,NULL,'Id',NULL,NULL,NULL,NULL,NULL,NULL,1,0,1,10,NULL,NULL,0,'2007-05-28 18:11:31','2007-05-28 18:11:31',NULL,3,3),(276,34,'assigned_to_user_id',NULL,NULL,'Assigned_to_user_id',NULL,NULL,NULL,NULL,NULL,NULL,0,0,1,11,NULL,NULL,0,'2007-05-28 18:11:31','2007-05-28 18:11:31',NULL,3,3),(277,35,'position',NULL,NULL,'Position',NULL,NULL,NULL,NULL,NULL,NULL,1,0,1,0,NULL,NULL,0,'2007-05-28 18:11:58','2007-05-28 18:11:58',NULL,3,3),(278,35,'name',NULL,NULL,'Name',NULL,NULL,NULL,NULL,NULL,NULL,1,0,1,1,NULL,NULL,0,'2007-05-28 18:11:58','2007-05-28 18:11:58',NULL,3,3),(279,35,'path',NULL,NULL,'Path',NULL,NULL,NULL,NULL,NULL,NULL,1,0,1,2,NULL,NULL,0,'2007-05-28 18:11:58','2007-05-28 18:11:58',NULL,3,3),(280,35,'reference_type',NULL,NULL,'Reference_type',NULL,NULL,NULL,NULL,NULL,NULL,1,0,1,3,NULL,NULL,0,'2007-05-28 18:11:58','2007-05-28 18:11:58',NULL,3,3),(281,35,'lock_version',NULL,NULL,'Lock_version',NULL,NULL,NULL,NULL,NULL,NULL,0,0,1,4,NULL,NULL,0,'2007-05-28 18:11:58','2007-05-28 18:11:58',NULL,3,3),(282,35,'created_at',NULL,NULL,'Created_at',NULL,NULL,NULL,NULL,NULL,NULL,0,0,1,5,NULL,NULL,0,'2007-05-28 18:11:58','2007-05-28 18:11:58',NULL,3,3),(283,35,'updated_at',NULL,NULL,'Updated_at',NULL,NULL,NULL,NULL,NULL,NULL,0,0,1,6,NULL,NULL,0,'2007-05-28 18:11:58','2007-05-28 18:11:58',NULL,3,3),(284,35,'published_hash',NULL,NULL,'Published_hash',NULL,NULL,NULL,NULL,NULL,NULL,1,0,1,7,NULL,NULL,0,'2007-05-28 18:11:58','2007-05-28 18:11:58',NULL,3,3),(285,35,'left_limit',NULL,NULL,'Left_limit',NULL,NULL,NULL,NULL,NULL,NULL,1,0,1,8,NULL,NULL,0,'2007-05-28 18:11:58','2007-05-28 18:11:58',NULL,3,3),(286,35,'right_limit',NULL,NULL,'Right_limit',NULL,NULL,NULL,NULL,NULL,NULL,1,0,1,9,NULL,NULL,0,'2007-05-28 18:11:58','2007-05-28 18:11:58',NULL,3,3),(287,35,'id',NULL,NULL,'Id',NULL,NULL,NULL,NULL,NULL,NULL,1,0,1,10,NULL,NULL,0,'2007-05-28 18:11:58','2007-05-28 18:11:58',NULL,3,3),(288,35,'updated_by_user_id',NULL,NULL,'Updated_by_user_id',NULL,NULL,NULL,NULL,NULL,NULL,0,0,1,11,NULL,NULL,0,'2007-05-28 18:11:58','2007-05-28 18:11:58',NULL,3,3),(289,35,'project_id',NULL,NULL,'Project_id',NULL,NULL,NULL,NULL,NULL,NULL,0,0,1,12,NULL,NULL,0,'2007-05-28 18:11:58','2007-05-28 18:11:58',NULL,3,3),(290,35,'project.name',NULL,'project','Project Name',NULL,NULL,NULL,NULL,NULL,NULL,1,0,1,13,NULL,NULL,0,'2007-05-28 18:11:58','2007-05-28 18:11:58','belongs_to',3,3),(291,35,'summary',NULL,NULL,'Summary',NULL,NULL,NULL,NULL,NULL,NULL,1,0,1,14,NULL,NULL,0,'2007-05-28 18:11:58','2007-05-28 18:11:58',NULL,3,3),(292,36,'position',NULL,NULL,'Position',NULL,NULL,NULL,NULL,NULL,NULL,1,0,1,0,NULL,NULL,0,'2007-05-28 18:15:06','2007-05-28 18:15:06',NULL,3,3),(293,36,'name',NULL,NULL,'Name',NULL,NULL,NULL,NULL,NULL,NULL,1,0,1,1,NULL,NULL,0,'2007-05-28 18:15:06','2007-05-28 18:15:06',NULL,3,3),(294,36,'path',NULL,NULL,'Path',NULL,NULL,NULL,NULL,NULL,NULL,1,0,1,2,NULL,NULL,0,'2007-05-28 18:15:06','2007-05-28 18:15:06',NULL,3,3),(295,36,'reference_type',NULL,NULL,'Reference_type',NULL,NULL,NULL,NULL,NULL,NULL,1,0,1,3,NULL,NULL,0,'2007-05-28 18:15:06','2007-05-28 18:15:06',NULL,3,3),(296,36,'lock_version',NULL,NULL,'Lock_version',NULL,NULL,NULL,NULL,NULL,NULL,0,0,1,4,NULL,NULL,0,'2007-05-28 18:15:06','2007-05-28 18:15:06',NULL,3,3),(297,36,'created_at',NULL,NULL,'Created_at',NULL,NULL,NULL,NULL,NULL,NULL,0,0,1,5,NULL,NULL,0,'2007-05-28 18:15:06','2007-05-28 18:15:06',NULL,3,3),(298,36,'updated_at',NULL,NULL,'Updated_at',NULL,NULL,NULL,NULL,NULL,NULL,0,0,1,6,NULL,NULL,0,'2007-05-28 18:15:06','2007-05-28 18:15:06',NULL,3,3),(299,36,'published_hash',NULL,NULL,'Published_hash',NULL,NULL,NULL,NULL,NULL,NULL,1,0,1,7,NULL,NULL,0,'2007-05-28 18:15:06','2007-05-28 18:15:06',NULL,3,3),(300,36,'left_limit',NULL,NULL,'Left_limit',NULL,NULL,NULL,NULL,NULL,NULL,1,0,1,8,NULL,NULL,0,'2007-05-28 18:15:06','2007-05-28 18:15:06',NULL,3,3),(301,36,'right_limit',NULL,NULL,'Right_limit',NULL,NULL,NULL,NULL,NULL,NULL,1,0,1,9,NULL,NULL,0,'2007-05-28 18:15:06','2007-05-28 18:15:06',NULL,3,3),(302,36,'id',NULL,NULL,'Id',NULL,NULL,NULL,NULL,NULL,NULL,1,0,1,10,NULL,NULL,0,'2007-05-28 18:15:06','2007-05-28 18:15:06',NULL,3,3),(303,36,'updated_by_user_id',NULL,NULL,'Updated_by_user_id',NULL,NULL,NULL,NULL,NULL,NULL,0,0,1,11,NULL,NULL,0,'2007-05-28 18:15:06','2007-05-28 18:15:06',NULL,3,3),(304,36,'project_id',NULL,NULL,'Project_id',NULL,NULL,NULL,NULL,NULL,NULL,0,0,1,12,NULL,NULL,0,'2007-05-28 18:15:06','2007-05-28 18:15:06',NULL,3,3),(305,36,'project.name',NULL,'project','Project Name',NULL,NULL,NULL,NULL,NULL,NULL,1,0,1,13,NULL,NULL,0,'2007-05-28 18:15:07','2007-05-28 18:15:07','belongs_to',3,3),(306,36,'summary',NULL,NULL,'Summary',NULL,NULL,NULL,NULL,NULL,NULL,1,0,1,14,NULL,NULL,0,'2007-05-28 18:15:07','2007-05-28 18:15:07',NULL,3,3),(307,37,'owner',NULL,NULL,'Owner',NULL,NULL,NULL,NULL,NULL,NULL,1,0,1,0,NULL,NULL,0,'2007-05-28 18:18:21','2007-05-28 18:18:21',NULL,3,3),(308,37,'created_at',NULL,NULL,'Created_at',NULL,NULL,NULL,NULL,NULL,NULL,0,0,1,1,NULL,NULL,0,'2007-05-28 18:18:21','2007-05-28 18:18:21',NULL,3,3),(309,37,'updated_at',NULL,NULL,'Updated_at',NULL,NULL,NULL,NULL,NULL,NULL,0,0,1,2,NULL,NULL,0,'2007-05-28 18:18:21','2007-05-28 18:18:21',NULL,3,3),(310,37,'id',NULL,NULL,'Id',NULL,NULL,NULL,NULL,NULL,NULL,1,0,1,3,NULL,NULL,0,'2007-05-28 18:18:21','2007-05-28 18:18:21',NULL,3,3),(311,37,'user_id',NULL,NULL,'User_id',NULL,NULL,NULL,NULL,NULL,NULL,0,0,1,4,NULL,NULL,0,'2007-05-28 18:18:21','2007-05-28 18:18:21',NULL,3,3),(312,37,'project.project_id',NULL,'project','Project Project_id',NULL,NULL,NULL,NULL,NULL,NULL,0,0,1,5,NULL,NULL,0,'2007-05-28 18:18:21','2007-05-28 18:18:21','belongs_to',3,3),(313,37,'project.name',NULL,'project','Project Name',NULL,NULL,NULL,NULL,NULL,NULL,1,0,1,6,NULL,NULL,0,'2007-05-28 18:18:21','2007-05-28 18:18:21','belongs_to',3,3),(314,37,'project.summary',NULL,'project','Project Summary',NULL,NULL,NULL,NULL,NULL,NULL,1,0,1,7,NULL,NULL,0,'2007-05-28 18:18:21','2007-05-28 18:18:21','belongs_to',3,3),(315,37,'role.name',NULL,'role','Role Name',NULL,NULL,NULL,NULL,NULL,NULL,1,0,1,8,NULL,NULL,0,'2007-05-28 18:18:21','2007-05-28 18:18:21','belongs_to',3,3),(316,38,'row_no',NULL,NULL,'Row_no',NULL,NULL,NULL,NULL,NULL,NULL,1,0,1,0,NULL,NULL,0,'2007-05-29 11:34:17','2007-05-29 11:34:17',NULL,3,3),(317,38,'column_no',NULL,NULL,'Column_no',NULL,NULL,NULL,NULL,NULL,NULL,1,0,1,1,NULL,NULL,0,'2007-05-29 11:34:17','2007-05-29 11:34:17',NULL,3,3),(318,38,'data_type',NULL,NULL,'Data_type',NULL,NULL,NULL,NULL,NULL,NULL,1,0,1,2,NULL,NULL,0,'2007-05-29 11:34:17','2007-05-29 11:34:17',NULL,3,3),(319,38,'subject',NULL,NULL,'Subject',NULL,NULL,NULL,NULL,NULL,NULL,1,0,1,3,NULL,NULL,0,'2007-05-29 11:34:17','2007-05-29 11:34:17',NULL,3,3),(320,38,'label',NULL,NULL,'Label',NULL,NULL,NULL,NULL,NULL,NULL,1,0,1,4,NULL,NULL,0,'2007-05-29 11:34:17','2007-05-29 11:34:17',NULL,3,3),(321,38,'row_label',NULL,NULL,'Row_label',NULL,NULL,NULL,NULL,NULL,NULL,1,0,1,5,NULL,NULL,0,'2007-05-29 11:34:17','2007-05-29 11:34:17',NULL,3,3),(322,38,'parameter_name',NULL,NULL,'Parameter_name',NULL,NULL,NULL,NULL,NULL,NULL,1,0,1,6,NULL,NULL,0,'2007-05-29 11:34:17','2007-05-29 11:34:17',NULL,3,3),(323,38,'data_value',NULL,NULL,'Data_value',NULL,NULL,NULL,NULL,NULL,NULL,1,0,1,7,NULL,NULL,0,'2007-05-29 11:34:18','2007-05-29 11:34:18',NULL,3,3),(324,38,'created_at',NULL,NULL,'Created_at',NULL,NULL,NULL,NULL,NULL,NULL,0,0,1,8,NULL,NULL,0,'2007-05-29 11:34:18','2007-05-29 11:34:18',NULL,3,3),(325,38,'updated_at',NULL,NULL,'Updated_at',NULL,NULL,NULL,NULL,NULL,NULL,0,0,1,9,NULL,NULL,0,'2007-05-29 11:34:18','2007-05-29 11:34:18',NULL,3,3),(326,38,'id',NULL,NULL,'Id',NULL,NULL,NULL,NULL,NULL,NULL,1,0,1,10,NULL,NULL,0,'2007-05-29 11:34:18','2007-05-29 11:34:18',NULL,3,3),(327,38,'request_service_id',NULL,NULL,'Request_service_id',NULL,NULL,NULL,NULL,NULL,NULL,0,0,1,11,NULL,NULL,0,'2007-05-29 11:34:18','2007-05-29 11:34:18',NULL,3,3),(328,39,'row_no',NULL,NULL,'Row_no',NULL,NULL,NULL,NULL,NULL,NULL,1,0,1,0,NULL,NULL,0,'2007-05-29 11:43:43','2007-05-29 11:43:43',NULL,3,3),(329,39,'column_no',NULL,NULL,'Column_no',NULL,NULL,NULL,NULL,NULL,NULL,1,0,1,1,NULL,NULL,0,'2007-05-29 11:43:43','2007-05-29 11:43:43',NULL,3,3),(330,39,'data_type',NULL,NULL,'Data_type',NULL,NULL,NULL,NULL,NULL,NULL,1,0,1,2,NULL,NULL,0,'2007-05-29 11:43:43','2007-05-29 11:43:43',NULL,3,3),(331,39,'subject',NULL,NULL,'Subject',NULL,NULL,NULL,NULL,NULL,NULL,1,0,1,3,NULL,NULL,0,'2007-05-29 11:43:43','2007-05-29 11:43:43',NULL,3,3),(332,39,'label',NULL,NULL,'Label',NULL,NULL,NULL,NULL,NULL,NULL,1,0,1,4,NULL,NULL,0,'2007-05-29 11:43:43','2007-05-29 11:43:43',NULL,3,3),(333,39,'row_label',NULL,NULL,'Row_label',NULL,NULL,NULL,NULL,NULL,NULL,1,0,1,5,NULL,NULL,0,'2007-05-29 11:43:43','2007-05-29 11:43:43',NULL,3,3),(334,39,'parameter_name',NULL,NULL,'Parameter_name',NULL,NULL,NULL,NULL,NULL,NULL,1,0,1,6,NULL,NULL,0,'2007-05-29 11:43:43','2007-05-29 11:43:43',NULL,3,3),(335,39,'data_value',NULL,NULL,'Data_value',NULL,NULL,NULL,NULL,NULL,NULL,1,0,1,7,NULL,NULL,0,'2007-05-29 11:43:43','2007-05-29 11:43:43',NULL,3,3),(336,39,'created_at',NULL,NULL,'Created_at',NULL,NULL,NULL,NULL,NULL,NULL,0,0,1,8,NULL,NULL,0,'2007-05-29 11:43:44','2007-05-29 11:43:44',NULL,3,3),(337,39,'updated_at',NULL,NULL,'Updated_at',NULL,NULL,NULL,NULL,NULL,NULL,0,0,1,9,NULL,NULL,0,'2007-05-29 11:43:44','2007-05-29 11:43:44',NULL,3,3),(338,39,'id',NULL,NULL,'Id',NULL,NULL,NULL,NULL,NULL,NULL,1,0,1,10,NULL,NULL,0,'2007-05-29 11:43:44','2007-05-29 11:43:44',NULL,3,3),(339,39,'study_queue_id',NULL,NULL,'Study_queue_id',NULL,NULL,NULL,NULL,NULL,NULL,0,0,1,11,NULL,NULL,0,'2007-05-29 11:43:44','2007-05-29 11:43:44',NULL,3,3);
/*!40000 ALTER TABLE `report_columns` ENABLE KEYS */;

--
-- Table structure for table `reports`
--

DROP TABLE IF EXISTS `reports`;
CREATE TABLE `reports` (
  `id` int(11) NOT NULL auto_increment,
  `name` varchar(128) NOT NULL default '',
  `description` text,
  `base_model` varchar(255) default NULL,
  `custom_sql` varchar(255) default NULL,
  `lock_version` int(11) NOT NULL default '0',
  `created_at` datetime NOT NULL,
  `updated_at` datetime NOT NULL,
  `style` varchar(255) default NULL,
  `updated_by_user_id` int(11) NOT NULL default '1',
  `created_by_user_id` int(11) NOT NULL default '1',
  `internal` tinyint(1) default NULL,
  `project_id` int(11) default NULL,
  `action` varchar(255) default NULL,
  PRIMARY KEY  (`id`)
) ENGINE=InnoDB DEFAULT CHARSET=latin1;

--
-- Dumping data for table `reports`
--


/*!40000 ALTER TABLE `reports` DISABLE KEYS */;
INSERT INTO `reports` VALUES (2,'ReportList','Default reports for display as /Report/list','Report',NULL,0,'2007-04-24 14:44:52','2007-04-24 14:44:52','Report',3,3,NULL,NULL,NULL),(3,'All-Reports','List of all reports on the system','Report',NULL,1,'2007-04-24 14:52:18','2007-04-24 14:58:56','Report',3,3,NULL,NULL,NULL),(5,'List_of_Study','Default reports for display as /Study/list','Study',NULL,2,'2007-04-24 20:45:49','2007-04-24 21:27:22',NULL,1,3,NULL,NULL,NULL),(15,'StudyList','Default reports for display as /Study/list','Study',NULL,1,'2007-04-26 21:03:12','2007-04-26 21:03:13',NULL,3,3,1,NULL,NULL),(16,'StudyList','Default reports for display as /Study/list','Study',NULL,1,'2007-04-26 21:03:52','2007-04-26 21:03:52',NULL,3,3,1,NULL,NULL),(17,'ExperimentList','Default reports for display as /Experiment/list','Experiment',NULL,3,'2007-04-26 21:05:42','2007-04-26 21:08:09',NULL,3,3,1,NULL,NULL),(18,'ParameterProtocols','Default reports for display as /Parameter/list','Parameter',NULL,1,'2007-04-30 15:09:18','2007-04-30 15:09:18',NULL,3,3,1,NULL,NULL),(19,'ParameterStatistics','Default reports for display as /ProcessStatistics/list','ProcessStatistics',NULL,1,'2007-04-30 15:09:19','2007-04-30 15:09:19',NULL,3,3,1,NULL,NULL),(20,'ExperimentStatistics','Default reports for display as /ExperimentStatistics/list','ExperimentStatistics',NULL,1,'2007-04-30 15:09:19','2007-04-30 15:09:19',NULL,3,3,1,NULL,NULL),(22,'Screening Results','Screening results','TaskValue',NULL,2,'2007-05-01 09:04:48','2007-05-01 09:06:07',NULL,3,3,NULL,NULL,NULL),(23,'Screening Results','Screening results','TaskValue',NULL,0,'2007-05-01 09:07:12','2007-05-01 09:07:12',NULL,3,3,NULL,NULL,NULL),(24,'Results','Screening results','TaskResultValue',NULL,3,'2007-05-01 09:09:07','2007-05-01 09:11:26',NULL,3,3,NULL,NULL,NULL),(26,'Report-26','llll','DataElement',NULL,22,'2007-05-23 06:29:12','2007-05-30 15:45:04','Report',8,3,NULL,4,''),(27,'Report-27','task report','AnalysisMethod',NULL,0,'2007-05-25 18:07:46','2007-05-25 18:07:46','Report',3,3,NULL,4,NULL),(29,'UserProjects','Default reports for display as /Membership/list','Membership',NULL,1,'2007-05-28 17:38:47','2007-05-28 17:38:48','System',3,3,1,NULL,NULL),(31,'UserArticles','Default reports for display as /ProjectContent/list','ProjectContent',NULL,1,'2007-05-28 17:49:04','2007-05-28 17:49:05','System',3,3,1,NULL,NULL),(32,'Stuff Todo ','Default reports for display as /QueueItem/list','QueueItem',NULL,1,'2007-05-28 18:00:29','2007-05-28 18:00:30','System',3,3,1,NULL,NULL),(33,'Stuff Wanted','Default reports for display as /QueueItem/list','QueueItem',NULL,1,'2007-05-28 18:00:47','2007-05-28 18:00:47','System',3,3,1,NULL,NULL),(34,'My Todo List ','Default reports for display as /QueueItem/list','QueueItem',NULL,1,'2007-05-28 18:11:30','2007-05-28 18:11:31','System',3,3,1,NULL,NULL),(35,'My Articles','Default reports for display as /ProjectContent/list','ProjectContent',NULL,1,'2007-05-28 18:11:57','2007-05-28 18:11:58','System',3,3,1,NULL,NULL),(36,'My News','Default reports for display as /ProjectElement/list','ProjectElement',NULL,1,'2007-05-28 18:15:06','2007-05-28 18:15:06','System',3,3,1,NULL,NULL),(37,'My Projects','Default reports for display as /Membership/list','Membership',NULL,1,'2007-05-28 18:18:21','2007-05-28 18:18:21','System',3,3,1,NULL,NULL),(38,'Service Request Results','Default reports for display as /QueueResult/list','QueueResult',NULL,1,'2007-05-29 11:34:17','2007-05-29 11:34:18','System',3,3,1,NULL,NULL),(39,'Service Queue Results','Default reports for display as /QueueResult/list','QueueResult',NULL,1,'2007-05-29 11:43:43','2007-05-29 11:43:44','System',3,3,1,NULL,NULL);
/*!40000 ALTER TABLE `reports` ENABLE KEYS */;

--
-- Table structure for table `request_lists`
--

DROP TABLE IF EXISTS `request_lists`;
CREATE TABLE `request_lists` (
  `id` int(11) NOT NULL auto_increment,
  PRIMARY KEY  (`id`)
) ENGINE=InnoDB DEFAULT CHARSET=latin1;

--
-- Dumping data for table `request_lists`
--


/*!40000 ALTER TABLE `request_lists` DISABLE KEYS */;
/*!40000 ALTER TABLE `request_lists` ENABLE KEYS */;

--
-- Table structure for table `request_services`
--

DROP TABLE IF EXISTS `request_services`;
CREATE TABLE `request_services` (
  `id` int(11) NOT NULL auto_increment,
  `request_id` int(11) NOT NULL,
  `service_id` int(11) NOT NULL,
  `name` varchar(128) NOT NULL default '',
  `description` text,
  `expected_at` datetime default NULL,
  `started_at` datetime default NULL,
  `ended_at` datetime default NULL,
  `lock_version` int(11) NOT NULL default '0',
  `created_at` datetime NOT NULL,
  `updated_at` datetime NOT NULL,
  `status_id` int(11) NOT NULL default '0',
  `priority_id` int(11) default NULL,
  `updated_by_user_id` int(11) NOT NULL default '1',
  `created_by_user_id` int(11) NOT NULL default '1',
  `requested_by_user_id` int(11) default '1',
  `assigned_to_user_id` int(11) default '1',
  PRIMARY KEY  (`id`)
) ENGINE=InnoDB DEFAULT CHARSET=latin1;

--
-- Dumping data for table `request_services`
--


/*!40000 ALTER TABLE `request_services` DISABLE KEYS */;
INSERT INTO `request_services` VALUES (1,1,1,'RS-1-1',NULL,'2007-06-29 00:00:00',NULL,NULL,1,'2007-06-08 20:02:06','2007-06-08 20:03:33',0,1,3,3,3,3),(2,1,2,'RS-1-2',NULL,'2007-06-29 00:00:00','2007-06-08 21:55:08',NULL,4,'2007-06-08 20:02:17','2007-06-09 08:31:39',3,0,3,3,3,3);
/*!40000 ALTER TABLE `request_services` ENABLE KEYS */;

--
-- Table structure for table `requests`
--

DROP TABLE IF EXISTS `requests`;
CREATE TABLE `requests` (
  `id` int(11) NOT NULL auto_increment,
  `name` varchar(128) NOT NULL default '',
  `description` text,
  `expected_at` varchar(255) default NULL,
  `lock_version` int(11) NOT NULL default '0',
  `created_at` datetime NOT NULL,
  `updated_at` datetime NOT NULL,
  `list_id` int(11) default NULL,
  `data_element_id` int(11) default NULL,
  `status_id` int(11) NOT NULL default '0',
  `priority_id` int(11) default NULL,
  `project_id` int(11) default NULL,
  `updated_by_user_id` int(11) NOT NULL default '1',
  `created_by_user_id` int(11) NOT NULL default '1',
  `requested_by_user_id` int(11) default '1',
  `started_at` datetime default NULL,
  `ended_at` datetime default NULL,
  PRIMARY KEY  (`id`)
) ENGINE=InnoDB DEFAULT CHARSET=latin1;

--
-- Dumping data for table `requests`
--


/*!40000 ALTER TABLE `requests` DISABLE KEYS */;
INSERT INTO `requests` VALUES (1,'Req-21','run my compounds first please.','2007-06-29',1,'2007-06-08 20:01:58','2007-06-08 20:03:32',1,35,0,1,13,3,3,3,NULL,NULL);
/*!40000 ALTER TABLE `requests` ENABLE KEYS */;

--
-- Table structure for table `role_permissions`
--

DROP TABLE IF EXISTS `role_permissions`;
CREATE TABLE `role_permissions` (
  `id` int(11) NOT NULL auto_increment,
  `role_id` int(11) NOT NULL,
  `permission_id` int(11) default NULL,
  `subject` varchar(40) default NULL,
  `action` varchar(40) default NULL,
  PRIMARY KEY  (`id`),
  KEY `fk_roles_permission_role_id` (`role_id`),
  KEY `fk_roles_permission_permission_id` (`permission_id`)
) ENGINE=InnoDB DEFAULT CHARSET=latin1;

--
-- Dumping data for table `role_permissions`
--


/*!40000 ALTER TABLE `role_permissions` DISABLE KEYS */;
INSERT INTO `role_permissions` VALUES (4,3,1,NULL,NULL),(6,1,3,NULL,NULL),(7,3,2,NULL,NULL),(9,1,4,NULL,NULL),(10,2,5,NULL,NULL),(11,3,NULL,'user','list'),(12,3,NULL,'user','show'),(13,3,NULL,'user','new'),(14,3,NULL,'user','create'),(15,3,NULL,'user','edit'),(16,3,NULL,'user','update'),(17,3,NULL,'protocol','list'),(18,3,NULL,'protocol','show'),(19,3,NULL,'protocol','new'),(20,3,NULL,'protocol','create'),(21,3,NULL,'protocol','edit'),(22,3,NULL,'protocol','update'),(23,3,NULL,'catalogue','list'),(24,3,NULL,'catalogue','show'),(25,3,NULL,'catalogue','new'),(26,3,NULL,'catalogue','create'),(27,3,NULL,'catalogue','edit'),(28,3,NULL,'catalogue','update'),(29,3,NULL,'study','list'),(30,3,NULL,'study','show'),(31,3,NULL,'study','new'),(32,3,NULL,'study','create'),(33,3,NULL,'study','edit'),(34,3,NULL,'study','update'),(41,3,NULL,'system','list'),(42,3,NULL,'system','show'),(43,3,NULL,'system','new'),(44,3,NULL,'system','create'),(45,3,NULL,'system','edit'),(46,3,NULL,'system','update'),(47,3,NULL,'cataloge','list'),(48,3,NULL,'cataloge','show'),(49,3,NULL,'cataloge','new'),(50,3,NULL,'cataloge','create'),(51,3,NULL,'cataloge','edit'),(52,3,NULL,'cataloge','update'),(53,3,NULL,'experiment','list'),(54,3,NULL,'experiment','show'),(55,3,NULL,'experiment','new'),(56,3,NULL,'experiment','create'),(57,3,NULL,'experiment','edit'),(58,3,NULL,'experiment','update'),(59,3,NULL,'request','list'),(60,3,NULL,'request','show'),(61,3,NULL,'request','new'),(62,3,NULL,'request','create'),(63,3,NULL,'request','edit'),(64,3,NULL,'request','update'),(65,3,NULL,'users','list'),(66,3,NULL,'users','show'),(67,3,NULL,'users','new'),(68,3,NULL,'users','create'),(69,3,NULL,'users','edit'),(70,3,NULL,'users','update'),(71,3,NULL,'home','index'),(72,3,NULL,'home','show'),(73,3,NULL,'home','projects'),(74,3,NULL,'home','calendar'),(75,3,NULL,'home','timeline'),(76,3,NULL,'home','blog'),(77,3,NULL,'report','list'),(78,3,NULL,'report','show'),(79,3,NULL,'report','new'),(80,3,NULL,'report','create'),(81,3,NULL,'report','edit'),(82,3,NULL,'report','update'),(83,3,NULL,'inventory','list'),(84,3,NULL,'inventory','show'),(85,3,NULL,'inventory','new'),(86,3,NULL,'inventory','create'),(87,3,NULL,'inventory','edit'),(88,3,NULL,'inventory','update'),(89,2,NULL,'user','list'),(90,2,NULL,'user','show'),(91,2,NULL,'protocol','list'),(92,2,NULL,'protocol','show'),(93,2,NULL,'study','list'),(94,2,NULL,'study','show'),(97,2,NULL,'project','list'),(98,2,NULL,'project','show'),(99,2,NULL,'system','list'),(100,2,NULL,'system','show'),(101,2,NULL,'cataloge','list'),(102,2,NULL,'cataloge','show'),(103,2,NULL,'experiment','list'),(104,2,NULL,'experiment','show'),(105,2,NULL,'experiment','new'),(106,2,NULL,'experiment','create'),(107,2,NULL,'experiment','update'),(108,2,NULL,'request','list'),(109,2,NULL,'request','show'),(110,2,NULL,'request','new'),(111,2,NULL,'request','create'),(112,2,NULL,'request','edit'),(113,2,NULL,'request','update'),(116,2,NULL,'report','list'),(117,2,NULL,'report','show'),(118,2,NULL,'report','new'),(119,2,NULL,'report','create'),(120,2,NULL,'report','edit'),(121,2,NULL,'report','update'),(130,5,NULL,'project_queues','list'),(131,5,NULL,'project_queues','show'),(132,5,NULL,'project_studies','list'),(133,5,NULL,'project_studies','show'),(134,5,NULL,'project','list'),(135,5,NULL,'project','show'),(136,5,NULL,'project_experiments','list'),(137,5,NULL,'project_experiments','show'),(138,5,NULL,'project_requests','list'),(139,5,NULL,'project_requests','show'),(140,5,NULL,'project_studies','*'),(141,5,NULL,'project_queues','*'),(142,5,NULL,'project','*'),(143,5,NULL,'project_experiments','*'),(144,5,NULL,'project_requests','*'),(145,6,NULL,'user','*'),(148,6,NULL,'home','*'),(149,6,NULL,'report','*'),(150,6,NULL,'inventory','*'),(151,6,NULL,'catalogue','list'),(152,6,NULL,'catalogue','show'),(153,6,NULL,'users','list'),(154,6,NULL,'users','show'),(155,3,NULL,'catalogue','*'),(156,3,NULL,'users','*'),(157,3,NULL,'report','*'),(158,3,NULL,'home','*'),(159,3,NULL,'inventory','*'),(160,5,NULL,'studies','*'),(161,5,NULL,'experiments','*'),(162,5,NULL,'study_parameters','*'),(163,5,NULL,'study_queues','*'),(164,5,NULL,'queue_items','*'),(165,5,NULL,'tasks','*'),(166,5,NULL,'requests','*'),(167,5,NULL,'study_protocols','*'),(168,2,NULL,'experiments','*'),(169,2,NULL,'studies','list'),(170,2,NULL,'project','*'),(171,2,NULL,'study_parameters','list'),(172,2,NULL,'study_queues','list'),(173,2,NULL,'tasks','*'),(174,2,NULL,'queue_items','list'),(175,2,NULL,'requests','list'),(176,2,NULL,'study_protocols','list'),(177,2,NULL,'project_requests','list'),(178,2,NULL,'queue_items','*'),(179,2,NULL,'requests','*'),(180,2,NULL,'project_requests','*'),(181,2,NULL,'studies','show'),(182,2,NULL,'study_parameters','show'),(183,2,NULL,'study_queues','show'),(184,2,NULL,'study_protocols','show'),(185,1,NULL,'experiments','list'),(186,1,NULL,'experiments','show'),(187,1,NULL,'studies','list'),(188,1,NULL,'studies','show'),(189,1,NULL,'project','list'),(190,1,NULL,'project','show'),(191,1,NULL,'study_parameters','list'),(192,1,NULL,'study_parameters','show'),(193,1,NULL,'study_queues','list'),(194,1,NULL,'study_queues','show'),(195,1,NULL,'tasks','list'),(196,1,NULL,'tasks','show'),(197,1,NULL,'queue_items','list'),(198,1,NULL,'queue_items','show'),(199,1,NULL,'requests','list'),(200,1,NULL,'requests','show'),(201,1,NULL,'study_protocols','list'),(202,1,NULL,'study_protocols','show'),(203,1,NULL,'project_requests','list'),(204,1,NULL,'project_requests','show'),(205,3,NULL,'dba','*'),(206,3,NULL,'reports','*'),(207,7,NULL,'catalogue','list'),(208,7,NULL,'catalogue','show'),(209,7,NULL,'users','list'),(210,7,NULL,'users','show'),(211,7,NULL,'home','*'),(212,7,NULL,'reports','list'),(213,7,NULL,'reports','show'),(214,7,NULL,'reports','new'),(215,7,NULL,'reports','create'),(216,7,NULL,'reports','edit'),(217,7,NULL,'reports','update'),(218,7,NULL,'inventory','*');
/*!40000 ALTER TABLE `role_permissions` ENABLE KEYS */;

--
-- Table structure for table `roles`
--

DROP TABLE IF EXISTS `roles`;
CREATE TABLE `roles` (
  `id` int(11) NOT NULL auto_increment,
  `name` varchar(255) NOT NULL,
  `parent_id` int(11) default NULL,
  `description` varchar(1024) NOT NULL,
  `default_page_id` int(11) default NULL,
  `cache` longtext,
  `created_at` timestamp NOT NULL default CURRENT_TIMESTAMP,
  `updated_at` timestamp NOT NULL default '0000-00-00 00:00:00',
  `created_by_user_id` int(11) NOT NULL default '1',
  `updated_by_user_id` int(11) NOT NULL default '1',
  `type` varchar(255) default NULL,
  PRIMARY KEY  (`id`),
  KEY `fk_role_parent_id` (`parent_id`),
  KEY `fk_role_default_page_id` (`default_page_id`)
) ENGINE=InnoDB DEFAULT CHARSET=latin1;

--
-- Dumping data for table `roles`
--


/*!40000 ALTER TABLE `roles` DISABLE KEYS */;
INSERT INTO `roles` VALUES (1,'Public',NULL,'Members of the public who are not logged in.',NULL,'--- \nstudies: \n  list: true\n  show: true\nexperiments: \n  list: true\n  show: true\nmemberships: {}\n\nauth: {}\n\nhelp: {}\n\ncatalogue: {}\n\ndba: {}\n\nproject: \n  list: true\n  show: true\nstudy_parameters: \n  list: true\n  show: true\n~: \n  ~: true\naudit: {}\n\nstudy_queues: \n  list: true\n  show: true\nqueue_items: \n  list: true\n  show: true\ntasks: \n  list: true\n  show: true\nbiorails: {}\n\npage: {}\n\nrequests: \n  list: true\n  show: true\nusers: {}\n\nreports: {}\n\nstudy_protocols: \n  list: true\n  show: true\nhome: {}\n\ncharts: {}\n\nfinder: {}\n\nproject_requests: \n  list: true\n  show: true\ninventory: {}\n\n','2006-06-23 11:03:49','2007-06-11 11:46:18',1,3,'ProjectRole'),(2,'Member',1,'Project Member',NULL,'--- \nstudies: \n  list: true\n  show: true\nmemberships: {}\n\nexperiments: \n  \"*\": true\nuser: \n  list: true\n  show: true\nauth: {}\n\nhelp: {}\n\ncatalogue: {}\n\nprotocol: \n  list: true\n  show: true\nstudy: \n  list: true\n  show: true\ndba: {}\n\nproject: \n  list: true\n  show: true\n  \"*\": true\nstudy_parameters: \n  list: true\n  show: true\n~: \n  ~: true\nsystem: \n  list: true\n  show: true\naudit: {}\n\ncataloge: \n  list: true\n  show: true\nstudy_queues: \n  list: true\n  show: true\nbiorails: {}\n\ntasks: \n  \"*\": true\nqueue_items: \n  list: true\n  \"*\": true\nexperiment: \n  new: true\n  list: true\n  create: true\n  show: true\n  update: true\npage: {}\n\nrequests: \n  list: true\n  \"*\": true\nusers: {}\n\nrequest: \n  new: true\n  list: true\n  edit: true\n  create: true\n  show: true\n  update: true\nstudy_protocols: \n  list: true\n  show: true\nhome: {}\n\nreports: {}\n\nreport: \n  new: true\n  list: true\n  edit: true\n  create: true\n  show: true\n  update: true\ncharts: {}\n\nfinder: {}\n\nproject_requests: \n  list: true\n  \"*\": true\ninventory: {}\n\n','2006-06-23 11:03:50','2007-06-11 11:44:25',1,3,'ProjectRole'),(3,'Administrator',2,'Systems Catalogue Administrator',NULL,'--- \nstudies: {}\n\nexperiments: {}\n\nmemberships: {}\n\nuser: \n  new: true\n  list: true\n  edit: true\n  create: true\n  show: true\n  update: true\nauth: {}\n\nhelp: {}\n\ncatalogue: \n  new: true\n  list: true\n  edit: true\n  create: true\n  show: true\n  update: true\n  \"*\": true\nprotocol: \n  new: true\n  list: true\n  edit: true\n  create: true\n  show: true\n  update: true\nstudy: \n  new: true\n  list: true\n  edit: true\n  create: true\n  show: true\n  update: true\ndba: \n  \"*\": true\nproject: {}\n\nstudy_parameters: {}\n\n~: \n  ~: true\nsystem: \n  new: true\n  list: true\n  edit: true\n  create: true\n  show: true\n  update: true\naudit: {}\n\ncataloge: \n  new: true\n  list: true\n  edit: true\n  create: true\n  show: true\n  update: true\nstudy_queues: {}\n\nqueue_items: {}\n\ntasks: {}\n\nbiorails: {}\n\nexperiment: \n  new: true\n  list: true\n  edit: true\n  create: true\n  show: true\n  update: true\npage: {}\n\nrequests: {}\n\nusers: \n  new: true\n  list: true\n  edit: true\n  create: true\n  show: true\n  update: true\n  \"*\": true\nrequest: \n  new: true\n  list: true\n  edit: true\n  create: true\n  show: true\n  update: true\nreports: \n  \"*\": true\nstudy_protocols: {}\n\nhome: \n  calendar: true\n  blog: true\n  projects: true\n  timeline: true\n  show: true\n  index: true\n  \"*\": true\nreport: \n  new: true\n  list: true\n  edit: true\n  create: true\n  show: true\n  update: true\n  \"*\": true\nfinder: {}\n\ncharts: {}\n\nproject_requests: {}\n\ninventory: \n  new: true\n  list: true\n  edit: true\n  create: true\n  show: true\n  update: true\n  \"*\": true\n','2006-06-23 11:03:48','2007-06-11 11:47:32',1,3,'UserRole'),(5,'Owner',NULL,'Project owner with full rights',NULL,'--- \nmemberships: {}\n\nstudies: \n  \"*\": true\nexperiments: \n  \"*\": true\nauth: {}\n\nhelp: {}\n\nproject_queues: \n  list: true\n  show: true\n  \"*\": true\nproject_studies: \n  list: true\n  show: true\n  \"*\": true\ncatalogue: {}\n\ndba: {}\n\nproject: \n  list: true\n  show: true\n  \"*\": true\nstudy_parameters: \n  \"*\": true\naudit: {}\n\nproject_experiments: \n  list: true\n  show: true\n  \"*\": true\nstudy_queues: \n  \"*\": true\nqueue_items: \n  \"*\": true\ntasks: \n  \"*\": true\nbiorails: {}\n\npage: {}\n\nrequests: \n  \"*\": true\nusers: {}\n\nreports: {}\n\nstudy_protocols: \n  \"*\": true\nhome: {}\n\ncharts: {}\n\nfinder: {}\n\nproject_requests: \n  list: true\n  show: true\n  \"*\": true\ninventory: {}\n\n','2007-06-11 11:05:52','2007-06-11 11:41:08',3,3,'ProjectRole'),(6,'manager',NULL,'General Power user role with delete rights',NULL,'--- \nmemberships: {}\n\nuser: \n  \"*\": true\nproject_queues: {}\n\nauth: {}\n\nhelp: {}\n\nproject_studies: {}\n\ncatalogue: \n  list: true\n  show: true\ndba: {}\n\nproject: {}\n\naudit: {}\n\nproject_experiments: {}\n\nbiorails: {}\n\npage: {}\n\nusers: \n  list: true\n  show: true\nreport: \n  \"*\": true\nhome: \n  \"*\": true\nfinder: {}\n\ncharts: {}\n\nproject_requests: {}\n\ninventory: \n  \"*\": true\n','2007-06-11 11:06:50','2007-06-11 11:27:59',3,3,'UserRole'),(7,'User',NULL,'Standard User ',NULL,'--- \nstudies: {}\n\nmemberships: {}\n\nexperiments: {}\n\nauth: {}\n\nhelp: {}\n\ncatalogue: \n  list: true\n  show: true\ndba: {}\n\nproject: {}\n\nstudy_parameters: {}\n\naudit: {}\n\nstudy_queues: {}\n\nbiorails: {}\n\ntasks: {}\n\nqueue_items: {}\n\npage: {}\n\nrequests: {}\n\nusers: \n  list: true\n  show: true\nstudy_protocols: {}\n\nreports: \n  new: true\n  list: true\n  edit: true\n  create: true\n  show: true\n  update: true\nhome: \n  \"*\": true\nfinder: {}\n\ncharts: {}\n\nproject_requests: {}\n\ninventory: \n  \"*\": true\n','2007-06-11 11:48:05','2007-06-11 11:48:39',3,3,'UserRole');
/*!40000 ALTER TABLE `roles` ENABLE KEYS */;

--
-- Table structure for table `samples`
--

DROP TABLE IF EXISTS `samples`;
CREATE TABLE `samples` (
  `id` int(11) NOT NULL auto_increment,
  PRIMARY KEY  (`id`)
) ENGINE=InnoDB DEFAULT CHARSET=latin1;

--
-- Dumping data for table `samples`
--


/*!40000 ALTER TABLE `samples` DISABLE KEYS */;
/*!40000 ALTER TABLE `samples` ENABLE KEYS */;

--
-- Table structure for table `schema_info`
--

DROP TABLE IF EXISTS `schema_info`;
CREATE TABLE `schema_info` (
  `version` int(11) default NULL
) ENGINE=InnoDB DEFAULT CHARSET=latin1;

--
-- Dumping data for table `schema_info`
--


/*!40000 ALTER TABLE `schema_info` DISABLE KEYS */;
INSERT INTO `schema_info` VALUES (277);
/*!40000 ALTER TABLE `schema_info` ENABLE KEYS */;

--
-- Table structure for table `sessions`
--

DROP TABLE IF EXISTS `sessions`;
CREATE TABLE `sessions` (
  `id` int(11) NOT NULL auto_increment,
  `session_id` varchar(255) NOT NULL,
  `data` longtext,
  `created_at` timestamp NOT NULL default CURRENT_TIMESTAMP,
  `updated_at` timestamp NOT NULL default '0000-00-00 00:00:00',
  PRIMARY KEY  (`id`)
) ENGINE=InnoDB DEFAULT CHARSET=latin1;

--
-- Dumping data for table `sessions`
--


/*!40000 ALTER TABLE `sessions` DISABLE KEYS */;
INSERT INTO `sessions` VALUES (1,'293d9d80c075b223369ecfc16638e3d7','BAh7DDoTY3VycmVudF9wYXJhbXNDOh5IYXNoV2l0aEluZGlmZmVyZW50QWNj\nZXNzewkiC2Zvcm1hdCIIaWNzIgthY3Rpb24iDWNhbGVuZGFyIgdpZCIGNCIP\nY29udHJvbGxlciIVcHJvamVjdC9wcm9qZWN0cyIPUHJvamVjdF9pZGkJIhZQ\ncm9qZWN0RWxlbWVudF9pZGkCqQE6FGN1cnJlbnRfdXNlcl9pZGkIOhVjdXJy\nZW50X3VzZXJuYW1lIgtyc2hlbGw6F2N1cnJlbnRfcHJvamVjdF9pZGkJIgpm\nbGFzaElDOidBY3Rpb25Db250cm9sbGVyOjpGbGFzaDo6Rmxhc2hIYXNoewAG\nOgpAdXNlZHsA\n','2007-06-06 10:20:20','2007-06-06 12:03:00'),(2,'6fe2fc01927bd15ee4e2725e91f77179','BAh7DiIPUHJvamVjdF9pZGkSOhdjdXJyZW50X3Byb2plY3RfaWRpEjoTY3Vy\ncmVudF9wYXJhbXNDOh5IYXNoV2l0aEluZGlmZmVyZW50QWNjZXNzewgiC2Fj\ndGlvbiIJc2hvdyIHaWQiBjMiD2NvbnRyb2xsZXIiFGFkbWluL2NhdGFsb2d1\nZToVY3VycmVudF91c2VybmFtZSILcnNoZWxsIgxVc2VyX2lkaQk6FmN1cnJl\nbnRfZm9sZGVyX2lkaQ06FGN1cnJlbnRfdXNlcl9pZGkIIgpmbGFzaElDOidB\nY3Rpb25Db250cm9sbGVyOjpGbGFzaDo6Rmxhc2hIYXNoewAGOgpAdXNlZHsA\nIg1TdHVkeV9pZGkH\n','2007-06-06 13:28:57','2007-06-06 21:44:25'),(3,'60d9a3a0d4e13bb331841a65b523275d','BAh7ESIPUHJvamVjdF9pZGkSOhdjdXJyZW50X3Byb2plY3RfaWRpEiIMVGFz\na19pZGkGOgx0YXNrX2lkaQY6E2N1cnJlbnRfcGFyYW1zQzoeSGFzaFdpdGhJ\nbmRpZmZlcmVudEFjY2Vzc3sIIgthY3Rpb24iCnNoZWV0IgdpZCIGMSIPY29u\ndHJvbGxlciISZXhlY3V0ZS90YXNrcyISRXhwZXJpbWVudF9pZGkGIhJTdHVk\neVF1ZXVlX2lkaQY6FmN1cnJlbnRfZm9sZGVyX2lkaQ86FWN1cnJlbnRfdXNl\ncm5hbWUiC3JzaGVsbDoUY3VycmVudF91c2VyX2lkaQgiCmZsYXNoSUM6J0Fj\ndGlvbkNvbnRyb2xsZXI6OkZsYXNoOjpGbGFzaEhhc2h7AAY6CkB1c2VkewAi\nDVN0dWR5X2lkaQY=\n','2007-06-07 08:41:25','2007-06-07 20:57:16'),(4,'14125a3d249feb6d3d6750cce6d11030','BAh7DDoXY3VycmVudF9wcm9qZWN0X2lkaRIiDFRhc2tfaWRpBjoTY3VycmVu\ndF9wYXJhbXNDOh5IYXNoV2l0aEluZGlmZmVyZW50QWNjZXNzewgiC2FjdGlv\nbiIKc2hlZXQiB2lkIgYxIg9jb250cm9sbGVyIhJleGVjdXRlL3Rhc2tzIhJF\neHBlcmltZW50X2lkaQY6FWN1cnJlbnRfdXNlcm5hbWUiC3JzaGVsbCIKZmxh\nc2hJQzonQWN0aW9uQ29udHJvbGxlcjo6Rmxhc2g6OkZsYXNoSGFzaHsABjoK\nQHVzZWR7ADoUY3VycmVudF91c2VyX2lkaQg=\n','2007-06-07 20:59:40','2007-06-07 22:00:48'),(5,'5d94c07935641782cc67013941eddeb0','BAh7CzoXY3VycmVudF9wcm9qZWN0X2lkaRIiDFRhc2tfaWRpBjoTY3VycmVu\ndF9wYXJhbXNDOh5IYXNoV2l0aEluZGlmZmVyZW50QWNjZXNzewoiC2FjdGlv\nbiIQY2VsbF9jaGFuZ2UiB2lkIgYxIgp2YWx1ZSIHNDAiD2NvbnRyb2xsZXIi\nEmV4ZWN1dGUvdGFza3MiDGVsZW1lbnQiD2l0ZW1fMV81XzE6FWN1cnJlbnRf\ndXNlcm5hbWUiC3JzaGVsbDoUY3VycmVudF91c2VyX2lkaQgiCmZsYXNoSUM6\nJ0FjdGlvbkNvbnRyb2xsZXI6OkZsYXNoOjpGbGFzaEhhc2h7AAY6CkB1c2Vk\newA=\n','2007-06-08 08:45:00','2007-06-08 08:56:43'),(6,'e4c11b2e144f7cd36cd65505a16ab2f4','BAh7CzoXY3VycmVudF9wcm9qZWN0X2lkaRIiDFRhc2tfaWRpBjoTY3VycmVu\ndF9wYXJhbXNDOh5IYXNoV2l0aEluZGlmZmVyZW50QWNjZXNzewoiC2FjdGlv\nbiIQY2VsbF9jaGFuZ2UiB2lkIgYxIgp2YWx1ZSIMQUIwMDEwMyIPY29udHJv\nbGxlciISZXhlY3V0ZS90YXNrcyIMZWxlbWVudCIPaXRlbV8xXzBfMDoVY3Vy\ncmVudF91c2VybmFtZSILcnNoZWxsOhRjdXJyZW50X3VzZXJfaWRpCCIKZmxh\nc2hJQzonQWN0aW9uQ29udHJvbGxlcjo6Rmxhc2g6OkZsYXNoSGFzaHsABjoK\nQHVzZWR7AA==\n','2007-06-08 08:58:26','2007-06-08 09:00:07'),(7,'12255bcf47c319ae79043c5a58e796e6','BAh7DToXY3VycmVudF9wcm9qZWN0X2lkaRIiDFRhc2tfaWRpBjoTY3VycmVu\ndF9wYXJhbXNDOh5IYXNoV2l0aEluZGlmZmVyZW50QWNjZXNzewgiC2FjdGlv\nbiIJc2hvdyIHaWQiBjIiD2NvbnRyb2xsZXIiFW9yZ2FuaXplL3N0dWRpZXMi\nEkV4cGVyaW1lbnRfaWRpBjoVY3VycmVudF91c2VybmFtZSILcnNoZWxsIgpm\nbGFzaElDOidBY3Rpb25Db250cm9sbGVyOjpGbGFzaDo6Rmxhc2hIYXNoewAG\nOgpAdXNlZHsAOhRjdXJyZW50X3VzZXJfaWRpCCINU3R1ZHlfaWRpBw==\n','2007-06-08 09:00:51','2007-06-08 09:10:24'),(8,'26cd2e68ca90cb94b4c72e0380a9b1b0','BAh7CjoXY3VycmVudF9wcm9qZWN0X2lkMDoTY3VycmVudF9wYXJhbXMwOhVj\ndXJyZW50X3VzZXJuYW1lIglub25lOhRjdXJyZW50X3VzZXJfaWQwIgpmbGFz\naElDOidBY3Rpb25Db250cm9sbGVyOjpGbGFzaDo6Rmxhc2hIYXNoewY6CmVy\ncm9yMAY6CkB1c2VkewY7ClQ=\n','2007-06-08 09:05:03','2007-06-08 09:05:05'),(9,'3ccf9603023203fe8ad85b2d73fd78fc','BAh7CzoXY3VycmVudF9wcm9qZWN0X2lkaRIiDFRhc2tfaWRpBjoTY3VycmVu\ndF9wYXJhbXNDOh5IYXNoV2l0aEluZGlmZmVyZW50QWNjZXNzewoiC2FjdGlv\nbiIQY2VsbF9jaGFuZ2UiB2lkIgYxIgp2YWx1ZSIIWFhYIg9jb250cm9sbGVy\nIhJleGVjdXRlL3Rhc2tzIgxlbGVtZW50IhBpdGVtXzFfMThfMDoVY3VycmVu\ndF91c2VybmFtZSILcnNoZWxsIgpmbGFzaElDOidBY3Rpb25Db250cm9sbGVy\nOjpGbGFzaDo6Rmxhc2hIYXNoewAGOgpAdXNlZHsAOhRjdXJyZW50X3VzZXJf\naWRpCA==\n','2007-06-08 09:13:18','2007-06-08 09:26:09'),(10,'ae936edd29a6e7d8f071a81964845a2d','BAh7FDoXY3VycmVudF9wcm9qZWN0X2lkaRIiD1JlcXVlc3RfaWRpBiIVUHJv\namVjdEZvbGRlcl9pZGkTIg9Qcm9qZWN0X2lkaRIiFlByb2plY3RFbGVtZW50\nX2lkaRQiDFRhc2tfaWRpCDoTY3VycmVudF9wYXJhbXNDOh5IYXNoV2l0aElu\nZGlmZmVyZW50QWNjZXNzewgiC2FjdGlvbiIJc2hvdyIHaWQiBzEzIg9jb250\ncm9sbGVyIhVwcm9qZWN0L3Byb2plY3RzOhZjdXJyZW50X2ZvbGRlcl9pZGkb\nIhJTdHVkeVF1ZXVlX2lkaQciEkV4cGVyaW1lbnRfaWRpBjoUY3VycmVudF91\nc2VyX2lkaQg6FWN1cnJlbnRfdXNlcm5hbWUiC3JzaGVsbCIKZmxhc2hJQzon\nQWN0aW9uQ29udHJvbGxlcjo6Rmxhc2g6OkZsYXNoSGFzaHsABjoKQHVzZWR7\nADoMdGFza19pZGkIIg1TdHVkeV9pZGkJ\n','2007-06-08 09:31:19','2007-06-08 21:09:54'),(11,'efc13d97177c27fd7344855a0bccd198','BAh7CjoXY3VycmVudF9wcm9qZWN0X2lkaRI6E2N1cnJlbnRfcGFyYW1zQzoe\nSGFzaFdpdGhJbmRpZmZlcmVudEFjY2Vzc3sJIhBwcmlvcml0eV9pZCIGMCIL\nYWN0aW9uIhN1cGRhdGVfc2VydmljZSIHaWQiBjIiD2NvbnRyb2xsZXIiHWV4\nZWN1dGUvcmVxdWVzdF9zZXJ2aWNlcyIKZmxhc2hJQzonQWN0aW9uQ29udHJv\nbGxlcjo6Rmxhc2g6OkZsYXNoSGFzaHsABjoKQHVzZWR7ADoUY3VycmVudF91\nc2VyX2lkaQg6FWN1cnJlbnRfdXNlcm5hbWUiC3JzaGVsbA==\n','2007-06-09 07:26:02','2007-06-09 07:31:39'),(12,'609a4637f37746b7e2e3dcedd5ebfdd5','BAh7CzoUY3VycmVudF91c2VyX2lkaQgiD1Byb2plY3RfaWRpBjoXY3VycmVu\ndF9wcm9qZWN0X2lkaRI6E2N1cnJlbnRfcGFyYW1zQzoeSGFzaFdpdGhJbmRp\nZmZlcmVudEFjY2Vzc3sHIgthY3Rpb24iCG5ldyIPY29udHJvbGxlciIQYWRt\naW4vdXNlcnM6FWN1cnJlbnRfdXNlcm5hbWUiC3JzaGVsbCIKZmxhc2hJQzon\nQWN0aW9uQ29udHJvbGxlcjo6Rmxhc2g6OkZsYXNoSGFzaHsABjoKQHVzZWR7\nAA==\n','2007-06-11 10:28:15','2007-06-11 12:33:43');
/*!40000 ALTER TABLE `sessions` ENABLE KEYS */;

--
-- Table structure for table `specimens`
--

DROP TABLE IF EXISTS `specimens`;
CREATE TABLE `specimens` (
  `id` int(11) NOT NULL auto_increment,
  `name` varchar(128) NOT NULL default '',
  `description` text,
  `weight` float default NULL,
  `sex` varchar(255) default NULL,
  `birth` datetime default NULL,
  `age` datetime default NULL,
  `taxon_domain` varchar(255) default NULL,
  `taxon_kingdom` varchar(255) default NULL,
  `taxon_phylum` varchar(255) default NULL,
  `taxon_class` varchar(255) default NULL,
  `taxon_family` varchar(255) default NULL,
  `taxon_order` varchar(255) default NULL,
  `taxon_genus` varchar(255) default NULL,
  `taxon_species` varchar(255) default NULL,
  `taxon_subspecies` varchar(255) default NULL,
  `lock_version` int(11) NOT NULL default '0',
  `created_at` datetime NOT NULL,
  `updated_at` datetime NOT NULL,
  `updated_by_user_id` int(11) NOT NULL default '1',
  `created_by_user_id` int(11) NOT NULL default '1',
  PRIMARY KEY  (`id`)
) ENGINE=InnoDB DEFAULT CHARSET=latin1;

--
-- Dumping data for table `specimens`
--


/*!40000 ALTER TABLE `specimens` DISABLE KEYS */;
INSERT INTO `specimens` VALUES (1,'Mooose','Large mammal',NULL,'','2006-12-18 22:44:52','2006-12-18 22:44:52','','','','','','','','','',0,'2006-12-18 22:46:00','2006-12-18 22:46:00',1,1);
/*!40000 ALTER TABLE `specimens` ENABLE KEYS */;

--
-- Table structure for table `studies`
--

DROP TABLE IF EXISTS `studies`;
CREATE TABLE `studies` (
  `id` int(11) NOT NULL auto_increment,
  `name` varchar(128) NOT NULL default '',
  `description` text,
  `category_id` int(11) default NULL,
  `research_area` varchar(255) default NULL,
  `purpose` varchar(255) default NULL,
  `lock_version` int(11) NOT NULL default '0',
  `created_at` datetime NOT NULL,
  `updated_at` datetime NOT NULL,
  `project_id` int(11) NOT NULL,
  `updated_by_user_id` int(11) NOT NULL default '1',
  `created_by_user_id` int(11) NOT NULL default '1',
  `started_at` datetime default NULL,
  `ended_at` datetime default NULL,
  `expected_at` datetime default NULL,
  `status_id` int(11) NOT NULL default '0',
  PRIMARY KEY  (`id`),
  KEY `studies_name_index` (`name`),
  KEY `studies_updated_at_index` (`updated_at`)
) ENGINE=InnoDB DEFAULT CHARSET=latin1;

--
-- Dumping data for table `studies`
--


/*!40000 ALTER TABLE `studies` DISABLE KEYS */;
INSERT INTO `studies` VALUES (1,'Profiling','Demo Study',NULL,'','demo',3,'2007-06-06 18:18:49','2007-06-08 15:47:29',13,3,3,'2007-06-06 00:00:00',NULL,'2007-06-30 00:00:00',0),(2,'Demo2','Demo Study',NULL,'demo','demo',2,'2007-06-06 18:18:49','2007-06-06 22:07:50',13,3,3,'2007-06-06 00:00:00',NULL,'2007-06-30 00:00:00',0),(3,'Screening','Demo Study',NULL,'demo','demo',3,'2007-06-06 18:18:49','2007-06-08 15:46:38',13,3,3,'2007-06-06 00:00:00',NULL,'2007-06-30 00:00:00',0),(4,'Clinical','The world of complex results contexts ',NULL,'42','',1,'2007-06-08 21:17:02','2007-06-08 21:17:02',13,3,3,'2007-06-08 00:00:00',NULL,'2007-06-22 00:00:00',0);
/*!40000 ALTER TABLE `studies` ENABLE KEYS */;

--
-- Table structure for table `study_logs`
--

DROP TABLE IF EXISTS `study_logs`;
CREATE TABLE `study_logs` (
  `id` int(11) NOT NULL auto_increment,
  `study_id` int(11) default NULL,
  `user_id` int(11) default NULL,
  `auditable_id` int(11) default NULL,
  `auditable_type` varchar(255) default NULL,
  `action` varchar(255) default NULL,
  `name` varchar(255) default NULL,
  `comment` varchar(255) default NULL,
  `changes` text,
  `created_by` varchar(255) default NULL,
  `created_at` datetime default NULL,
  PRIMARY KEY  (`id`),
  KEY `study_logs_study_id_index` (`study_id`),
  KEY `study_logs_user_id_index` (`user_id`),
  KEY `study_logs_auditable_type_index` (`auditable_type`,`auditable_id`),
  KEY `study_logs_created_at_index` (`created_at`)
) ENGINE=InnoDB DEFAULT CHARSET=latin1;

--
-- Dumping data for table `study_logs`
--


/*!40000 ALTER TABLE `study_logs` DISABLE KEYS */;
INSERT INTO `study_logs` VALUES (1,1,NULL,1,'Study','Create','Demo-Study',' Create study Demo-Study',NULL,NULL,'2007-06-06 18:18:49'),(2,1,NULL,1,'Study','Update','Demo-Study',' Update study Demo-Study',NULL,NULL,'2007-06-06 18:18:49'),(3,1,NULL,1,'StudyParameter','Create','Delta',' Create parameter Delta in study Demo-Study',NULL,NULL,'2007-06-06 18:20:07'),(4,1,NULL,1,'StudyParameter','Update','Delta',' Update parameter Delta in study Demo-Study',NULL,NULL,'2007-06-06 18:20:07'),(5,1,NULL,2,'StudyParameter','Create','Count',' Create parameter Count in study Demo-Study',NULL,NULL,'2007-06-06 18:20:57'),(6,1,NULL,2,'StudyParameter','Update','Count',' Update parameter Count in study Demo-Study',NULL,NULL,'2007-06-06 18:20:57'),(7,1,NULL,3,'StudyParameter','Create','CPM',' Create parameter CPM in study Demo-Study',NULL,NULL,'2007-06-06 18:22:16'),(8,1,NULL,3,'StudyParameter','Update','CPM',' Update parameter CPM in study Demo-Study',NULL,NULL,'2007-06-06 18:22:16'),(9,1,NULL,4,'StudyParameter','Create','Inhibition',' Create parameter Inhibition in study Demo-Study',NULL,NULL,'2007-06-06 18:23:23'),(10,1,NULL,4,'StudyParameter','Update','Inhibition',' Update parameter Inhibition in study Demo-Study',NULL,NULL,'2007-06-06 18:23:23'),(11,1,NULL,5,'StudyParameter','Create','URL',' Create parameter URL in study Demo-Study',NULL,NULL,'2007-06-06 20:08:36'),(12,1,NULL,5,'StudyParameter','Update','URL',' Update parameter URL in study Demo-Study',NULL,NULL,'2007-06-06 20:08:36'),(13,1,NULL,6,'StudyParameter','Create','Compound',' Create parameter Compound in study Demo-Study',NULL,NULL,'2007-06-06 20:09:15'),(14,1,NULL,6,'StudyParameter','Update','Compound',' Update parameter Compound in study Demo-Study',NULL,NULL,'2007-06-06 20:09:15'),(15,1,NULL,7,'StudyParameter','Create','Label',' Create parameter Label in study Demo-Study',NULL,NULL,'2007-06-06 20:09:51'),(16,1,NULL,7,'StudyParameter','Update','Label',' Update parameter Label in study Demo-Study',NULL,NULL,'2007-06-06 20:09:51'),(17,1,NULL,8,'StudyParameter','Create','FromTask',' Create parameter FromTask in study Demo-Study',NULL,NULL,'2007-06-06 20:11:13'),(18,1,NULL,8,'StudyParameter','Update','FromTask',' Update parameter FromTask in study Demo-Study',NULL,NULL,'2007-06-06 20:11:13'),(19,2,NULL,2,'Study','Create','Demo_Study',' Create study Demo_Study',NULL,NULL,'2007-06-06 22:07:48'),(20,2,NULL,9,'StudyParameter','Create','Count',' Create parameter Count in study Demo_Study',NULL,NULL,'2007-06-06 22:07:48'),(21,2,NULL,9,'StudyParameter','Update','Count',' Update parameter Count in study Demo_Study',NULL,NULL,'2007-06-06 22:07:48'),(22,2,NULL,10,'StudyParameter','Create','URL',' Create parameter URL in study Demo_Study',NULL,NULL,'2007-06-06 22:07:49'),(23,2,NULL,10,'StudyParameter','Update','URL',' Update parameter URL in study Demo_Study',NULL,NULL,'2007-06-06 22:07:49'),(24,2,NULL,11,'StudyParameter','Create','CPM',' Create parameter CPM in study Demo_Study',NULL,NULL,'2007-06-06 22:07:49'),(25,2,NULL,11,'StudyParameter','Update','CPM',' Update parameter CPM in study Demo_Study',NULL,NULL,'2007-06-06 22:07:49'),(26,2,NULL,12,'StudyParameter','Create','Inhibition',' Create parameter Inhibition in study Demo_Study',NULL,NULL,'2007-06-06 22:07:49'),(27,2,NULL,12,'StudyParameter','Update','Inhibition',' Update parameter Inhibition in study Demo_Study',NULL,NULL,'2007-06-06 22:07:49'),(28,2,NULL,13,'StudyParameter','Create','Label',' Create parameter Label in study Demo_Study',NULL,NULL,'2007-06-06 22:07:49'),(29,2,NULL,13,'StudyParameter','Update','Label',' Update parameter Label in study Demo_Study',NULL,NULL,'2007-06-06 22:07:49'),(30,2,NULL,14,'StudyParameter','Create','Compound',' Create parameter Compound in study Demo_Study',NULL,NULL,'2007-06-06 22:07:49'),(31,2,NULL,14,'StudyParameter','Update','Compound',' Update parameter Compound in study Demo_Study',NULL,NULL,'2007-06-06 22:07:49'),(32,2,NULL,15,'StudyParameter','Create','FromTask',' Create parameter FromTask in study Demo_Study',NULL,NULL,'2007-06-06 22:07:50'),(33,2,NULL,15,'StudyParameter','Update','FromTask',' Update parameter FromTask in study Demo_Study',NULL,NULL,'2007-06-06 22:07:50'),(34,2,NULL,16,'StudyParameter','Create','Delta',' Create parameter Delta in study Demo_Study',NULL,NULL,'2007-06-06 22:07:50'),(35,2,NULL,16,'StudyParameter','Update','Delta',' Update parameter Delta in study Demo_Study',NULL,NULL,'2007-06-06 22:07:50'),(36,2,NULL,2,'Study','Update','Demo_Study',' Update study Demo_Study',NULL,NULL,'2007-06-06 22:07:51'),(37,2,NULL,1,'StudyProtocol','Create','Prot-19',' Create protocol Prot-19 in study Demo_Study',NULL,NULL,'2007-06-06 22:14:07'),(38,2,NULL,1,'StudyProtocol','Update','Prot-19',' Update protocol Prot-19 in study Demo_Study',NULL,NULL,'2007-06-06 22:14:07'),(39,2,NULL,2,'StudyProtocol','Create','Prot-20',' Create protocol Prot-20 in study Demo_Study',NULL,NULL,'2007-06-06 22:17:23'),(40,2,NULL,2,'StudyProtocol','Update','Prot-20',' Update protocol Prot-20 in study Demo_Study',NULL,NULL,'2007-06-06 22:17:24'),(41,1,NULL,17,'StudyParameter','Create','IC50',' Create parameter IC50 in study Demo1',NULL,NULL,'2007-06-07 14:39:21'),(42,1,NULL,17,'StudyParameter','Update','IC50',' Update parameter IC50 in study Demo1',NULL,NULL,'2007-06-07 14:39:21'),(43,1,NULL,18,'StudyParameter','Create','Dose',' Create parameter Dose in study Demo1',NULL,NULL,'2007-06-07 14:40:10'),(44,1,NULL,18,'StudyParameter','Update','Dose',' Update parameter Dose in study Demo1',NULL,NULL,'2007-06-07 14:40:10'),(45,1,NULL,19,'StudyParameter','Create','Concentration',' Create parameter Concentration in study Demo1',NULL,NULL,'2007-06-07 14:40:44'),(46,1,NULL,19,'StudyParameter','Update','Concentration',' Update parameter Concentration in study Demo1',NULL,NULL,'2007-06-07 14:40:44'),(47,1,NULL,20,'StudyParameter','Create','Enzyme',' Create parameter Enzyme in study Demo1',NULL,NULL,'2007-06-07 14:41:35'),(48,1,NULL,20,'StudyParameter','Update','Enzyme',' Update parameter Enzyme in study Demo1',NULL,NULL,'2007-06-07 14:41:35'),(49,1,NULL,21,'StudyParameter','Create','organism',' Create parameter organism in study Demo1',NULL,NULL,'2007-06-07 14:42:12'),(50,1,NULL,21,'StudyParameter','Update','organism',' Update parameter organism in study Demo1',NULL,NULL,'2007-06-07 14:42:12'),(51,1,NULL,22,'StudyParameter','Create','Identifier',' Create parameter Identifier in study Demo1',NULL,NULL,'2007-06-07 15:04:19'),(52,1,NULL,22,'StudyParameter','Update','Identifier',' Update parameter Identifier in study Demo1',NULL,NULL,'2007-06-07 15:04:19'),(53,1,NULL,3,'StudyProtocol','Create','Prot-21',' Create protocol Prot-21 in study Demo1',NULL,NULL,'2007-06-07 15:10:30'),(54,1,NULL,3,'StudyProtocol','Update','Prot-21',' Update protocol Prot-21 in study Demo1',NULL,NULL,'2007-06-07 15:10:30'),(55,1,NULL,1,'Experiment','Create','rjs-296',' Create experiment rjs-296 in study Demo1',NULL,NULL,'2007-06-07 15:16:25'),(56,1,NULL,4,'StudyParameter','Update','Inhibition',' Update parameter Inhibition in study Demo1',NULL,NULL,'2007-06-08 10:46:09'),(57,1,NULL,23,'StudyParameter','Create','Fitdata',' Create parameter Fitdata in study Demo1',NULL,NULL,'2007-06-08 10:48:19'),(58,1,NULL,23,'StudyParameter','Update','Fitdata',' Update parameter Fitdata in study Demo1',NULL,NULL,'2007-06-08 10:48:19'),(59,1,NULL,24,'StudyParameter','Create','Temperature',' Create parameter Temperature in study Demo1',NULL,NULL,'2007-06-08 10:53:07'),(60,1,NULL,24,'StudyParameter','Update','Temperature',' Update parameter Temperature in study Demo1',NULL,NULL,'2007-06-08 10:53:07'),(61,1,NULL,25,'StudyParameter','Create','Date',' Create parameter Date in study Demo1',NULL,NULL,'2007-06-08 10:53:53'),(62,1,NULL,25,'StudyParameter','Update','Date',' Update parameter Date in study Demo1',NULL,NULL,'2007-06-08 10:53:53'),(63,1,NULL,3,'StudyProtocol','Update','Prot-21',' Update protocol Prot-21 in study Demo1',NULL,NULL,'2007-06-08 10:57:19'),(64,1,NULL,3,'StudyProtocol','Update','Prot-21',' Update protocol Prot-21 in study Demo1',NULL,NULL,'2007-06-08 11:00:51'),(65,3,NULL,3,'Study','Create','Screening',' Create study Screening',NULL,NULL,'2007-06-08 15:46:30'),(66,3,NULL,26,'StudyParameter','Create','Count',' Create parameter Count in study Screening',NULL,NULL,'2007-06-08 15:46:31'),(67,3,NULL,26,'StudyParameter','Update','Count',' Update parameter Count in study Screening',NULL,NULL,'2007-06-08 15:46:31'),(68,3,NULL,27,'StudyParameter','Create','URL',' Create parameter URL in study Screening',NULL,NULL,'2007-06-08 15:46:31'),(69,3,NULL,27,'StudyParameter','Update','URL',' Update parameter URL in study Screening',NULL,NULL,'2007-06-08 15:46:31'),(70,3,NULL,28,'StudyParameter','Create','CPM',' Create parameter CPM in study Screening',NULL,NULL,'2007-06-08 15:46:31'),(71,3,NULL,28,'StudyParameter','Update','CPM',' Update parameter CPM in study Screening',NULL,NULL,'2007-06-08 15:46:31'),(72,3,NULL,29,'StudyParameter','Create','Inhibition',' Create parameter Inhibition in study Screening',NULL,NULL,'2007-06-08 15:46:31'),(73,3,NULL,29,'StudyParameter','Update','Inhibition',' Update parameter Inhibition in study Screening',NULL,NULL,'2007-06-08 15:46:31'),(74,3,NULL,30,'StudyParameter','Create','Label',' Create parameter Label in study Screening',NULL,NULL,'2007-06-08 15:46:31'),(75,3,NULL,30,'StudyParameter','Update','Label',' Update parameter Label in study Screening',NULL,NULL,'2007-06-08 15:46:32'),(76,3,NULL,31,'StudyParameter','Create','Compound',' Create parameter Compound in study Screening',NULL,NULL,'2007-06-08 15:46:32'),(77,3,NULL,31,'StudyParameter','Update','Compound',' Update parameter Compound in study Screening',NULL,NULL,'2007-06-08 15:46:32'),(78,3,NULL,32,'StudyParameter','Create','FromTask',' Create parameter FromTask in study Screening',NULL,NULL,'2007-06-08 15:46:32'),(79,3,NULL,32,'StudyParameter','Update','FromTask',' Update parameter FromTask in study Screening',NULL,NULL,'2007-06-08 15:46:32'),(80,3,NULL,33,'StudyParameter','Create','Delta',' Create parameter Delta in study Screening',NULL,NULL,'2007-06-08 15:46:32'),(81,3,NULL,33,'StudyParameter','Update','Delta',' Update parameter Delta in study Screening',NULL,NULL,'2007-06-08 15:46:32'),(82,3,NULL,4,'StudyProtocol','Create','Prot-19',' Create protocol Prot-19 in study Screening',NULL,NULL,'2007-06-08 15:46:33'),(83,3,NULL,4,'StudyProtocol','Update','Prot-19',' Update protocol Prot-19 in study Screening',NULL,NULL,'2007-06-08 15:46:37'),(84,3,NULL,5,'StudyProtocol','Create','Prot-20',' Create protocol Prot-20 in study Screening',NULL,NULL,'2007-06-08 15:46:37'),(85,3,NULL,5,'StudyProtocol','Update','Prot-20',' Update protocol Prot-20 in study Screening',NULL,NULL,'2007-06-08 15:46:38'),(86,3,NULL,3,'Study','Update','Screening',' Update study Screening',NULL,NULL,'2007-06-08 15:46:38'),(87,1,NULL,1,'Study','Update','Profiling',' Update study Profiling',NULL,NULL,'2007-06-08 15:47:29'),(88,1,NULL,1,'Study','Update','Profiling',' Update study Profiling',NULL,NULL,'2007-06-08 15:47:29'),(89,2,NULL,2,'StudyProtocol','Update','Prot-20',' Update protocol Prot-20 in study Demo2',NULL,NULL,'2007-06-08 16:25:25'),(90,4,NULL,4,'Study','Create','Clinical',' Create study Clinical',NULL,NULL,'2007-06-08 21:17:02'),(91,4,NULL,4,'Study','Update','Clinical',' Update study Clinical',NULL,NULL,'2007-06-08 21:17:02'),(92,4,NULL,6,'StudyProtocol','Create','Prot-25',' Create protocol Prot-25 in study Clinical',NULL,NULL,'2007-06-08 21:28:01'),(93,4,NULL,6,'StudyProtocol','Update','Prot-25',' Update protocol Prot-25 in study Clinical',NULL,NULL,'2007-06-08 21:28:01');
/*!40000 ALTER TABLE `study_logs` ENABLE KEYS */;

--
-- Table structure for table `study_parameters`
--

DROP TABLE IF EXISTS `study_parameters`;
CREATE TABLE `study_parameters` (
  `id` int(11) NOT NULL auto_increment,
  `parameter_type_id` int(11) default NULL,
  `parameter_role_id` int(11) default NULL,
  `study_id` int(11) default '1',
  `name` varchar(255) default NULL,
  `default_value` varchar(255) default NULL,
  `data_element_id` int(11) default NULL,
  `data_type_id` int(11) default NULL,
  `data_format_id` int(11) default NULL,
  `description` varchar(1024) NOT NULL default '',
  `display_unit` varchar(255) default NULL,
  `created_by_user_id` int(11) NOT NULL default '1',
  `updated_by_user_id` int(11) NOT NULL default '1',
  PRIMARY KEY  (`id`),
  KEY `study_parameters_study_id_index` (`study_id`),
  KEY `study_parameters_default_name_index` (`name`),
  KEY `study_parameters_parameter_type_id_index` (`parameter_type_id`),
  KEY `study_parameters_parameter_role_id_index` (`parameter_role_id`)
) ENGINE=InnoDB DEFAULT CHARSET=latin1;

--
-- Dumping data for table `study_parameters`
--


/*!40000 ALTER TABLE `study_parameters` DISABLE KEYS */;
INSERT INTO `study_parameters` VALUES (1,9,6,1,'Delta','0',NULL,2,4,'Delta from start of run','min',3,3),(2,2,1,1,'Count','1',NULL,2,8,'Number of Wells','count',3,3),(3,8,4,1,'CPM','',NULL,2,11,'Count per minute','cpm',3,3),(4,3,6,1,'Inhibition','',NULL,2,4,'Inhibition','%',3,3),(5,11,3,1,'URL','',NULL,6,24,'Url','',3,3),(6,5,6,1,'Compound','',35,5,NULL,'Compound lookup','',3,3),(7,4,6,1,'Label','',NULL,1,1,'Sample Label','',3,3),(8,7,6,1,'FromTask','',33,5,NULL,'Source Task for this subject','',3,3),(9,2,1,2,'Count','1',NULL,2,8,'Number of Wells','count',3,3),(10,11,3,2,'URL',NULL,NULL,6,24,'Url',NULL,3,3),(11,8,4,2,'CPM',NULL,NULL,2,11,'Count per minute','cpm',3,3),(12,3,6,2,'Inhibition',NULL,NULL,2,4,'Inhibition','uM',3,3),(13,4,6,2,'Label',NULL,NULL,1,1,'Sample Label',NULL,3,3),(14,5,6,2,'Compound',NULL,35,5,NULL,'Compound lookup',NULL,3,3),(15,7,6,2,'FromTask',NULL,33,5,NULL,'Source Task for this subject',NULL,3,3),(16,9,6,2,'Delta','0',NULL,2,4,'Delta from start of run','min',3,3),(17,12,2,1,'IC50','',NULL,2,27,'IC50 values from curve fit','mM',3,3),(18,1,6,1,'Dose','',NULL,2,27,'Dose','',3,3),(19,1,6,1,'Concentration','',NULL,2,4,'Concentration(Dose)','',3,3),(20,13,3,1,'Enzyme','',NULL,1,1,'Enzyme','',3,3),(21,14,6,1,'organism','',NULL,1,1,'Organizsm','',3,3),(22,4,6,1,'Identifier','',30,5,NULL,'Followup from ','',3,3),(23,4,1,1,'Fitdata','',NULL,7,NULL,'Fit Data','',3,3),(24,18,6,1,'Temperature','',NULL,2,4,'Temperature','degC',3,3),(25,16,3,1,'Date','',NULL,3,25,'Date of measurment','',3,3),(26,2,1,3,'Count','1',NULL,2,8,'Number of Wells','count',3,3),(27,11,3,3,'URL',NULL,NULL,6,24,'Url',NULL,3,3),(28,8,4,3,'CPM',NULL,NULL,2,11,'Count per minute','cpm',3,3),(29,3,6,3,'Inhibition',NULL,NULL,2,4,'Inhibition','uM',3,3),(30,4,6,3,'Label',NULL,NULL,1,1,'Sample Label',NULL,3,3),(31,5,6,3,'Compound',NULL,35,5,NULL,'Compound lookup',NULL,3,3),(32,7,6,3,'FromTask',NULL,33,5,NULL,'Source Task for this subject',NULL,3,3),(33,9,6,3,'Delta','0',NULL,2,4,'Delta from start of run','min',3,3);
/*!40000 ALTER TABLE `study_parameters` ENABLE KEYS */;

--
-- Table structure for table `study_protocols`
--

DROP TABLE IF EXISTS `study_protocols`;
CREATE TABLE `study_protocols` (
  `id` int(11) NOT NULL auto_increment,
  `study_id` int(11) NOT NULL,
  `study_stage_id` int(11) NOT NULL default '1',
  `current_process_id` int(11) default NULL,
  `process_definition_id` int(11) default NULL,
  `process_style` varchar(128) NOT NULL default 'Entry',
  `name` varchar(128) NOT NULL default '',
  `description` text,
  `literature_ref` text,
  `protocol_catagory` varchar(20) default NULL,
  `protocol_status` varchar(20) default NULL,
  `lock_version` int(11) NOT NULL default '0',
  `created_at` datetime NOT NULL,
  `updated_at` datetime NOT NULL,
  `updated_by_user_id` int(11) NOT NULL default '1',
  `created_by_user_id` int(11) NOT NULL default '1',
  PRIMARY KEY  (`id`),
  KEY `study_protocols_study_id_index` (`study_id`),
  KEY `study_protocols_process_instance_id_index` (`current_process_id`),
  KEY `study_protocols_process_definition_id_index` (`process_definition_id`)
) ENGINE=InnoDB DEFAULT CHARSET=latin1;

--
-- Dumping data for table `study_protocols`
--


/*!40000 ALTER TABLE `study_protocols` DISABLE KEYS */;
INSERT INTO `study_protocols` VALUES (1,2,5,1,NULL,'Entry','Prot-19','new protocol created for study Demo_Study','','48','44',1,'2007-06-06 22:14:07','2007-06-06 22:14:07',3,3),(2,2,5,2,NULL,'Entry','Prot-20','new protocol created for study Demo_Study','','49','44',2,'2007-06-06 22:17:23','2007-06-08 16:25:25',3,3),(3,1,5,3,NULL,'Entry','Prot-21','new protocol created for study Demo1','guessed','49','44',3,'2007-06-07 15:10:29','2007-06-08 11:00:51',3,3),(4,3,5,1,NULL,'Entry','Prot-19','new protocol created for study Demo_Study',NULL,'48','44',2,'2007-06-06 22:14:07','2007-06-08 15:46:36',3,3),(5,3,5,2,NULL,'Entry','Prot-20','new protocol created for study Demo_Study',NULL,'49','44',2,'2007-06-06 22:17:23','2007-06-08 15:46:38',3,3),(6,4,5,8,NULL,'Entry','Prot-25','new protocol created for study Clinical','moose','Profile','Finished',1,'2007-06-08 21:28:01','2007-06-08 21:28:01',3,3);
/*!40000 ALTER TABLE `study_protocols` ENABLE KEYS */;

--
-- Table structure for table `study_queues`
--

DROP TABLE IF EXISTS `study_queues`;
CREATE TABLE `study_queues` (
  `id` int(11) NOT NULL auto_increment,
  `name` varchar(128) NOT NULL default '',
  `description` text,
  `study_id` int(11) default NULL,
  `study_stage_id` int(11) default NULL,
  `study_parameter_id` int(11) default NULL,
  `study_protocol_id` int(11) default NULL,
  `status` varchar(255) NOT NULL default 'new',
  `priority` varchar(255) NOT NULL default 'normal',
  `lock_version` int(11) NOT NULL default '0',
  `created_at` datetime NOT NULL,
  `updated_at` datetime NOT NULL,
  `updated_by_user_id` int(11) NOT NULL default '1',
  `created_by_user_id` int(11) NOT NULL default '1',
  `assigned_to_user_id` int(11) default '1',
  PRIMARY KEY  (`id`)
) ENGINE=InnoDB DEFAULT CHARSET=latin1;

--
-- Dumping data for table `study_queues`
--


/*!40000 ALTER TABLE `study_queues` DISABLE KEYS */;
INSERT INTO `study_queues` VALUES (1,'PrimaryScreen','Compounds to process',1,5,6,NULL,'new','normal',2,'2007-06-06 20:31:48','2007-06-07 14:38:20',3,3,3),(2,'Todo','Compounds to process',2,5,14,NULL,'new','normal',2,'2007-06-06 20:31:48','2007-06-06 22:07:50',3,3,3),(3,'Todo','Compounds to process',3,5,31,NULL,'new','normal',3,'2007-06-06 20:31:48','2007-06-08 15:46:33',3,3,3);
/*!40000 ALTER TABLE `study_queues` ENABLE KEYS */;

--
-- Table structure for table `study_stages`
--

DROP TABLE IF EXISTS `study_stages`;
CREATE TABLE `study_stages` (
  `id` int(11) NOT NULL auto_increment,
  `name` varchar(128) NOT NULL default '',
  `description` text,
  `lock_version` int(11) NOT NULL default '0',
  `created_at` datetime NOT NULL,
  `updated_at` datetime NOT NULL,
  `updated_by_user_id` int(11) NOT NULL default '1',
  `created_by_user_id` int(11) NOT NULL default '1',
  PRIMARY KEY  (`id`)
) ENGINE=InnoDB DEFAULT CHARSET=latin1;

--
-- Dumping data for table `study_stages`
--


/*!40000 ALTER TABLE `study_stages` DISABLE KEYS */;
INSERT INTO `study_stages` VALUES (5,'Preparation','Preparation steps',0,'2006-12-11 18:32:33','2006-12-11 18:32:33',1,1),(6,'Data Capture','Capturing raw data',0,'2006-12-11 18:32:56','2006-12-11 18:32:56',1,1),(8,'Analysis','Data analysis',0,'2006-12-11 18:33:23','2006-12-11 18:33:23',1,1);
/*!40000 ALTER TABLE `study_stages` ENABLE KEYS */;

--
-- Table structure for table `study_statistics`
--

DROP TABLE IF EXISTS `study_statistics`;
/*!50001 DROP VIEW IF EXISTS `study_statistics`*/;
/*!50001 DROP TABLE IF EXISTS `study_statistics`*/;
/*!50001 CREATE TABLE `study_statistics` (
  `id` int(11),
  `study_id` int(11),
  `parameter_role_id` int(11),
  `parameter_type_id` int(11),
  `data_type_id` int(11),
  `avg_values` double,
  `stddev_values` double,
  `num_values` bigint(20),
  `num_unique` bigint(20),
  `max_values` double,
  `min_values` double
) */;

--
-- Table structure for table `system_settings`
--

DROP TABLE IF EXISTS `system_settings`;
CREATE TABLE `system_settings` (
  `id` int(11) NOT NULL auto_increment,
  `name` varchar(30) NOT NULL default '',
  `description` varchar(255) NOT NULL default '',
  `text` varchar(255) NOT NULL default '0',
  `created_at` datetime NOT NULL,
  `updated_at` datetime NOT NULL,
  `updated_by_user_id` int(11) NOT NULL default '1',
  `created_by_user_id` int(11) NOT NULL default '1',
  PRIMARY KEY  (`id`)
) ENGINE=InnoDB DEFAULT CHARSET=latin1;

--
-- Dumping data for table `system_settings`
--


/*!40000 ALTER TABLE `system_settings` DISABLE KEYS */;
/*!40000 ALTER TABLE `system_settings` ENABLE KEYS */;

--
-- Table structure for table `taggings`
--

DROP TABLE IF EXISTS `taggings`;
CREATE TABLE `taggings` (
  `id` int(11) NOT NULL auto_increment,
  `tag_id` int(11) default NULL,
  `taggable_id` int(11) default NULL,
  `taggable_type` varchar(255) default NULL,
  `created_at` timestamp NULL default NULL,
  PRIMARY KEY  (`id`)
) ENGINE=InnoDB DEFAULT CHARSET=latin1;

--
-- Dumping data for table `taggings`
--


/*!40000 ALTER TABLE `taggings` DISABLE KEYS */;
/*!40000 ALTER TABLE `taggings` ENABLE KEYS */;

--
-- Table structure for table `tags`
--

DROP TABLE IF EXISTS `tags`;
CREATE TABLE `tags` (
  `id` int(11) NOT NULL auto_increment,
  `name` varchar(255) default NULL,
  PRIMARY KEY  (`id`)
) ENGINE=InnoDB DEFAULT CHARSET=latin1;

--
-- Dumping data for table `tags`
--


/*!40000 ALTER TABLE `tags` DISABLE KEYS */;
/*!40000 ALTER TABLE `tags` ENABLE KEYS */;

--
-- Table structure for table `task_contexts`
--

DROP TABLE IF EXISTS `task_contexts`;
CREATE TABLE `task_contexts` (
  `id` int(11) NOT NULL auto_increment,
  `task_id` int(11) default NULL,
  `parameter_context_id` int(11) default NULL,
  `label` varchar(255) default NULL,
  `is_valid` tinyint(1) default NULL,
  `row_no` int(11) NOT NULL,
  `parent_id` int(11) default NULL,
  `sequence_no` int(11) NOT NULL,
  PRIMARY KEY  (`id`),
  KEY `task_contexts_task_id_index` (`task_id`),
  KEY `task_contexts_parameter_context_id_index` (`parameter_context_id`),
  KEY `task_contexts_row_no_index` (`row_no`),
  KEY `task_contexts_label_index` (`label`)
) ENGINE=InnoDB DEFAULT CHARSET=latin1;

--
-- Dumping data for table `task_contexts`
--


/*!40000 ALTER TABLE `task_contexts` DISABLE KEYS */;
INSERT INTO `task_contexts` VALUES (1,1,4,'well[0]',1,1,2,0),(2,1,3,'cmpd[1]',1,0,NULL,2),(3,1,4,'well[2]',1,2,4,0),(4,1,3,'cmpd[3]',1,0,NULL,3),(5,1,4,'well[4]',1,3,6,0),(6,1,3,'cmpd[5]',1,0,NULL,4),(7,1,4,'well[6]',1,4,8,0),(8,1,3,'cmpd[7]',1,0,NULL,5),(9,1,4,'well[8]',1,5,10,0),(10,1,3,'cmpd[9]',1,0,NULL,6),(11,1,4,'well[10]',1,6,12,0),(12,1,3,'cmpd[11]',1,0,NULL,7),(13,1,4,'well[12]',1,7,14,0),(14,1,3,'cmpd[13]',1,0,NULL,8),(15,1,4,'well[14]',1,8,16,0),(16,1,3,'cmpd[15]',1,0,NULL,9),(17,1,3,'cmpd[16]',1,0,NULL,9),(18,1,3,'cmpd[17]',1,9,NULL,10),(19,1,5,'context2[18]',1,18,NULL,11),(20,1,4,'well[19]',1,10,18,0),(21,1,4,'well[20]',1,11,18,1),(22,1,4,'well[21]',1,12,18,2),(23,1,4,'well[22]',1,13,18,3),(24,1,4,'well[23]',1,14,18,4),(25,1,4,'well[24]',1,15,18,5),(26,1,4,'well[25]',1,16,18,6),(27,1,4,'well[26]',1,17,18,7),(28,2,6,'cmpd[0]',1,9,NULL,1),(29,2,8,'context2[1]',1,18,NULL,2),(30,2,7,'well[2]',1,10,28,0),(31,2,7,'well[3]',1,11,28,1),(32,2,7,'well[4]',1,13,28,2),(33,2,7,'well[5]',1,12,28,3),(34,2,7,'well[6]',1,14,28,4),(35,2,7,'well[7]',1,15,28,5),(36,2,7,'well[8]',1,16,28,6),(37,2,7,'well[9]',1,17,28,7),(38,3,9,'cmpd[0]',1,0,NULL,1),(39,3,9,'cmpd[1]',1,17,NULL,2),(40,3,11,'context2[2]',1,34,NULL,3),(41,3,10,'well[3]',1,18,39,0),(42,3,10,'well[4]',1,19,39,1),(43,3,10,'well[5]',1,20,39,2),(44,3,10,'well[6]',1,21,39,3),(45,3,10,'well[7]',1,22,39,4),(46,3,10,'well[8]',1,23,39,5),(47,3,10,'well[9]',1,24,39,6),(48,3,10,'well[10]',1,25,39,7),(49,3,10,'well[11]',1,26,39,8),(50,3,10,'well[12]',1,27,39,9),(51,3,10,'well[13]',1,28,39,10),(52,3,10,'well[14]',1,29,39,11),(53,3,10,'well[15]',1,30,39,12),(54,3,10,'well[16]',1,31,39,13),(55,3,10,'well[17]',1,32,39,14),(56,3,10,'well[18]',1,33,39,15),(57,3,10,'well[19]',1,1,38,0),(58,3,10,'well[20]',1,2,38,0),(59,3,10,'well[21]',1,3,38,0),(60,3,10,'well[22]',1,4,38,0),(61,3,10,'well[23]',1,5,38,0),(62,3,10,'well[24]',1,6,38,0),(63,3,10,'well[25]',1,7,38,0),(64,3,10,'well[26]',1,8,38,0),(65,3,10,'well[27]',1,9,38,0),(66,3,10,'well[28]',1,10,38,0),(67,3,10,'well[29]',1,11,38,0),(68,3,10,'well[30]',1,12,38,0),(69,3,10,'well[31]',1,13,38,0),(70,3,10,'well[32]',1,14,38,0),(71,3,10,'well[33]',1,15,38,0),(72,3,10,'well[34]',1,16,38,0);
/*!40000 ALTER TABLE `task_contexts` ENABLE KEYS */;

--
-- Table structure for table `task_files`
--

DROP TABLE IF EXISTS `task_files`;
CREATE TABLE `task_files` (
  `id` int(11) NOT NULL auto_increment,
  `task_context_id` int(11) default NULL,
  `parameter_id` int(11) default NULL,
  `data_uri` varchar(255) default NULL,
  `is_external` tinyint(1) default NULL,
  `mime_type` varchar(250) default NULL,
  `data_binary` text,
  `lock_version` int(11) NOT NULL default '0',
  `created_at` datetime NOT NULL,
  `updated_at` datetime NOT NULL,
  `task_id` int(11) default NULL,
  `content_type` varchar(255) default NULL,
  `parent_id` int(11) default NULL,
  `filename` varchar(255) default NULL,
  `thumbnail` varchar(255) default NULL,
  `size` int(11) default NULL,
  `width` int(11) default NULL,
  `height` int(11) default NULL,
  `updated_by_user_id` int(11) NOT NULL default '1',
  `created_by_user_id` int(11) NOT NULL default '1',
  PRIMARY KEY  (`id`)
) ENGINE=InnoDB DEFAULT CHARSET=latin1;

--
-- Dumping data for table `task_files`
--


/*!40000 ALTER TABLE `task_files` DISABLE KEYS */;
/*!40000 ALTER TABLE `task_files` ENABLE KEYS */;

--
-- Table structure for table `task_references`
--

DROP TABLE IF EXISTS `task_references`;
CREATE TABLE `task_references` (
  `id` int(11) NOT NULL auto_increment,
  `task_context_id` int(11) default NULL,
  `parameter_id` int(11) default NULL,
  `data_element_id` int(11) default NULL,
  `data_type` varchar(255) default NULL,
  `data_id` int(11) default NULL,
  `data_name` varchar(255) default NULL,
  `lock_version` int(11) NOT NULL default '0',
  `created_at` datetime NOT NULL,
  `updated_at` datetime NOT NULL,
  `task_id` int(11) default NULL,
  `updated_by_user_id` int(11) NOT NULL default '1',
  `created_by_user_id` int(11) NOT NULL default '1',
  PRIMARY KEY  (`id`),
  KEY `task_references_task_id_index` (`task_id`),
  KEY `task_references_task_context_id_index` (`task_context_id`),
  KEY `task_references_parameter_id_index` (`parameter_id`),
  KEY `task_references_updated_at_index` (`updated_at`)
) ENGINE=InnoDB DEFAULT CHARSET=latin1;

--
-- Dumping data for table `task_references`
--


/*!40000 ALTER TABLE `task_references` DISABLE KEYS */;
INSERT INTO `task_references` VALUES (1,17,6,NULL,'Compound',109,'AB00109',8,'2007-06-07 15:18:26','2007-06-08 10:04:10',1,3,3),(2,18,6,NULL,'Compound',105,'AB00105',5,'2007-06-07 15:18:34','2007-06-08 10:04:20',1,3,3),(3,39,30,NULL,'Compound',104,'AB00104',0,'2007-06-08 11:07:20','2007-06-08 11:07:20',3,3,3),(4,38,30,NULL,'Compound',111,'AB00111',1,'2007-06-08 11:07:27','2007-06-08 19:34:58',3,3,3);
/*!40000 ALTER TABLE `task_references` ENABLE KEYS */;

--
-- Table structure for table `task_relations`
--

DROP TABLE IF EXISTS `task_relations`;
CREATE TABLE `task_relations` (
  `id` int(11) NOT NULL auto_increment,
  `to_task_id` int(11) default NULL,
  `from_task_id` int(11) default NULL,
  `relation_id` int(11) default NULL,
  PRIMARY KEY  (`id`)
) ENGINE=InnoDB DEFAULT CHARSET=latin1;

--
-- Dumping data for table `task_relations`
--


/*!40000 ALTER TABLE `task_relations` DISABLE KEYS */;
/*!40000 ALTER TABLE `task_relations` ENABLE KEYS */;

--
-- Table structure for table `task_result_texts`
--

DROP TABLE IF EXISTS `task_result_texts`;
/*!50001 DROP VIEW IF EXISTS `task_result_texts`*/;
/*!50001 DROP TABLE IF EXISTS `task_result_texts`*/;
/*!50001 CREATE TABLE `task_result_texts` (
  `id` int(11),
  `row_no` int(11),
  `column_no` int(11),
  `task_id` int(11),
  `parameter_context_id` int(11),
  `task_context_id` int(11),
  `reference_parameter_id` int(11),
  `data_element_id` int(11),
  `data_type` varchar(255),
  `data_id` int(11),
  `subject` varchar(255),
  `parameter_id` int(11),
  `protocol_version_id` int(11),
  `label` varchar(255),
  `row_label` varchar(255),
  `parameter_name` varchar(62),
  `data_value` text,
  `created_by_user_id` int(11),
  `created_at` datetime,
  `updated_by_user_id` int(11),
  `updated_at` datetime
) */;

--
-- Table structure for table `task_result_values`
--

DROP TABLE IF EXISTS `task_result_values`;
/*!50001 DROP VIEW IF EXISTS `task_result_values`*/;
/*!50001 DROP TABLE IF EXISTS `task_result_values`*/;
/*!50001 CREATE TABLE `task_result_values` (
  `id` int(11),
  `row_no` int(11),
  `column_no` int(11),
  `task_id` int(11),
  `parameter_context_id` int(11),
  `task_context_id` int(11),
  `reference_parameter_id` int(11),
  `data_element_id` int(11),
  `data_type` varchar(255),
  `data_id` int(11),
  `subject` varchar(255),
  `parameter_id` int(11),
  `protocol_version_id` int(11),
  `label` varchar(255),
  `row_label` varchar(255),
  `parameter_name` varchar(62),
  `data_value` double,
  `created_by_user_id` int(11),
  `created_at` datetime,
  `updated_by_user_id` int(11),
  `updated_at` datetime
) */;

--
-- Table structure for table `task_results`
--

DROP TABLE IF EXISTS `task_results`;
/*!50001 DROP VIEW IF EXISTS `task_results`*/;
/*!50001 DROP TABLE IF EXISTS `task_results`*/;
/*!50001 CREATE TABLE `task_results` (
  `id` int(11),
  `protocol_version_id` int(11),
  `parameter_context_id` int(11),
  `label` varchar(255),
  `row_label` varchar(255),
  `row_no` int(11),
  `column_no` int(11),
  `task_id` int(11),
  `parameter_id` int(11),
  `parameter_name` varchar(62),
  `data_value` longblob,
  `created_by_user_id` int(11),
  `created_at` datetime,
  `updated_by_user_id` int(11),
  `updated_at` datetime
) */;

--
-- Table structure for table `task_statistics`
--

DROP TABLE IF EXISTS `task_statistics`;
/*!50001 DROP VIEW IF EXISTS `task_statistics`*/;
/*!50001 DROP TABLE IF EXISTS `task_statistics`*/;
/*!50001 CREATE TABLE `task_statistics` (
  `id` bigint(20),
  `task_id` int(11),
  `parameter_id` int(11),
  `parameter_role_id` int(11),
  `parameter_type_id` int(11),
  `data_type_id` int(11),
  `avg_values` double,
  `stddev_values` double,
  `num_values` bigint(20),
  `num_unique` bigint(20),
  `max_values` longblob,
  `min_values` longblob
) */;

--
-- Table structure for table `task_stats1`
--

DROP TABLE IF EXISTS `task_stats1`;
/*!50001 DROP VIEW IF EXISTS `task_stats1`*/;
/*!50001 DROP TABLE IF EXISTS `task_stats1`*/;
/*!50001 CREATE TABLE `task_stats1` (
  `task_id` int(11),
  `parameter_role_id` int(11),
  `parameter_type_id` int(11),
  `data_type_id` int(11),
  `avg_values` double,
  `stddev_values` double,
  `num_values` bigint(20),
  `num_unique` bigint(20),
  `max_values` double,
  `min_values` double
) */;

--
-- Table structure for table `task_stats2`
--

DROP TABLE IF EXISTS `task_stats2`;
/*!50001 DROP VIEW IF EXISTS `task_stats2`*/;
/*!50001 DROP TABLE IF EXISTS `task_stats2`*/;
/*!50001 CREATE TABLE `task_stats2` (
  `task_id` int(11),
  `parameter_id` int(11),
  `avg_values` double,
  `stddev_values` double,
  `num_values` bigint(20),
  `num_unique` bigint(20),
  `max_values` double,
  `min_values` double
) */;

--
-- Table structure for table `task_texts`
--

DROP TABLE IF EXISTS `task_texts`;
CREATE TABLE `task_texts` (
  `id` int(11) NOT NULL auto_increment,
  `task_context_id` int(11) default NULL,
  `parameter_id` int(11) default NULL,
  `markup_style_id` int(11) default NULL,
  `data_content` text,
  `lock_version` int(11) NOT NULL default '0',
  `created_at` datetime NOT NULL,
  `updated_at` datetime NOT NULL,
  `task_id` int(11) default NULL,
  `updated_by_user_id` int(11) NOT NULL default '1',
  `created_by_user_id` int(11) NOT NULL default '1',
  PRIMARY KEY  (`id`),
  KEY `task_texts_task_id_index` (`task_id`),
  KEY `task_texts_task_context_id_index` (`task_context_id`),
  KEY `task_texts_parameter_id_index` (`parameter_id`),
  KEY `task_texts_updated_at_index` (`updated_at`)
) ENGINE=InnoDB DEFAULT CHARSET=latin1;

--
-- Dumping data for table `task_texts`
--


/*!40000 ALTER TABLE `task_texts` DISABLE KEYS */;
INSERT INTO `task_texts` VALUES (1,17,7,NULL,'XA-32',0,'2007-06-07 15:18:51','2007-06-07 15:18:51',1,3,3),(2,18,7,NULL,'XA-32',0,'2007-06-07 15:18:56','2007-06-07 15:18:56',1,3,3),(3,19,12,NULL,'X3578389',4,'2007-06-07 21:43:56','2007-06-08 10:41:14',1,3,3),(4,28,25,NULL,'Prot-21',0,'2007-06-08 10:59:43','2007-06-08 10:59:43',2,3,3),(5,29,24,NULL,'2007-06-14',0,'2007-06-08 10:59:53','2007-06-08 10:59:53',2,3,3),(6,38,41,NULL,'1.Ephaptic_activity_sm.jpg',0,'2007-06-08 11:06:48','2007-06-08 11:06:48',3,3,3),(7,39,41,NULL,'1.Tissue_injury_nerve_damage_sm.jpg',1,'2007-06-08 11:07:00','2007-06-08 11:12:34',3,3,3),(8,40,39,NULL,'13/06/2007',1,'2007-06-08 11:07:32','2007-06-08 19:35:02',3,3,3),(9,39,31,NULL,'A',0,'2007-06-08 11:12:45','2007-06-08 11:12:45',3,3,3),(10,40,33,NULL,'AAAAAA',0,'2007-06-08 11:13:30','2007-06-08 11:13:30',3,3,3);
/*!40000 ALTER TABLE `task_texts` ENABLE KEYS */;

--
-- Table structure for table `task_values`
--

DROP TABLE IF EXISTS `task_values`;
CREATE TABLE `task_values` (
  `id` int(11) NOT NULL auto_increment,
  `task_context_id` int(11) default NULL,
  `parameter_id` int(11) default NULL,
  `data_value` double default NULL,
  `display_unit` varchar(255) default NULL,
  `lock_version` int(11) NOT NULL default '0',
  `created_at` datetime NOT NULL,
  `updated_at` datetime NOT NULL,
  `task_id` int(11) default NULL,
  `storage_unit` varchar(255) default NULL,
  `updated_by_user_id` int(11) NOT NULL default '1',
  `created_by_user_id` int(11) NOT NULL default '1',
  PRIMARY KEY  (`id`),
  KEY `task_values_task_id_index` (`task_id`),
  KEY `task_values_task_context_id_index` (`task_context_id`),
  KEY `task_values_parameter_id_index` (`parameter_id`),
  KEY `task_values_updated_at_index` (`updated_at`)
) ENGINE=InnoDB DEFAULT CHARSET=latin1;

--
-- Dumping data for table `task_values`
--


/*!40000 ALTER TABLE `task_values` DISABLE KEYS */;
INSERT INTO `task_values` VALUES (1,1,10,1,'',2,'2007-06-07 15:17:20','2007-06-08 09:56:36',1,'',3,3),(2,3,10,10,'',2,'2007-06-07 15:17:22','2007-06-08 09:56:38',1,'',3,3),(3,5,10,20,'',2,'2007-06-07 15:17:24','2007-06-08 09:56:40',1,'',3,3),(4,7,10,30,'',2,'2007-06-07 15:17:26','2007-06-08 09:56:41',1,'',3,3),(5,9,10,40,'',2,'2007-06-07 15:17:28','2007-06-08 09:56:43',1,'',3,3),(6,11,10,32,'',0,'2007-06-07 15:17:30','2007-06-07 15:17:30',1,NULL,3,3),(7,13,10,64,'',0,'2007-06-07 15:17:34','2007-06-07 15:17:34',1,NULL,3,3),(8,1,11,0.001,'uM',1,'2007-06-07 15:17:42','2007-06-07 20:46:51',1,'mol/m^3',3,3),(9,3,11,0.002,'uM',1,'2007-06-07 15:17:44','2007-06-07 20:46:03',1,'mol/m^3',3,3),(10,3,9,10,'count',2,'2007-06-07 15:18:08','2007-06-08 09:49:01',1,'each',3,3),(11,5,9,20,'count',2,'2007-06-07 15:18:10','2007-06-08 09:49:04',1,'each',3,3),(12,7,9,30,'count',2,'2007-06-07 15:18:13','2007-06-08 09:49:06',1,'each',3,3),(13,9,9,200,'count',2,'2007-06-07 15:18:15','2007-06-08 09:49:10',1,'each',3,3),(14,11,9,354,'count',2,'2007-06-07 15:18:17','2007-06-08 09:49:14',1,'each',3,3),(15,13,9,890,'count',2,'2007-06-07 15:18:19','2007-06-08 09:49:18',1,'each',3,3),(16,15,9,999,'count',2,'2007-06-07 15:18:21','2007-06-08 09:49:49',1,'each',3,3),(17,18,8,20.1,'mM',0,'2007-06-07 15:19:09','2007-06-07 15:19:09',1,NULL,3,3),(18,19,14,1000,'count',0,'2007-06-07 15:20:33','2007-06-07 15:20:33',1,NULL,3,3),(19,19,13,9,'count',1,'2007-06-07 15:20:38','2007-06-07 21:43:29',1,'each',3,3),(20,5,11,0.003,'uM',1,'2007-06-07 20:46:08','2007-06-07 20:46:15',1,'mol/m^3',3,3),(21,7,11,0.001,'uM',1,'2007-06-07 20:46:25','2007-06-07 20:46:57',1,'mol/m^3',3,3),(22,9,11,0.02,'uM',1,'2007-06-07 20:46:58','2007-06-07 21:44:04',1,'mol/m^3',3,3),(23,11,11,0.05,'uM',1,'2007-06-07 20:47:00','2007-06-07 21:44:06',1,'mol/m^3',3,3),(24,13,11,0.1,'uM',1,'2007-06-07 20:47:02','2007-06-07 21:45:56',1,'mol/m^3',3,3),(25,20,9,12,'count',2,'2007-06-07 20:47:59','2007-06-07 22:32:58',1,'each',3,3),(26,21,9,34,'count',2,'2007-06-07 20:48:02','2007-06-07 22:33:00',1,'each',3,3),(27,22,9,56,'count',2,'2007-06-07 20:48:04','2007-06-07 22:33:02',1,'each',3,3),(28,23,9,78,'count',2,'2007-06-07 20:48:05','2007-06-07 22:33:04',1,'each',3,3),(29,24,9,899,'count',2,'2007-06-07 20:48:07','2007-06-07 22:33:06',1,'each',3,3),(30,25,9,987,'count',2,'2007-06-07 20:48:09','2007-06-07 22:33:09',1,'each',3,3),(31,26,9,999,'count',2,'2007-06-07 20:48:11','2007-06-07 22:33:11',1,'each',3,3),(32,27,9,1000,'count',1,'2007-06-07 20:48:42','2007-06-07 22:33:13',1,'each',3,3),(33,20,11,0.001,'uM',0,'2007-06-07 21:42:58','2007-06-07 21:42:58',1,'mol/m^3',3,3),(34,21,11,0.001,'uM',0,'2007-06-07 21:43:01','2007-06-07 21:43:01',1,'mol/m^3',3,3),(35,22,11,0.003,'uM',0,'2007-06-07 21:43:03','2007-06-07 21:43:03',1,'mol/m^3',3,3),(36,23,11,0.005,'uM',0,'2007-06-07 21:43:05','2007-06-07 21:43:05',1,'mol/m^3',3,3),(37,24,11,0.006,'uM',0,'2007-06-07 21:43:07','2007-06-07 21:43:07',1,'mol/m^3',3,3),(38,25,11,0.007,'uM',0,'2007-06-07 21:43:09','2007-06-07 21:43:09',1,'mol/m^3',3,3),(39,26,11,0.008,'uM',0,'2007-06-07 21:43:11','2007-06-07 21:43:11',1,'mol/m^3',3,3),(40,27,11,0.009,'uM',0,'2007-06-07 21:43:13','2007-06-07 21:43:13',1,'mol/m^3',3,3),(41,20,10,1,'',1,'2007-06-07 21:43:15','2007-06-08 10:03:12',1,'',3,3),(42,21,10,2,'',1,'2007-06-07 21:43:16','2007-06-08 10:03:14',1,'',3,3),(43,22,10,4,'',2,'2007-06-07 21:43:18','2007-06-08 10:03:16',1,'',3,3),(44,23,10,8,'',2,'2007-06-07 21:43:20','2007-06-08 10:03:18',1,'',3,3),(45,24,10,16,'',2,'2007-06-07 21:43:22','2007-06-08 10:03:20',1,'',3,3),(46,25,10,32,'',1,'2007-06-07 21:43:24','2007-06-07 21:43:36',1,'',3,3),(47,26,10,64,'',1,'2007-06-07 21:43:26','2007-06-07 21:43:38',1,'',3,3),(48,27,10,128,'',1,'2007-06-07 21:43:27','2007-06-07 21:43:43',1,'',3,3),(49,15,10,128,'',0,'2007-06-07 21:43:45','2007-06-07 21:43:45',1,'',3,3),(50,15,11,0.2,'uM',0,'2007-06-07 21:45:58','2007-06-07 21:45:58',1,'mol/m^3',3,3),(51,30,26,60,'min',0,'2007-06-08 11:00:03','2007-06-08 11:00:03',2,'s',3,3),(52,31,26,60,'min',1,'2007-06-08 11:00:05','2007-06-08 11:00:20',2,'s',3,3),(53,32,26,60,'min',0,'2007-06-08 11:00:07','2007-06-08 11:00:07',2,'s',3,3),(54,33,26,60,'min',2,'2007-06-08 11:00:09','2007-06-08 11:00:32',2,'s',3,3),(55,34,26,60,'min',0,'2007-06-08 11:00:10','2007-06-08 11:00:10',2,'s',3,3),(56,35,26,60,'min',0,'2007-06-08 11:00:12','2007-06-08 11:00:12',2,'s',3,3),(57,36,26,60,'min',0,'2007-06-08 11:00:14','2007-06-08 11:00:14',2,'s',3,3),(58,37,26,60,'min',0,'2007-06-08 11:00:16','2007-06-08 11:00:16',2,'s',3,3),(59,41,36,0.01,'%',3,'2007-06-08 11:07:40','2007-06-08 19:58:12',3,'',3,3),(60,42,36,0.02,'%',3,'2007-06-08 11:07:41','2007-06-08 19:58:12',3,'',3,3),(61,43,36,0.03,'%',3,'2007-06-08 11:07:43','2007-06-08 19:58:12',3,'',3,3),(62,44,36,0.04,'%',3,'2007-06-08 11:07:45','2007-06-08 19:58:12',3,'',3,3),(63,45,36,0.34,'%',3,'2007-06-08 11:07:47','2007-06-08 19:58:12',3,'',3,3),(64,46,36,0.56,'%',3,'2007-06-08 11:07:49','2007-06-08 19:58:12',3,'',3,3),(65,47,36,0.78,'%',3,'2007-06-08 11:07:51','2007-06-08 19:58:12',3,'',3,3),(66,48,36,0.89,'%',3,'2007-06-08 11:07:52','2007-06-08 19:58:12',3,'',3,3),(67,49,36,0.95,'%',3,'2007-06-08 11:07:54','2007-06-08 19:58:12',3,'',3,3),(68,50,36,0.96,'%',3,'2007-06-08 11:07:56','2007-06-08 19:58:13',3,'',3,3),(69,51,36,0.97,'%',3,'2007-06-08 11:07:58','2007-06-08 19:58:13',3,'',3,3),(70,52,36,0.98,'%',3,'2007-06-08 11:08:00','2007-06-08 19:58:13',3,'',3,3),(71,53,36,0.99,'%',3,'2007-06-08 11:08:02','2007-06-08 19:58:13',3,'',3,3),(72,54,36,0.99,'%',3,'2007-06-08 11:08:04','2007-06-08 19:58:13',3,'',3,3),(73,55,36,0.99,'%',4,'2007-06-08 11:08:06','2007-06-08 19:58:13',3,'',3,3),(74,56,36,1,'%',3,'2007-06-08 11:08:07','2007-06-08 19:58:13',3,'',3,3),(75,41,28,1,'',3,'2007-06-08 11:08:15','2007-06-08 19:58:12',3,'',3,3),(76,42,28,2,'',3,'2007-06-08 11:08:17','2007-06-08 19:58:12',3,'',3,3),(77,43,28,4,'',3,'2007-06-08 11:08:19','2007-06-08 19:58:12',3,'',3,3),(78,44,28,8,'',3,'2007-06-08 11:08:21','2007-06-08 19:58:12',3,'',3,3),(79,45,28,16,'',3,'2007-06-08 11:08:28','2007-06-08 19:58:12',3,'',3,3),(80,46,28,32,'',3,'2007-06-08 11:08:30','2007-06-08 19:58:12',3,'',3,3),(81,47,28,64,'',3,'2007-06-08 11:08:33','2007-06-08 19:58:12',3,'',3,3),(82,48,28,128,'',3,'2007-06-08 11:08:35','2007-06-08 19:58:12',3,'',3,3),(83,49,28,256,'',3,'2007-06-08 11:08:37','2007-06-08 19:58:12',3,'',3,3),(84,50,28,512,'',3,'2007-06-08 11:08:39','2007-06-08 19:58:13',3,'',3,3),(85,51,28,1024,'',3,'2007-06-08 11:08:42','2007-06-08 19:58:13',3,'',3,3),(86,52,28,2048,'',3,'2007-06-08 11:08:44','2007-06-08 19:58:13',3,'',3,3),(87,53,28,4096,'',3,'2007-06-08 11:08:51','2007-06-08 19:58:13',3,'',3,3),(88,54,28,8192,'',3,'2007-06-08 11:09:31','2007-06-08 19:58:13',3,'',3,3),(89,55,28,16384,'',3,'2007-06-08 11:09:44','2007-06-08 19:58:13',3,'',3,3),(90,56,28,32768,'',3,'2007-06-08 11:10:26','2007-06-08 19:58:13',3,'',3,3),(91,41,27,123,'count',9,'2007-06-08 11:10:34','2007-06-08 19:58:12',3,'each',3,3),(92,42,27,145,'count',10,'2007-06-08 11:10:37','2007-06-08 19:58:12',3,'each',3,3),(93,43,27,153,'count',9,'2007-06-08 11:10:46','2007-06-08 19:58:12',3,'each',3,3),(94,44,27,2233,'count',9,'2007-06-08 11:10:48','2007-06-08 19:58:12',3,'each',3,3),(95,45,27,3443,'count',10,'2007-06-08 11:10:50','2007-06-08 19:58:12',3,'each',3,3),(96,46,27,4543,'count',12,'2007-06-08 11:10:52','2007-06-08 19:58:12',3,'each',3,3),(97,47,27,5433,'count',11,'2007-06-08 11:10:53','2007-06-08 19:58:12',3,'each',3,3),(98,48,27,10222,'count',11,'2007-06-08 11:10:55','2007-06-08 19:58:12',3,'each',3,3),(99,49,27,23454,'count',11,'2007-06-08 11:10:57','2007-06-08 19:58:12',3,'each',3,3),(100,50,27,44444,'count',9,'2007-06-08 11:10:59','2007-06-08 19:58:13',3,'each',3,3),(101,51,27,53534,'count',9,'2007-06-08 11:11:26','2007-06-08 19:58:13',3,'each',3,3),(102,52,27,65543,'count',9,'2007-06-08 11:11:30','2007-06-08 19:58:13',3,'each',3,3),(103,53,27,564444,'count',9,'2007-06-08 11:11:33','2007-06-08 19:58:13',3,'each',3,3),(104,54,27,644444,'count',9,'2007-06-08 11:11:35','2007-06-08 19:58:13',3,'each',3,3),(105,55,27,654655,'count',9,'2007-06-08 11:11:37','2007-06-08 19:58:13',3,'each',3,3),(106,56,27,656555,'count',9,'2007-06-08 11:11:39','2007-06-08 19:58:13',3,'each',3,3),(107,42,37,10,'s',0,'2007-06-08 11:11:45','2007-06-08 11:11:45',3,'s',3,3),(108,43,37,60,'min',9,'2007-06-08 11:11:49','2007-06-08 19:58:12',3,'s',3,3),(109,44,37,120,'min',9,'2007-06-08 11:11:54','2007-06-08 19:58:12',3,'s',3,3),(110,45,37,180,'min',9,'2007-06-08 11:11:56','2007-06-08 19:58:12',3,'s',3,3),(111,46,37,240,'min',9,'2007-06-08 11:11:57','2007-06-08 19:58:12',3,'s',3,3),(112,47,37,300,'min',9,'2007-06-08 11:11:59','2007-06-08 19:58:12',3,'s',3,3),(113,48,37,360,'min',9,'2007-06-08 11:12:01','2007-06-08 19:58:12',3,'s',3,3),(114,49,37,420,'min',9,'2007-06-08 11:12:02','2007-06-08 19:58:12',3,'s',3,3),(115,50,37,480,'min',9,'2007-06-08 11:12:04','2007-06-08 19:58:13',3,'s',3,3),(116,51,37,540,'min',9,'2007-06-08 11:12:06','2007-06-08 19:58:13',3,'s',3,3),(117,52,37,600,'min',9,'2007-06-08 11:12:08','2007-06-08 19:58:13',3,'s',3,3),(118,53,37,660,'min',9,'2007-06-08 11:12:10','2007-06-08 19:58:13',3,'s',3,3),(119,54,37,720,'min',9,'2007-06-08 11:12:12','2007-06-08 19:58:13',3,'s',3,3),(120,55,37,780,'min',10,'2007-06-08 11:12:13','2007-06-08 19:58:13',3,'s',3,3),(121,56,37,840,'min',9,'2007-06-08 11:12:15','2007-06-08 19:58:13',3,'s',3,3),(122,40,35,693921,'count',9,'2007-06-08 11:13:00','2007-06-08 19:58:13',3,'each',3,3),(123,40,34,10,'count',9,'2007-06-08 11:13:03','2007-06-08 19:58:13',3,'each',3,3),(124,40,38,291,'degK',0,'2007-06-08 11:13:13','2007-06-08 11:13:13',3,'degK',3,3),(125,39,32,10,'mM',10,'2007-06-08 11:15:58','2007-06-08 19:58:11',3,'mol/m^3',3,3),(126,38,32,0.012,'uM',11,'2007-06-08 11:24:15','2007-06-08 19:58:09',3,'mol/m^3',3,3),(127,57,27,1,'count',9,'2007-06-08 11:35:24','2007-06-08 19:58:09',3,'each',3,3),(128,57,37,0,'min',9,'2007-06-08 11:35:24','2007-06-08 19:58:09',3,'s',3,3),(129,58,27,1,'count',9,'2007-06-08 11:35:24','2007-06-08 19:58:09',3,'each',3,3),(130,58,37,0,'min',9,'2007-06-08 11:35:24','2007-06-08 19:58:10',3,'s',3,3),(131,59,27,1,'count',9,'2007-06-08 11:35:24','2007-06-08 19:58:10',3,'each',3,3),(132,59,37,0,'min',9,'2007-06-08 11:35:24','2007-06-08 19:58:10',3,'s',3,3),(133,60,27,1,'count',9,'2007-06-08 11:35:24','2007-06-08 19:58:10',3,'each',3,3),(134,60,37,0,'min',9,'2007-06-08 11:35:24','2007-06-08 19:58:10',3,'s',3,3),(135,61,27,1,'count',9,'2007-06-08 11:35:24','2007-06-08 19:58:10',3,'each',3,3),(136,61,37,0,'min',9,'2007-06-08 11:35:24','2007-06-08 19:58:10',3,'s',3,3),(137,62,27,1,'count',9,'2007-06-08 11:35:24','2007-06-08 19:58:10',3,'each',3,3),(138,62,37,0,'min',9,'2007-06-08 11:35:24','2007-06-08 19:58:10',3,'s',3,3),(139,63,27,1,'count',9,'2007-06-08 11:35:24','2007-06-08 19:58:10',3,'each',3,3),(140,63,37,0,'min',9,'2007-06-08 11:35:24','2007-06-08 19:58:10',3,'s',3,3),(141,64,27,1,'count',9,'2007-06-08 11:35:24','2007-06-08 19:58:10',3,'each',3,3),(142,64,37,0,'min',9,'2007-06-08 11:35:24','2007-06-08 19:58:10',3,'s',3,3),(143,65,27,1,'count',9,'2007-06-08 11:35:24','2007-06-08 19:58:10',3,'each',3,3),(144,65,37,0,'min',9,'2007-06-08 11:35:24','2007-06-08 19:58:10',3,'s',3,3),(145,66,27,1,'count',9,'2007-06-08 11:35:24','2007-06-08 19:58:10',3,'each',3,3),(146,66,37,0,'min',9,'2007-06-08 11:35:24','2007-06-08 19:58:11',3,'s',3,3),(147,67,27,1,'count',9,'2007-06-08 11:35:24','2007-06-08 19:58:11',3,'each',3,3),(148,67,37,0,'min',9,'2007-06-08 11:35:24','2007-06-08 19:58:11',3,'s',3,3),(149,68,27,1,'count',9,'2007-06-08 11:35:24','2007-06-08 19:58:11',3,'each',3,3),(150,68,37,0,'min',9,'2007-06-08 11:35:24','2007-06-08 19:58:11',3,'s',3,3),(151,69,27,1,'count',9,'2007-06-08 11:35:24','2007-06-08 19:58:11',3,'each',3,3),(152,69,37,0,'min',9,'2007-06-08 11:35:24','2007-06-08 19:58:11',3,'s',3,3),(153,70,27,1,'count',9,'2007-06-08 11:35:24','2007-06-08 19:58:11',3,'each',3,3),(154,70,37,0,'min',9,'2007-06-08 11:35:24','2007-06-08 19:58:11',3,'s',3,3),(155,71,27,1,'count',9,'2007-06-08 11:35:25','2007-06-08 19:58:11',3,'each',3,3),(156,71,37,0,'min',9,'2007-06-08 11:35:25','2007-06-08 19:58:11',3,'s',3,3),(157,72,27,1,'count',9,'2007-06-08 11:35:25','2007-06-08 19:58:11',3,'each',3,3),(158,72,37,0,'min',9,'2007-06-08 11:35:25','2007-06-08 19:58:11',3,'s',3,3),(159,41,37,0,'min',9,'2007-06-08 11:35:25','2007-06-08 19:58:12',3,'s',3,3),(160,57,28,1,'',2,'2007-06-08 19:34:58','2007-06-08 19:58:09',3,'',3,3),(161,58,28,2,'',2,'2007-06-08 19:34:58','2007-06-08 19:58:10',3,'',3,3),(162,59,28,4,'',2,'2007-06-08 19:34:59','2007-06-08 19:58:10',3,'',3,3),(163,60,28,8,'',2,'2007-06-08 19:34:59','2007-06-08 19:58:10',3,'',3,3),(164,61,28,16,'',2,'2007-06-08 19:34:59','2007-06-08 19:58:10',3,'',3,3),(165,62,28,32,'',2,'2007-06-08 19:34:59','2007-06-08 19:58:10',3,'',3,3),(166,63,28,64,'',2,'2007-06-08 19:34:59','2007-06-08 19:58:10',3,'',3,3),(167,64,28,128,'',2,'2007-06-08 19:34:59','2007-06-08 19:58:10',3,'',3,3),(168,65,28,256,'',2,'2007-06-08 19:34:59','2007-06-08 19:58:10',3,'',3,3),(169,66,28,512,'',2,'2007-06-08 19:34:59','2007-06-08 19:58:11',3,'',3,3),(170,67,28,1024,'',2,'2007-06-08 19:34:59','2007-06-08 19:58:11',3,'',3,3),(171,68,28,2048,'',2,'2007-06-08 19:34:59','2007-06-08 19:58:11',3,'',3,3),(172,69,28,4096,'',2,'2007-06-08 19:35:00','2007-06-08 19:58:11',3,'',3,3),(173,70,28,8192,'',2,'2007-06-08 19:35:00','2007-06-08 19:58:11',3,'',3,3),(174,71,28,16384,'',2,'2007-06-08 19:35:00','2007-06-08 19:58:11',3,'',3,3),(175,72,28,32768,'',1,'2007-06-08 19:35:00','2007-06-08 19:35:52',3,'',3,3),(176,57,36,0.01,'%',0,'2007-06-08 19:58:09','2007-06-08 19:58:09',3,'',3,3),(177,58,36,0.02,'%',0,'2007-06-08 19:58:10','2007-06-08 19:58:10',3,'',3,3),(178,59,36,0.03,'%',0,'2007-06-08 19:58:10','2007-06-08 19:58:10',3,'',3,3),(179,60,36,0.04,'%',0,'2007-06-08 19:58:10','2007-06-08 19:58:10',3,'',3,3),(180,61,36,0.34,'%',0,'2007-06-08 19:58:10','2007-06-08 19:58:10',3,'',3,3),(181,62,36,0.56,'%',0,'2007-06-08 19:58:10','2007-06-08 19:58:10',3,'',3,3),(182,63,36,0.78,'%',0,'2007-06-08 19:58:10','2007-06-08 19:58:10',3,'',3,3),(183,64,36,0.89,'%',0,'2007-06-08 19:58:10','2007-06-08 19:58:10',3,'',3,3),(184,65,36,0.95,'%',0,'2007-06-08 19:58:10','2007-06-08 19:58:10',3,'',3,3),(185,66,36,0.96,'%',0,'2007-06-08 19:58:11','2007-06-08 19:58:11',3,'',3,3),(186,67,36,0.97,'%',0,'2007-06-08 19:58:11','2007-06-08 19:58:11',3,'',3,3),(187,68,36,0.98,'%',0,'2007-06-08 19:58:11','2007-06-08 19:58:11',3,'',3,3),(188,69,36,0.99,'%',0,'2007-06-08 19:58:11','2007-06-08 19:58:11',3,'',3,3),(189,70,36,0.99,'%',0,'2007-06-08 19:58:11','2007-06-08 19:58:11',3,'',3,3),(190,71,36,0.99,'%',0,'2007-06-08 19:58:11','2007-06-08 19:58:11',3,'',3,3);
/*!40000 ALTER TABLE `task_values` ENABLE KEYS */;

--
-- Table structure for table `tasks`
--

DROP TABLE IF EXISTS `tasks`;
CREATE TABLE `tasks` (
  `id` int(11) NOT NULL auto_increment,
  `name` varchar(128) NOT NULL default '',
  `description` text,
  `experiment_id` int(11) NOT NULL,
  `protocol_version_id` int(11) NOT NULL,
  `status_id` int(11) NOT NULL default '0',
  `is_milestone` tinyint(1) default NULL,
  `priority_id` int(11) default NULL,
  `started_at` datetime default NULL,
  `ended_at` datetime default NULL,
  `expected_hours` float default NULL,
  `done_hours` float default NULL,
  `lock_version` int(11) NOT NULL default '0',
  `created_at` datetime NOT NULL,
  `updated_at` datetime NOT NULL,
  `study_protocol_id` int(11) default NULL,
  `project_id` int(11) NOT NULL,
  `updated_by_user_id` int(11) NOT NULL default '1',
  `created_by_user_id` int(11) NOT NULL default '1',
  `assigned_to_user_id` int(11) default '1',
  `expected_at` datetime default NULL,
  PRIMARY KEY  (`id`),
  KEY `tasks_name_index` (`name`),
  KEY `tasks_experiment_id_index` (`experiment_id`),
  KEY `tasks_process_instance_id_index` (`protocol_version_id`),
  KEY `tasks_study_protocol_id_index` (`study_protocol_id`),
  KEY `tasks_start_date_index` (`started_at`),
  KEY `tasks_end_date_index` (`ended_at`)
) ENGINE=InnoDB DEFAULT CHARSET=latin1;

--
-- Dumping data for table `tasks`
--


/*!40000 ALTER TABLE `tasks` DISABLE KEYS */;
INSERT INTO `tasks` VALUES (1,'rjs-296-0',' Task in experiment rjs-296 ',1,3,3,NULL,NULL,'2007-06-07 00:00:00','2007-06-08 00:00:00',1,0,0,'2007-06-07 15:16:58','2007-06-07 15:16:58',3,13,3,3,3,NULL),(2,'rjs-296-1',' Task in experiment rjs-296 ',1,4,0,NULL,NULL,'2007-06-09 00:00:00','2007-06-23 00:00:00',1,0,0,'2007-06-08 10:59:16','2007-06-08 10:59:16',3,13,3,3,3,NULL),(3,'rjs-296-2',' Task in experiment rjs-296 ',1,5,0,NULL,NULL,'2007-06-14 00:00:00','2007-06-13 00:00:00',1,0,9,'2007-06-08 11:04:28','2007-06-08 19:58:09',3,13,3,3,3,NULL);
/*!40000 ALTER TABLE `tasks` ENABLE KEYS */;

--
-- Table structure for table `tmp_data`
--

DROP TABLE IF EXISTS `tmp_data`;
CREATE TABLE `tmp_data` (
  `id` int(10) unsigned NOT NULL auto_increment,
  PRIMARY KEY  (`id`)
) ENGINE=InnoDB DEFAULT CHARSET=latin1;

--
-- Dumping data for table `tmp_data`
--


/*!40000 ALTER TABLE `tmp_data` DISABLE KEYS */;
/*!40000 ALTER TABLE `tmp_data` ENABLE KEYS */;

--
-- Table structure for table `treatment_groups`
--

DROP TABLE IF EXISTS `treatment_groups`;
CREATE TABLE `treatment_groups` (
  `id` int(11) NOT NULL auto_increment,
  `name` varchar(128) NOT NULL default '',
  `description` text,
  `study_id` int(11) default NULL,
  `experiment_id` int(11) default NULL,
  `lock_version` int(11) NOT NULL default '0',
  `created_at` datetime NOT NULL,
  `updated_at` datetime NOT NULL,
  `updated_by_user_id` int(11) NOT NULL default '1',
  `created_by_user_id` int(11) NOT NULL default '1',
  PRIMARY KEY  (`id`)
) ENGINE=InnoDB DEFAULT CHARSET=latin1;

--
-- Dumping data for table `treatment_groups`
--


/*!40000 ALTER TABLE `treatment_groups` DISABLE KEYS */;
INSERT INTO `treatment_groups` VALUES (1,'GroupA','Grtopu',NULL,NULL,0,'2006-12-18 22:44:04','2006-12-18 22:44:04',1,1),(2,'GroupB','B',NULL,NULL,0,'2006-12-18 22:44:22','2006-12-18 22:44:22',1,1);
/*!40000 ALTER TABLE `treatment_groups` ENABLE KEYS */;

--
-- Table structure for table `treatment_items`
--

DROP TABLE IF EXISTS `treatment_items`;
CREATE TABLE `treatment_items` (
  `id` int(11) NOT NULL auto_increment,
  `treatment_group_id` int(11) NOT NULL,
  `subject_type` varchar(255) NOT NULL,
  `subject_id` int(11) NOT NULL,
  `sequence_order` int(11) NOT NULL,
  PRIMARY KEY  (`id`)
) ENGINE=InnoDB DEFAULT CHARSET=latin1;

--
-- Dumping data for table `treatment_items`
--


/*!40000 ALTER TABLE `treatment_items` DISABLE KEYS */;
/*!40000 ALTER TABLE `treatment_items` ENABLE KEYS */;

--
-- Table structure for table `user_settings`
--

DROP TABLE IF EXISTS `user_settings`;
CREATE TABLE `user_settings` (
  `id` int(11) NOT NULL auto_increment,
  `name` varchar(30) NOT NULL default '',
  `description` varchar(255) NOT NULL default '',
  `value` varchar(255) NOT NULL default '0',
  `created_at` datetime NOT NULL,
  `updated_at` datetime NOT NULL,
  `updated_by_user_id` int(11) NOT NULL default '1',
  `created_by_user_id` int(11) NOT NULL default '1',
  PRIMARY KEY  (`id`)
) ENGINE=InnoDB DEFAULT CHARSET=latin1;

--
-- Dumping data for table `user_settings`
--


/*!40000 ALTER TABLE `user_settings` DISABLE KEYS */;
/*!40000 ALTER TABLE `user_settings` ENABLE KEYS */;

--
-- Table structure for table `users`
--

DROP TABLE IF EXISTS `users`;
CREATE TABLE `users` (
  `id` int(11) NOT NULL auto_increment,
  `name` varchar(255) NOT NULL,
  `password_hash` varchar(40) default NULL,
  `role_id` int(11) NOT NULL,
  `password_salt` varchar(255) default NULL,
  `fullname` varchar(255) default NULL,
  `email` varchar(255) default NULL,
  `login` varchar(40) default NULL,
  `activation_code` varchar(40) default NULL,
  `state_id` int(11) default NULL,
  `activated_at` datetime default NULL,
  `token` varchar(255) default NULL,
  `token_expires_at` datetime default NULL,
  `filter` varchar(255) default NULL,
  `admin` tinyint(1) default '0',
  `created_at` datetime default NULL,
  `updated_at` datetime default NULL,
  `deleted_at` datetime default NULL,
  `created_by_user_id` int(11) NOT NULL default '1',
  `updated_by_user_id` int(11) NOT NULL default '1',
  PRIMARY KEY  (`id`),
  KEY `fk_user_role_id` (`role_id`)
) ENGINE=InnoDB DEFAULT CHARSET=latin1;

--
-- Dumping data for table `users`
--


/*!40000 ALTER TABLE `users` DISABLE KEYS */;
INSERT INTO `users` VALUES (1,'guest','cebc21d4c7bcef9624474cda20ebb609e4c2779f',7,NULL,NULL,NULL,'guest',NULL,NULL,NULL,NULL,NULL,NULL,0,NULL,NULL,NULL,1,1),(2,'admin','38591e7d32f1a68f4b6977d7026a2031f4d7d6ec',3,'314033922d5fd52b653ee385d9682e9b2bfbff0b',NULL,NULL,'admin',NULL,NULL,NULL,NULL,NULL,NULL,1,NULL,'2007-04-18 12:54:44',NULL,1,1),(3,'rshell','e7c2941bbbbec9c14c774e0522d0e18b754f4b69',3,'4f977405c4c4ca36165fd6bb5f99bc26b9fbaa09','','','rshell',NULL,NULL,NULL,NULL,NULL,NULL,1,NULL,'2007-05-26 10:13:38',NULL,1,3),(4,'thawkins','d84e5ddda8a7eef03dd5e4934ede87d1a1758a96',3,NULL,NULL,NULL,'thawkins',NULL,NULL,NULL,NULL,NULL,NULL,0,NULL,NULL,NULL,1,1),(6,'alemon','773418797bbc217fa520ba98f090227cd0b74b18',3,NULL,NULL,NULL,'alemon',NULL,NULL,NULL,NULL,NULL,NULL,0,NULL,NULL,NULL,1,1),(7,'ewallace','cdfcc3ace3be12baddddf8ace44be64f992d3887',3,'745025c931ef3349548997790985f0b2cf4f6dd4','Emma Wallace','test@test','ewallace',NULL,NULL,NULL,NULL,NULL,NULL,0,'2007-04-18 15:30:13','2007-04-18 15:30:13',NULL,1,1),(8,'amember','e71497f06f6dba6a3f50932146732c510fab17ed',7,'9c432e83097c4c00014fa3b1e31026cd6040132b','A.Member','dddd','member',NULL,NULL,NULL,NULL,NULL,NULL,0,'2007-05-30 14:17:29','2007-05-30 14:17:29',NULL,3,3),(9,'demo1','4b2e6eed98f2af38184a5986144c39650abe907a',7,'fd5fc858572324f3aef01fb01492f113dec1707f','Demo1 user a simple member','demo1@localhost','demo1',NULL,NULL,NULL,NULL,NULL,NULL,0,'2007-06-06 18:16:18','2007-06-06 18:16:18',NULL,3,3);
/*!40000 ALTER TABLE `users` ENABLE KEYS */;

--
-- View structure for view `compound_results`
--

/*!50001 DROP TABLE IF EXISTS `compound_results`*/;
/*!50001 DROP VIEW IF EXISTS `compound_results`*/;
/*!50001 CREATE ALGORITHM=UNDEFINED */
/*!50013 DEFINER=`biorails`@`localhost` SQL SECURITY DEFINER */
/*!50001 VIEW `compound_results` AS select `ti`.`id` AS `id`,`tc`.`row_no` AS `row_no`,`p`.`column_no` AS `column_no`,`tc`.`task_id` AS `task_id`,`p`.`parameter_context_id` AS `parameter_context_id`,`tr`.`task_context_id` AS `task_context_id`,`tr`.`data_element_id` AS `data_element_id`,`tr`.`parameter_id` AS `compound_parameter_id`,`tr`.`data_id` AS `compound_id`,`tr`.`data_name` AS `compound_name`,`pc`.`protocol_version_id` AS `protocol_version_id`,`pc`.`label` AS `label`,`tc`.`label` AS `row_label`,`ti`.`parameter_id` AS `parameter_id`,`p`.`name` AS `parameter_name`,`ti`.`data_value` AS `data_value`,`ti`.`created_by_user_id` AS `created_by_user_id`,`ti`.`created_at` AS `created_at`,`ti`.`updated_by_user_id` AS `updated_by_user_id`,`ti`.`updated_at` AS `updated_at` from ((((`parameter_contexts` `pc` join `parameters` `p`) join `task_contexts` `tc`) join `task_references` `tr`) join `task_values` `ti`) where ((`tc`.`id` = `tr`.`task_context_id`) and (`ti`.`task_context_id` = `tc`.`id`) and (`p`.`id` = `ti`.`parameter_id`) and (`pc`.`id` = `tc`.`parameter_context_id`) and (`tr`.`data_type` = _latin1'Compound')) */;

--
-- View structure for view `experiment_statistics`
--

/*!50001 DROP TABLE IF EXISTS `experiment_statistics`*/;
/*!50001 DROP VIEW IF EXISTS `experiment_statistics`*/;
/*!50001 CREATE ALGORITHM=UNDEFINED */
/*!50013 DEFINER=`biorails`@`localhost` SQL SECURITY DEFINER */
/*!50001 VIEW `experiment_statistics` AS select ((`t`.`experiment_id` * 1000000) + `p`.`study_parameter_id`) AS `id`,`t`.`experiment_id` AS `experiment_id`,`p`.`study_parameter_id` AS `study_parameter_id`,`p`.`parameter_role_id` AS `parameter_role_id`,`p`.`parameter_type_id` AS `parameter_type_id`,`p`.`data_type_id` AS `data_type_id`,avg(`r`.`data_value`) AS `avg_values`,std(`r`.`data_value`) AS `stddev_values`,count(`r`.`data_value`) AS `num_values`,count(distinct `r`.`data_value`) AS `num_unique`,max(`r`.`data_value`) AS `max_values`,min(`r`.`data_value`) AS `min_values` from ((`task_values` `r` join `parameters` `p`) join `tasks` `t`) where ((`p`.`id` = `r`.`parameter_id`) and (`t`.`id` = `r`.`task_id`) and (`p`.`study_parameter_id` is not null)) group by `t`.`experiment_id`,`p`.`parameter_role_id`,`p`.`parameter_type_id`,`p`.`data_type_id`,`p`.`study_parameter_id` union select ((`t`.`experiment_id` * 1000000) + `p`.`study_parameter_id`) AS `id`,`t`.`experiment_id` AS `experiment_id`,`p`.`study_parameter_id` AS `study_parameter_id`,`p`.`parameter_role_id` AS `parameter_role_id`,`p`.`parameter_type_id` AS `parameter_type_id`,`p`.`data_type_id` AS `data_type_id`,sum(NULL) AS `avg_values`,sum(NULL) AS `stddev_values`,count(`r`.`id`) AS `num_values`,count(distinct `r`.`data_content`) AS `num_unique`,sum(NULL) AS `max_values`,sum(NULL) AS `min_values` from ((`task_texts` `r` join `parameters` `p`) join `tasks` `t`) where ((`p`.`id` = `r`.`parameter_id`) and (`p`.`study_parameter_id` is not null) and (`t`.`id` = `r`.`task_id`)) group by `t`.`experiment_id`,`p`.`parameter_role_id`,`p`.`parameter_type_id`,`p`.`data_type_id`,`p`.`study_parameter_id` union select ((`t`.`experiment_id` * 1000000) + `p`.`study_parameter_id`) AS `id`,`t`.`experiment_id` AS `experiment_id`,`p`.`study_parameter_id` AS `study_parameter_id`,`p`.`parameter_role_id` AS `parameter_role_id`,`p`.`parameter_type_id` AS `parameter_type_id`,`p`.`data_type_id` AS `data_type_id`,sum(NULL) AS `avg_values`,sum(NULL) AS `stddev_values`,count(`r`.`id`) AS `num_values`,count(distinct `r`.`data_name`) AS `num_unique`,max(`r`.`data_id`) AS `max_values`,min(`r`.`data_id`) AS `min_values` from ((`task_references` `r` join `parameters` `p`) join `tasks` `t`) where ((`p`.`id` = `r`.`parameter_id`) and (`p`.`study_parameter_id` is not null) and (`t`.`id` = `r`.`task_id`)) group by `t`.`experiment_id`,`p`.`parameter_role_id`,`p`.`parameter_type_id`,`p`.`data_type_id`,`p`.`study_parameter_id` */;

--
-- View structure for view `process_statistics`
--

/*!50001 DROP TABLE IF EXISTS `process_statistics`*/;
/*!50001 DROP VIEW IF EXISTS `process_statistics`*/;
/*!50001 CREATE ALGORITHM=UNDEFINED */
/*!50013 DEFINER=`biorails`@`localhost` SQL SECURITY DEFINER */
/*!50001 VIEW `process_statistics` AS select `p`.`id` AS `id`,`p`.`study_parameter_id` AS `study_parameter_id`,`p`.`protocol_version_id` AS `protocol_version_id`,`r`.`parameter_id` AS `parameter_id`,`p`.`parameter_role_id` AS `parameter_role_id`,`p`.`parameter_type_id` AS `parameter_type_id`,avg(`r`.`data_value`) AS `avg_values`,std(`r`.`data_value`) AS `stddev_values`,count(`r`.`data_value`) AS `num_values`,count(distinct `r`.`data_value`) AS `num_unique`,max(`r`.`data_value`) AS `max_values`,min(`r`.`data_value`) AS `min_values` from (`task_values` `r` join `parameters` `p`) where (`p`.`id` = `r`.`parameter_id`) group by `p`.`study_parameter_id`,`p`.`protocol_version_id`,`r`.`parameter_id`,`p`.`id` union select `p`.`id` AS `id`,`p`.`study_parameter_id` AS `study_parameter_id`,`p`.`protocol_version_id` AS `protocol_version_id`,`r`.`parameter_id` AS `parameter_id`,`p`.`parameter_role_id` AS `parameter_role_id`,`p`.`parameter_type_id` AS `parameter_type_id`,sum(NULL) AS `avg_values`,sum(NULL) AS `stddev_values`,count(`r`.`id`) AS `num_values`,count(distinct `r`.`data_content`) AS `num_unique`,sum(NULL) AS `max_values`,sum(NULL) AS `min_values` from (`task_texts` `r` join `parameters` `p`) where (`p`.`id` = `r`.`parameter_id`) group by `p`.`study_parameter_id`,`p`.`protocol_version_id`,`r`.`parameter_id`,`p`.`id` union select `p`.`id` AS `id`,`p`.`study_parameter_id` AS `study_parameter_id`,`p`.`protocol_version_id` AS `protocol_version_id`,`r`.`parameter_id` AS `parameter_id`,`p`.`parameter_role_id` AS `parameter_role_id`,`p`.`parameter_type_id` AS `parameter_type_id`,sum(NULL) AS `avg_values`,sum(NULL) AS `stddev_values`,count(`r`.`id`) AS `num_values`,count(distinct `r`.`data_name`) AS `num_unique`,max(`r`.`data_id`) AS `max_values`,min(`r`.`data_id`) AS `min_values` from (`task_references` `r` join `parameters` `p`) where (`p`.`id` = `r`.`parameter_id`) group by `p`.`study_parameter_id`,`p`.`protocol_version_id`,`r`.`parameter_id`,`p`.`id` */;

--
-- View structure for view `queue_results`
--

/*!50001 DROP TABLE IF EXISTS `queue_results`*/;
/*!50001 DROP VIEW IF EXISTS `queue_results`*/;
/*!50001 CREATE ALGORITHM=UNDEFINED */
/*!50013 DEFINER=`root`@`192.168.1.131` SQL SECURITY DEFINER */
/*!50001 VIEW `queue_results` AS select `ti`.`id` AS `id`,`tc`.`row_no` AS `row_no`,`p`.`column_no` AS `column_no`,`tc`.`task_id` AS `task_id`,`qi`.`id` AS `queue_item_id`,`qi`.`request_service_id` AS `request_service_id`,`qi`.`study_queue_id` AS `study_queue_id`,`qi`.`requested_by_user_id` AS `requested_by_user_id`,`qi`.`assigned_to_user_id` AS `assigned_to_user_id`,`p`.`parameter_context_id` AS `parameter_context_id`,`tr`.`task_context_id` AS `task_context_id`,`tr`.`parameter_id` AS `reference_parameter_id`,`tr`.`data_element_id` AS `data_element_id`,`tr`.`data_type` AS `data_type`,`tr`.`data_id` AS `data_id`,`tr`.`data_name` AS `subject`,`ti`.`parameter_id` AS `parameter_id`,`pc`.`protocol_version_id` AS `protocol_version_id`,`pc`.`label` AS `label`,`tc`.`label` AS `row_label`,`p`.`name` AS `parameter_name`,`ti`.`data_content` AS `data_value`,`ti`.`created_by_user_id` AS `created_by_user_id`,`ti`.`created_at` AS `created_at`,`ti`.`updated_by_user_id` AS `updated_by_user_id`,`ti`.`updated_at` AS `updated_at` from (((((`parameter_contexts` `pc` join `parameters` `p`) join `task_contexts` `tc`) join `task_references` `tr`) join `task_texts` `ti`) join `queue_items` `qi`) where ((`tc`.`id` = `tr`.`task_context_id`) and (`ti`.`task_context_id` = `tc`.`id`) and (`p`.`id` = `ti`.`parameter_id`) and (`pc`.`id` = `tc`.`parameter_context_id`) and (`qi`.`task_id` = `tr`.`task_id`) and (`qi`.`data_id` = `tr`.`data_id`) and (`qi`.`data_type` = `tr`.`data_type`) and (`qi`.`data_name` = `tr`.`data_name`)) union select `ti`.`id` AS `id`,`tc`.`row_no` AS `row_no`,`p`.`column_no` AS `column_no`,`tc`.`task_id` AS `task_id`,`qi`.`id` AS `queue_item_id`,`qi`.`request_service_id` AS `request_service_id`,`qi`.`study_queue_id` AS `study_queue_id`,`qi`.`requested_by_user_id` AS `requested_by_user_id`,`qi`.`assigned_to_user_id` AS `assigned_to_user_id`,`p`.`parameter_context_id` AS `parameter_context_id`,`tr`.`task_context_id` AS `task_context_id`,`tr`.`parameter_id` AS `reference_parameter_id`,`tr`.`data_element_id` AS `data_element_id`,`tr`.`data_type` AS `data_type`,`tr`.`data_id` AS `data_id`,`tr`.`data_name` AS `subject`,`ti`.`parameter_id` AS `parameter_id`,`pc`.`protocol_version_id` AS `protocol_version_id`,`pc`.`label` AS `label`,`tc`.`label` AS `row_label`,`p`.`name` AS `parameter_name`,`ti`.`data_value` AS `data_value`,`ti`.`created_by_user_id` AS `created_by_user_id`,`ti`.`created_at` AS `created_at`,`ti`.`updated_by_user_id` AS `updated_by_user_id`,`ti`.`updated_at` AS `updated_at` from (((((`parameter_contexts` `pc` join `parameters` `p`) join `task_contexts` `tc`) join `task_references` `tr`) join `task_values` `ti`) join `queue_items` `qi`) where ((`tc`.`id` = `tr`.`task_context_id`) and (`ti`.`task_context_id` = `tc`.`id`) and (`p`.`id` = `ti`.`parameter_id`) and (`pc`.`id` = `tc`.`parameter_context_id`) and (`qi`.`task_id` = `tr`.`task_id`) and (`qi`.`data_id` = `tr`.`data_id`) and (`qi`.`data_type` = `tr`.`data_type`) and (`qi`.`data_name` = `tr`.`data_name`)) */;

--
-- View structure for view `study_statistics`
--

/*!50001 DROP TABLE IF EXISTS `study_statistics`*/;
/*!50001 DROP VIEW IF EXISTS `study_statistics`*/;
/*!50001 CREATE ALGORITHM=UNDEFINED */
/*!50013 DEFINER=`biorails`@`localhost` SQL SECURITY DEFINER */
/*!50001 VIEW `study_statistics` AS select `p`.`study_parameter_id` AS `id`,`e`.`study_id` AS `study_id`,`p`.`parameter_role_id` AS `parameter_role_id`,`p`.`parameter_type_id` AS `parameter_type_id`,`p`.`data_type_id` AS `data_type_id`,avg(`r`.`data_value`) AS `avg_values`,std(`r`.`data_value`) AS `stddev_values`,count(`r`.`data_value`) AS `num_values`,count(distinct `r`.`data_value`) AS `num_unique`,max(`r`.`data_value`) AS `max_values`,min(`r`.`data_value`) AS `min_values` from (((`task_values` `r` join `parameters` `p`) join `tasks` `t`) join `experiments` `e`) where ((`p`.`id` = `r`.`parameter_id`) and (`t`.`id` = `r`.`task_id`) and (`e`.`id` = `t`.`experiment_id`) and (`p`.`study_parameter_id` is not null)) group by `e`.`study_id`,`p`.`parameter_role_id`,`p`.`parameter_type_id`,`p`.`study_parameter_id` union select `p`.`study_parameter_id` AS `id`,`e`.`study_id` AS `study_id`,`p`.`parameter_role_id` AS `parameter_role_id`,`p`.`parameter_type_id` AS `parameter_type_id`,`p`.`data_type_id` AS `data_type_id`,sum(NULL) AS `avg_values`,sum(NULL) AS `stddev_values`,count(`r`.`id`) AS `num_values`,count(distinct `r`.`data_content`) AS `num_unique`,sum(NULL) AS `max_values`,sum(NULL) AS `min_values` from (((`task_texts` `r` join `parameters` `p`) join `tasks` `t`) join `experiments` `e`) where ((`p`.`id` = `r`.`parameter_id`) and (`t`.`id` = `r`.`task_id`) and (`e`.`id` = `t`.`experiment_id`) and (`p`.`study_parameter_id` is not null)) group by `e`.`study_id`,`p`.`parameter_role_id`,`p`.`parameter_type_id`,`p`.`study_parameter_id` union select `p`.`study_parameter_id` AS `id`,`e`.`study_id` AS `study_id`,`p`.`parameter_role_id` AS `parameter_role_id`,`p`.`parameter_type_id` AS `parameter_type_id`,`p`.`data_type_id` AS `data_type_id`,sum(NULL) AS `avg_values`,sum(NULL) AS `stddev_values`,count(`r`.`id`) AS `num_values`,count(distinct `r`.`data_name`) AS `num_unique`,max(`r`.`data_id`) AS `max_values`,min(`r`.`data_id`) AS `min_values` from (((`task_references` `r` join `parameters` `p`) join `tasks` `t`) join `experiments` `e`) where ((`p`.`id` = `r`.`parameter_id`) and (`t`.`id` = `r`.`task_id`) and (`e`.`id` = `t`.`experiment_id`) and (`p`.`study_parameter_id` is not null)) group by `e`.`study_id`,`p`.`parameter_role_id`,`p`.`parameter_type_id`,`p`.`study_parameter_id` */;

--
-- View structure for view `task_result_texts`
--

/*!50001 DROP TABLE IF EXISTS `task_result_texts`*/;
/*!50001 DROP VIEW IF EXISTS `task_result_texts`*/;
/*!50001 CREATE ALGORITHM=UNDEFINED */
/*!50013 DEFINER=`biorails`@`localhost` SQL SECURITY DEFINER */
/*!50001 VIEW `task_result_texts` AS select `ti`.`id` AS `id`,`tc`.`row_no` AS `row_no`,`p`.`column_no` AS `column_no`,`tc`.`task_id` AS `task_id`,`p`.`parameter_context_id` AS `parameter_context_id`,`tr`.`task_context_id` AS `task_context_id`,`tr`.`parameter_id` AS `reference_parameter_id`,`tr`.`data_element_id` AS `data_element_id`,`tr`.`data_type` AS `data_type`,`tr`.`data_id` AS `data_id`,`tr`.`data_name` AS `subject`,`ti`.`parameter_id` AS `parameter_id`,`pc`.`protocol_version_id` AS `protocol_version_id`,`pc`.`label` AS `label`,`tc`.`label` AS `row_label`,`p`.`name` AS `parameter_name`,`ti`.`data_content` AS `data_value`,`ti`.`created_by_user_id` AS `created_by_user_id`,`ti`.`created_at` AS `created_at`,`ti`.`updated_by_user_id` AS `updated_by_user_id`,`ti`.`updated_at` AS `updated_at` from ((((`parameter_contexts` `pc` join `parameters` `p`) join `task_contexts` `tc`) join `task_references` `tr`) join `task_texts` `ti`) where ((`tc`.`id` = `tr`.`task_context_id`) and (`ti`.`task_context_id` = `tc`.`id`) and (`p`.`id` = `ti`.`parameter_id`) and (`pc`.`id` = `tc`.`parameter_context_id`)) */;

--
-- View structure for view `task_result_values`
--

/*!50001 DROP TABLE IF EXISTS `task_result_values`*/;
/*!50001 DROP VIEW IF EXISTS `task_result_values`*/;
/*!50001 CREATE ALGORITHM=UNDEFINED */
/*!50013 DEFINER=`root`@`localhost` SQL SECURITY DEFINER */
/*!50001 VIEW `task_result_values` AS select `ti`.`id` AS `id`,`tc`.`row_no` AS `row_no`,`p`.`column_no` AS `column_no`,`tc`.`task_id` AS `task_id`,`p`.`parameter_context_id` AS `parameter_context_id`,`tr`.`task_context_id` AS `task_context_id`,`tr`.`parameter_id` AS `reference_parameter_id`,`tr`.`data_element_id` AS `data_element_id`,`tr`.`data_type` AS `data_type`,`tr`.`data_id` AS `data_id`,`tr`.`data_name` AS `subject`,`ti`.`parameter_id` AS `parameter_id`,`pc`.`protocol_version_id` AS `protocol_version_id`,`pc`.`label` AS `label`,`tc`.`label` AS `row_label`,`p`.`name` AS `parameter_name`,`ti`.`data_value` AS `data_value`,`ti`.`created_by_user_id` AS `created_by_user_id`,`ti`.`created_at` AS `created_at`,`ti`.`updated_by_user_id` AS `updated_by_user_id`,`ti`.`updated_at` AS `updated_at` from ((((`parameter_contexts` `pc` join `parameters` `p`) join `task_contexts` `tc`) join `task_references` `tr`) join `task_values` `ti`) where ((`tc`.`id` = `tr`.`task_context_id`) and (`ti`.`task_context_id` = `tc`.`id`) and (`p`.`id` = `ti`.`parameter_id`) and (`pc`.`id` = `tc`.`parameter_context_id`)) */;

--
-- View structure for view `task_results`
--

/*!50001 DROP TABLE IF EXISTS `task_results`*/;
/*!50001 DROP VIEW IF EXISTS `task_results`*/;
/*!50001 CREATE ALGORITHM=UNDEFINED */
/*!50013 DEFINER=`biorails`@`localhost` SQL SECURITY DEFINER */
/*!50001 VIEW `task_results` AS select `ti`.`id` AS `id`,`pc`.`protocol_version_id` AS `protocol_version_id`,`pc`.`id` AS `parameter_context_id`,`pc`.`label` AS `label`,`tc`.`label` AS `row_label`,`tc`.`row_no` AS `row_no`,`p`.`column_no` AS `column_no`,`tc`.`task_id` AS `task_id`,`ti`.`parameter_id` AS `parameter_id`,`p`.`name` AS `parameter_name`,`ti`.`data_value` AS `data_value`,`ti`.`created_by_user_id` AS `created_by_user_id`,`ti`.`created_at` AS `created_at`,`ti`.`updated_by_user_id` AS `updated_by_user_id`,`ti`.`updated_at` AS `updated_at` from (((`parameter_contexts` `pc` join `parameters` `p`) join `task_contexts` `tc`) join `task_values` `ti`) where ((`ti`.`task_context_id` = `tc`.`id`) and (`p`.`id` = `ti`.`parameter_id`) and (`pc`.`id` = `tc`.`parameter_context_id`)) union select `ti`.`id` AS `id`,`pc`.`protocol_version_id` AS `protocol_version_id`,`pc`.`id` AS `parameter_context_id`,`pc`.`label` AS `label`,`tc`.`label` AS `row_label`,`tc`.`row_no` AS `row_no`,`p`.`column_no` AS `column_no`,`tc`.`task_id` AS `task_id`,`ti`.`parameter_id` AS `parameter_id`,`p`.`name` AS `parameter_name`,`ti`.`data_content` AS `data_value`,`ti`.`created_by_user_id` AS `created_by_user_id`,`ti`.`created_at` AS `created_at`,`ti`.`updated_by_user_id` AS `updated_by`,`ti`.`updated_at` AS `updated_at` from (((`parameter_contexts` `pc` join `parameters` `p`) join `task_contexts` `tc`) join `task_texts` `ti`) where ((`ti`.`task_context_id` = `tc`.`id`) and (`p`.`id` = `ti`.`parameter_id`) and (`pc`.`id` = `tc`.`parameter_context_id`)) union select `ti`.`id` AS `id`,`pc`.`protocol_version_id` AS `protocol_version_id`,`pc`.`id` AS `parameter_context_id`,`pc`.`label` AS `label`,`tc`.`label` AS `row_label`,`tc`.`row_no` AS `row_no`,`p`.`column_no` AS `column_no`,`tc`.`task_id` AS `task_id`,`ti`.`parameter_id` AS `parameter_id`,`p`.`name` AS `parameter_name`,`ti`.`data_content` AS `data_value`,`ti`.`created_by_user_id` AS `created_by_user_id`,`ti`.`created_at` AS `created_at`,`ti`.`updated_by_user_id` AS `updated_by_user_id`,`ti`.`updated_at` AS `updated_at` from (((`parameter_contexts` `pc` join `parameters` `p`) join `task_contexts` `tc`) join `task_texts` `ti`) where ((`ti`.`task_context_id` = `tc`.`id`) and (`p`.`id` = `ti`.`parameter_id`) and (`pc`.`id` = `tc`.`parameter_context_id`)) union select `ti`.`id` AS `id`,`pc`.`protocol_version_id` AS `protocol_version_id`,`pc`.`id` AS `parameter_context_id`,`pc`.`label` AS `label`,`tc`.`label` AS `row_label`,`tc`.`row_no` AS `row_no`,`p`.`column_no` AS `column_no`,`tc`.`task_id` AS `task_id`,`ti`.`parameter_id` AS `parameter_id`,`p`.`name` AS `parameter_name`,`ti`.`data_name` AS `data_value`,`ti`.`created_by_user_id` AS `created_by_user_id`,`ti`.`created_at` AS `created_at`,`ti`.`updated_by_user_id` AS `updated_by_user_id`,`ti`.`updated_at` AS `updated_at` from (((`parameter_contexts` `pc` join `parameters` `p`) join `task_contexts` `tc`) join `task_references` `ti`) where ((`ti`.`task_context_id` = `tc`.`id`) and (`p`.`id` = `ti`.`parameter_id`) and (`pc`.`id` = `tc`.`parameter_context_id`)) */;

--
-- View structure for view `task_statistics`
--

/*!50001 DROP TABLE IF EXISTS `task_statistics`*/;
/*!50001 DROP VIEW IF EXISTS `task_statistics`*/;
/*!50001 CREATE ALGORITHM=UNDEFINED */
/*!50013 DEFINER=`biorails`@`localhost` SQL SECURITY DEFINER */
/*!50001 VIEW `task_statistics` AS select ((`r`.`task_id` * 100000) + `r`.`parameter_id`) AS `id`,`r`.`task_id` AS `task_id`,`r`.`parameter_id` AS `parameter_id`,`p`.`parameter_role_id` AS `parameter_role_id`,`p`.`parameter_type_id` AS `parameter_type_id`,`p`.`data_type_id` AS `data_type_id`,avg(`r`.`data_value`) AS `avg_values`,std(`r`.`data_value`) AS `stddev_values`,count(`r`.`data_value`) AS `num_values`,count(distinct `r`.`data_value`) AS `num_unique`,max(`r`.`data_value`) AS `max_values`,min(`r`.`data_value`) AS `min_values` from (`task_values` `r` join `parameters` `p`) where (`p`.`id` = `r`.`parameter_id`) group by `r`.`task_id`,`p`.`parameter_role_id`,`p`.`parameter_type_id`,`p`.`data_type_id` union select ((`r`.`task_id` * 100000) + `r`.`parameter_id`) AS `id`,`r`.`task_id` AS `task_id`,`r`.`parameter_id` AS `parameter_id`,`p`.`parameter_role_id` AS `parameter_role_id`,`p`.`parameter_type_id` AS `parameter_type_id`,`p`.`data_type_id` AS `data_type_id`,sum(NULL) AS `avg_values`,sum(NULL) AS `stddev_values`,count(`r`.`id`) AS `num_values`,count(distinct `r`.`data_content`) AS `num_unique`,min(`r`.`data_content`) AS `max_values`,max(`r`.`data_content`) AS `min_values` from (`task_texts` `r` join `parameters` `p`) where (`p`.`id` = `r`.`parameter_id`) group by `r`.`task_id`,`p`.`parameter_role_id`,`p`.`parameter_type_id`,`p`.`data_type_id` union select ((`r`.`task_id` * 100000) + `r`.`parameter_id`) AS `id`,`r`.`task_id` AS `task_id`,`r`.`parameter_id` AS `parameter_id`,`p`.`parameter_role_id` AS `parameter_role_id`,`p`.`parameter_type_id` AS `parameter_type_id`,`p`.`data_type_id` AS `data_type_id`,sum(NULL) AS `avg_values`,sum(NULL) AS `stddev_values`,count(`r`.`id`) AS `num_values`,count(distinct `r`.`data_name`) AS `num_unique`,max(`r`.`data_name`) AS `max_values`,min(`r`.`data_name`) AS `min_values` from (`task_references` `r` join `parameters` `p`) where (`p`.`id` = `r`.`parameter_id`) group by `r`.`task_id`,`p`.`parameter_role_id`,`p`.`parameter_type_id`,`p`.`data_type_id` */;

--
-- View structure for view `task_stats1`
--

/*!50001 DROP TABLE IF EXISTS `task_stats1`*/;
/*!50001 DROP VIEW IF EXISTS `task_stats1`*/;
/*!50001 CREATE ALGORITHM=UNDEFINED */
/*!50013 DEFINER=`root`@`localhost` SQL SECURITY DEFINER */
/*!50001 VIEW `task_stats1` AS select `r`.`task_id` AS `task_id`,`p`.`parameter_role_id` AS `parameter_role_id`,`p`.`parameter_type_id` AS `parameter_type_id`,`p`.`data_type_id` AS `data_type_id`,avg(`r`.`data_value`) AS `avg_values`,std(`r`.`data_value`) AS `stddev_values`,count(`r`.`data_value`) AS `num_values`,count(distinct `r`.`data_value`) AS `num_unique`,max(`r`.`data_value`) AS `max_values`,min(`r`.`data_value`) AS `min_values` from (`task_values` `r` join `parameters` `p`) where (`p`.`id` = `r`.`parameter_id`) group by `r`.`task_id`,`p`.`parameter_role_id`,`p`.`parameter_type_id`,`p`.`data_type_id` union select `r`.`task_id` AS `task_id`,`p`.`parameter_role_id` AS `parameter_role_id`,`p`.`parameter_type_id` AS `parameter_type_id`,`p`.`data_type_id` AS `data_type_id`,sum(NULL) AS `avg_values`,sum(NULL) AS `stddev_values`,count(`r`.`id`) AS `num_values`,count(distinct `r`.`data_content`) AS `num_unique`,sum(NULL) AS `max_values`,sum(NULL) AS `min_values` from (`task_texts` `r` join `parameters` `p`) where (`p`.`id` = `r`.`parameter_id`) group by `r`.`task_id`,`p`.`parameter_role_id`,`p`.`parameter_type_id`,`p`.`data_type_id` union select `r`.`task_id` AS `task_id`,`p`.`parameter_role_id` AS `parameter_role_id`,`p`.`parameter_type_id` AS `parameter_type_id`,`p`.`data_type_id` AS `data_type_id`,sum(NULL) AS `avg_values`,sum(NULL) AS `stddev_values`,count(`r`.`id`) AS `num_values`,count(distinct `r`.`data_name`) AS `num_unique`,max(`r`.`data_id`) AS `max_values`,min(`r`.`data_id`) AS `min_values` from (`task_references` `r` join `parameters` `p`) where (`p`.`id` = `r`.`parameter_id`) group by `r`.`task_id`,`p`.`parameter_role_id`,`p`.`parameter_type_id`,`p`.`data_type_id` */;

--
-- View structure for view `task_stats2`
--

/*!50001 DROP TABLE IF EXISTS `task_stats2`*/;
/*!50001 DROP VIEW IF EXISTS `task_stats2`*/;
/*!50001 CREATE ALGORITHM=UNDEFINED */
/*!50013 DEFINER=`root`@`localhost` SQL SECURITY DEFINER */
/*!50001 VIEW `task_stats2` AS select `r`.`task_id` AS `task_id`,`r`.`parameter_id` AS `parameter_id`,avg(`r`.`data_value`) AS `avg_values`,std(`r`.`data_value`) AS `stddev_values`,count(`r`.`data_value`) AS `num_values`,count(distinct `r`.`data_value`) AS `num_unique`,max(`r`.`data_value`) AS `max_values`,min(`r`.`data_value`) AS `min_values` from `task_values` `r` group by `r`.`task_id`,`r`.`parameter_id` union select `r`.`task_id` AS `task_id`,`r`.`parameter_id` AS `parameter_id`,sum(NULL) AS `avg_values`,sum(NULL) AS `stddev_values`,count(`r`.`id`) AS `num_values`,count(distinct `r`.`data_content`) AS `num_unique`,sum(NULL) AS `max_values`,sum(NULL) AS `min_values` from `task_texts` `r` group by `r`.`task_id`,`r`.`parameter_id` union select `r`.`task_id` AS `task_id`,`r`.`parameter_id` AS `parameter_id`,sum(NULL) AS `avg_values`,sum(NULL) AS `stddev_values`,count(`r`.`id`) AS `num_values`,count(distinct `r`.`data_name`) AS `num_unique`,max(`r`.`data_id`) AS `max_values`,min(`r`.`data_id`) AS `min_values` from `task_references` `r` group by `r`.`task_id`,`r`.`parameter_id` */;
/*!40103 SET TIME_ZONE=@OLD_TIME_ZONE */;

/*!40101 SET SQL_MODE=@OLD_SQL_MODE */;
/*!40014 SET FOREIGN_KEY_CHECKS=@OLD_FOREIGN_KEY_CHECKS */;
/*!40014 SET UNIQUE_CHECKS=@OLD_UNIQUE_CHECKS */;
/*!40101 SET CHARACTER_SET_CLIENT=@OLD_CHARACTER_SET_CLIENT */;
/*!40101 SET CHARACTER_SET_RESULTS=@OLD_CHARACTER_SET_RESULTS */;
/*!40101 SET COLLATION_CONNECTION=@OLD_COLLATION_CONNECTION */;
/*!40111 SET SQL_NOTES=@OLD_SQL_NOTES */;

